Item ID,Title
CWC-H-301XLBK,Compatible HP 301XL High Yield Black Inkjet Cartridge (CH563EE)
CWC-B-LC1100BK,Compatible Brother LC-1100BK/LC-980BK Black Inkjet Cartridge
CWC-B-LC1100C,Compatible Brother LC-1100C/LC-980C Cyan Inkjet Cartridge
CWC-B-LC1100M,Compatible Brother LC-1100M/LC-980M Magenta Inkjet Cartridge
CWC-B-LC1100Y,Compatible Brother LC-1100Y/LC-980Y Yellow Inkjet Cartridge
CWC-B-LC123BK,Compatible Brother LC-123BK Black Inkjet Cartridge
CWC-B-LC123C,Compatible Brother LC-123C Cyan Inkjet Cartridge
CWC-B-LC123M,Compatible Brother LC-123M Magenta Inkjet Cartridge
CWC-B-LC123Y,Compatible Brother LC-123Y Yellow Inkjet Cartridge
CWC-B-LC129XLBK,Compatible Brother LC-129XLBK Black Inkjet Cartridge
CWC-B-LC229XLBK,Compatible Brother LC-229XLBK Black Inkjet Cartridge Extra High Capacity
CWC-B-LC985BK,Compatible Brother LC-985BK Black Inkjet Cartridge
CWC-B-LC985C,Compatible Brother LC-985C Cyan Inkjet Cartridge
CWC-B-LC985M,Compatible Brother LC-985M Magenta Inkjet Cartridge
CWC-B-LC985Y,Compatible Brother LC-985Y Yellow Inkjet Cartridge
CWC-B-TN1050,Compatible Brother TN-1050 Black Toner Cartridge
CWC-B-TN2010,Compatible Brother TN-2010 Black Toner
CWC-B-TN2120,Compatible Brother TN-2120 Black Toner Cartridge High Capacity
CWC-B-TN2220,Compatible Brother TN-2220 Black Toner Cartridge High Capacity
CWC-B-TN230BK,Compatible Brother TN-230BK Black Toner
CWC-B-TN230C,Compatible Brother TN-230C Cyan Toner
CWC-B-TN230Y,Compatible Brother TN-230Y Yellow Toner
CWC-B-TN245C,Compatible Brother TN-245C Cyan Toner Cartridge High Capacity
CWC-B-TN245M,Compatible Brother TN-245M Magenta Toner Cartridge High Capacity
CWC-B-TN245Y,Compatible Brother TN-245Y Yellow Toner Cartridge High Capacity CWF-T-TN245Y
CWC-B-TN3170,Compatible Brother TN-3170 Black Toner Cartridge High Capacity
CWC-B-TN3280,Compatible Brother TN-3280 Black Toner Cartridge High Capacity
CWC-B-TN3380,Compatible Brother TN-3380 Black Toner Cartridge High Capacity
CWC-B-LC1240BK,Compatible Brother LC-1240BK Black Inkjet Cartridge High Capacity
CWC-B-LC1240C,Compatible Brother LC-1240C Cyan Inkjet Cartridge High Capacity
CWC-B-LC1240M,Compatible Brother LC-1240M Magenta Inkjet Cartridge High Capacity
CWC-B-LC1240Y,Compatible Brother LC-1240Y Yellow Inkjet Cartridge High Capacity
CWC-B-LC125XLC,Compatible Brother LC-125XLC Cyan Inkjet Cartridge High Capacity
CWC-B-LC125XLM,Compatible Brother LC-125XLM Magenta Inkjet Cartridge High Capacity
CWC-B-LC125XLY,Compatible Brother LC-125XLY Yellow Inkjet Cartridge High Capacity
CWC-B-LC127XLBK,Compatible Brother LC-127XLBK Black Inkjet Cartridge High Capacity
CWC-B-LC1280XLBK,Compatible Brother LC-1280XLBK Black Inkjet Cartridge Extra High Capacity
CWC-B-LC1280XLM,Compatible Brother LC-1280XLM Magenta Inkjet Cartridge Extra High Capacity
CWC-B-LC1280XLY,Compatible Brother LC-1280XLY Yellow Inkjet Cartridge Extra High Capacity
CWC-B-LC970/LC1000BK,Compatible Brother LC-1000BK Black Inkjet Cartridge
CWC-B-LC970/LC1000C,Compatible Brother LC-1000C Cyan Inkjet Cartridge
CWC-B-LC970/LC1000M,Compatible Brother LC-1000M Magenta Inkjet Cartridge
CWC-B-LC970/LC1000Y,Compatible Brother LC-1000Y Yellow Inkjet Cartridge
CWC-B-TN325C,Compatible Brother TN-325C Cyan Toner Cartridge High Capacity
CWC-B-DR2000,Compatible Brother DR-2000 OPC Drum
CWC-B-DR2005,Compatible Brother DR-2005 OPC Drum
CWC-B-DR3000,Compatible Brother DR-3000 OPC Drum
CWC-B-DR3100,Compatible Brother DR-3100 OPC Drum
CWC-B-DR7000,Compatible Brother DR-7000 OPC Drum
CWC-B-TN2000,Compatible Brother TN-2000 Black Toner
CWC-B-TN2005,Compatible Brother TN-2005 Black Toner
CWC-B-TN2110,Compatible Brother TN-2110 Black Toner
CWC-B-TN2210,Compatible Brother TN-2210 Black Toner
CWC-B-TN3030,Compatible Brother TN-3030 Black Toner
CWC-B-TN3060,Compatible Brother TN-3060 Black Toner Cartridge High Capacity
CWC-B-TN3130,Compatible Brother TN-3130 Black Toner
CWC-B-TN3230,Compatible Brother TN-3230 Black Toner
CWC-B-TN326BK,Compatible Brother TN-326BK Black Toner Cartridge High Capacity
CWC-B-TN326C,Compatible Brother TN-326C Cyan Toner Cartridge High Capacity
CWC-B-TN326M,Compatible Brother TN-326M Magenta Toner Cartridge High Capacity
CWC-B-TN326Y,Compatible Brother TN-326Y Yellow Toner Cartridge High Capacity
CWC-B-TN3330,Compatible Brother TN-3330 Black Toner
CWC-B-TN4100,Compatible Brother TN-4100 Black Toner
CWC-B-TN6600,Compatible Brother TN-6600 Black Toner Cartridge High Capacity
CWC-B-TN7600,Compatible Brother TN-7600 Black Toner Cartridge High Capacity
CWC-B-DR320CL,Compatible Brother DR-320CL OPC Drum
CWC-B-DR321CL,Compatible Brother DR-321CL OPC Drum
CWC-B-DR4000,Compatible Brother DR-4000 OPC Drum
CWC-B-DR5500,Compatible Brother DR-5500 OPC Drum
CWC-B-TN2310,Compatible Brother TN-2310 Black Toner
CWC-B-TN242BK,Compatible Brother TN-242BK Black Toner
CWC-B-TN242C,Compatible Brother TN-242C Cyan Toner
CWC-B-TN242M,Compatible Brother TN-242M Magenta Toner
CWC-B-TN242Y,Compatible Brother TN-242Y Yellow Toner
CWC-B-TN246C,Compatible Brother TN-246C Cyan Toner
CWC-B-TN246M,Compatible Brother TN-246M Magenta Toner
CWC-B-TN246Y,Compatible Brother TN-246Y Yellow Toner
CWC-B-TN321BK,Compatible Brother TN-321BK Black Toner
CWC-B-TN321C,Compatible Brother TN-321C Cyan Toner
CWC-B-TN321M,Compatible Brother TN-321M Magenta Toner
CWC-B-TN321Y,Compatible Brother TN-321Y Yellow Toner
CWC-B-TN325BK,Compatible Brother TN-325BK Black Toner Cartridge High Capacity
CWC-B-TN325M,Compatible Brother TN-325M Magenta Toner Cartridge High Capacity
CWC-B-TN325Y,Compatible Brother TN-325Y Yellow Toner Cartridge High Capacity
CWC-B-TN328BK,Compatible Brother TN-328BK Black Toner Cartridge Extra High Capacity
CWC-B-TN328C,Compatible Brother TN-328C Cyan Toner Cartridge Extra High Capacity
CWC-B-TN328M,Compatible Brother TN-328M Magenta Toner Cartridge Extra High Capacity
CWC-B-TN328Y,Compatible Brother TN-328Y Yellow Toner Cartridge Extra High Capacity
CWC-B-TN329BK,Compatible Brother TN-329BK Black Toner Cartridge Extra High Capacity
CWC-B-TN329C,Compatible Brother TN-329C Cyan Toner Cartridge Extra High Capacity
CWC-B-TN329M,Compatible Brother TN-329M Magenta Toner Cartridge Extra High Capacity
CWC-B-TN329Y,Compatible Brother TN-329Y Yellow Toner Cartridge Extra High Capacity
CWC-B-TN3390,Compatible Brother TN-3390 Black Toner Cartridge Extra High Capacity
CWC-B-TN3430,Compatible Brother TN-3430 Black Toner
CWC-B-TN3480,Compatible Brother TN-3480 Black Toner Cartridge High Capacity
CWC-B-TN3512,Compatible Brother TN-3512 Black Toner Cartridge Extra High Capacity
CWC-B-TN3520,Compatible Brother TN-3520 Black Toner Cartridge 20k
CWC-B-TN5500,Compatible Brother TN-5500 Black Toner
CWC-B-TN900BK,Compatible Brother TN-900BK Black Toner
CWC-B-TN900C,Compatible Brother TN-900C Cyan Toner
CWC-B-TN900M,Compatible Brother TN-900M Magenta Toner
CWC-B-TN900Y,Compatible Brother TN-900Y Yellow Toner
CWC-C-CLI526BK,Compatible Canon CLI-526BK Black (4540B001)
CWC-C-CLI526C,Compatible Canon CLI-526C Cyan (4541B001)
CWC-C-CLI526M,Compatible Canon CLI-526M Magenta (4542B001)
CWC-C-CLI526Y,Compatible Canon CLI-526Y Yellow (4543B001)
CWC-C-PGI1500XLBK,Compatible Canon PGI-1500XL BK Black (9182B001)
CWC-C-PGI1500XLC,Compatible Canon PGI-1500XLC Cyan (9193B001)
CWC-C-PGI1500XLM,Compatible Canon PGI-1500XLM Magenta (9194B001)
CWC-C-PGI1500XLY,Compatible Canon PGI-1500XLY Yellow (9195B001)
CWC-C-PGI525PGBK,Compatible Canon PGI-525PGBK Black (4529B001)
CWC-C-PGI550XLPGBK,Compatible Canon PGI-550XL PGBK Pigment black (6431B001)
CWC-C-PG512XLBK,Compatible Canon PG-512 Black Inkjet Cartridge (2969B001)
CWC-C-CL513XL,Compatible Canon CL-513 Tri-Colour
CWC-C-CL511,Compatible Canon CL-511 Tri-Colour
CWC-C-CLI551XLGY,Compatible Canon CLI-551XLGY Grey (6447B001)
CWC-C-CLI8BK,Compatible Canon CLI-8BK Black Inkjet Cartridge (0620B001)
CWC-C-CLI8C,Compatible Canon CLI-8C Cyan Inkjet Cartridge (0621B001)
CWC-C-CLI8M,Compatible Canon CLI-8M Magenta Inkjet Cartridge (0622B001)
CWC-C-CLI8Y,Compatible Canon CLI-8Y Yellow Inkjet Cartridge (0623B001)
CWC-C-PGI2500XLBK,Compatible Canon PGI-2500XLBK Black (9254B001)
CWC-C-PGI2500XLC,Compatible Canon PGI-2500XLC Cyan (9265B001)
CWC-C-PGI2500XLM,Compatible Canon PGI-2500XLM Magenta (9266B001)
CWC-C-PGI2500XLY,Compatible Canon PGI-2500XLY Yellow (9267B001)
CWC-C-PGI555XXLPGBK,Compatible Canon PGI-555PGBKXXL Black Inkjet Cartridge HC (8049B001)
CWC-C-PGI5BK,Compatible Canon PGI-5BK Black (0628B001)
CWC-C-CL546XL,Compatible Canon CL-546XL Tri-Colour (8288B004)
CWC-C-PG545XLBK,Compatible Canon PG-545XL Black (8286B001)
CWC-C-CRG716Y,Compatible Canon CRG-716Y Yellow Toner Cartridge (1977B002)
CWC-C-CRG716M,Compatible Canon CRG-716M Magenta Toner Cartridge (1978B002)
CWC-C-CRG716C,Compatible Canon CRG-716C Cyan Toner Cartridge (1979B002)
CWC-C-CRG716K,Compatible Canon CRG-716K Black Toner Cartridge (1980B002)
CWC-C-CRG718Y,Compatible Canon CRG 718 Y Cartridge Yellow (2659B002)
CWC-C-CRG718M,Compatible Canon CRG 718 M Cartridge Magenta (2660B002)
CWC-C-CRG718C,Compatible Canon CRG 718 C Cartridge Cyan (2661B002)
CWC-C-CRG718K,Compatible Canon CRG 718 BK Cartridge Black (2662B002)
CWC-C-CRG725,Compatible Canon CRG 725 Cartridge Black (3484B002)
CWC-C-737BK,Compatible Canon 737 Black (9435B002)
CWC-C-CRG732Y,Compatible Canon CRG-732Y Cartridge Yellow (6260B002)
CWC-C-CRG732M,Compatible Canon CRG-732M Cartridge Magenta (6261B002)
CWC-C-CRG732C,Compatible Canon CRG-732C Cartridge Cyan (6262B002)
CWC-C-CRG732KBK,Compatible Canon CRG-732K Cartridge Black (6263B002)
CWC-C-CRG732HBK,Compatible Canon CRG-732H Cartridge Black (6264B002)
CWC-C-CRG731Y,Compatible Canon CRG-731Y Yellow (6269B002)
CWC-C-CRG731M,Compatible Canon CRG-731M Magenta (6270B002)
CWC-C-CRG731C,Compatible Canon CRG-731C Cyan (6271B002)
CWC-C-CRG731K,Compatible Canon CRG-731BK Black (6272B002)
CWC-C-CRG731HBK,Compatible Canon CRG-731HBK Cartridge Black (6273B002)
CWC-D-593-10312,Compatible Dell 593-10312 Black Toner Cartridge High Capacity
CWC-D-593-10338,Dell 593-10338 OPC Drum
CWC-D-593-10961,Compatible Dell 593-10961 Black Toner Cartridge High Capacity
CWC-D-593-BBBT,Compatible Dell 593-BBBT Cyan Toner Cartridge High Capacity
CWC-D-593-BBLL,Compatible Dell 593-BBLL Cyan Toner
CWC-D-593-BBLV,Compatible Dell 593-BBLV Yellow Toner
CWC-D-593-BBLZ,Compatible Dell 593-BBLZ Magenta Toner
CWC-E-T1281,Compatible Epson Black T1281 (C13T12814011)
CWC-E-T1282,Compatible Epson Cyan T1282 (C13T12824011)
CWC-E-T1283,Compatible Epson Magenta T1283 (C13T12834011)
CWC-E-T1284,Compatible Epson Yellow T1284 (C13T12844011)
CWC-E-T1291,Compatible Epson Black T1291 (C13T12914011)
CWC-E-T1292,Compatible Epson Cyan T1292 (C13T12924011)
CWC-E-T1293,Compatible Epson Magenta T1293 (C13T12934011)
CWC-E-T1294,Compatible Epson Yellow T1294 (C13T12944011)
CWC-E-16XLBK,Compatible Epson Singlepack Black 16XL Black (C13T16314010)
CWC-E-16XLC,Compatible Epson Cyan 16XL (C13T16324010)
CWC-E-16XLM,Compatible Epson Magenta 16XL (C13T16334010)
CWC-E-16XLY,Compatible Epson Yellow 16XL (C13T16344010)
CWC-E-18XLBK,Compatible Epson Singlepack Black 18XL (C13T18114010)
CWC-E-18XLC,Compatible Epson Singlepack Cyan 18XL (C13T18124010)
CWC-E-18XLM,Compatible Epson Singlepack Magenta 18XL (C13T18134010)
CWC-E-18XLY,Compatible Epson Singlepack Yellow 18XL (C13T18144010)
CWC-E-T0551,Compatible Epson Singlepack Black T0551 (C13T05514010)
CWC-E-T0552,Compatible Epson Singlepack Cyan T0552 (C13T05524010)
CWC-E-T0553,Compatible Epson Singlepack Magenta T0553 (C13T05534010)
CWC-E-T0554,Compatible Epson Singlepack Yellow T0554 (C13T05544010)
CWC-E-T0556,Compatible Epson Multipack 4-colours T0556 (C13T05564010)
CWC-E-T0611,Compatible Epson Black T0611 (C13T06114010)
CWC-E-T0612,Compatible Epson Cyan T0612 (C13T06124010)
CWC-E-T0613,Compatible Epson Magenta T0613 (C13T06134010)
CWC-E-T0614,Compatible Epson Yellow T0614 (C13T06144010)
CWC-E-T0615,Compatible Epson Multipack 4-colours T0615 (C13T06154010)
CWC-E-T0715,Compatible Epson Multipack 4-colours T0715 (C13T07154010)
CWC-E-T0791,Compatible Epson Singlepack Black T0791 Ink (C13T07914010)
CWC-E-T0792,Compatible Epson Singlepack Cyan T0792 Ink (C13T07924010)
CWC-E-T0793,Compatible Epson Singlepack Magenta T0793 Ink (C13T07934010)
CWC-E-T0794,Compatible Epson Singlepack Yellow T0794 Ink (C13T07944010)
CWC-E-T0795,Compatible Epson Singlepack Light Cyan T0795 Ink (C13T07954010)
CWC-E-T0796,Compatible Epson Singlepack Light Magenta T0796 Ink (C13T07964010)
CWC-E-T0801,Compatible Epson Singlepack Black T0801 Ink (C13T08014011)
CWC-E-T0802,Compatible Epson Singlepack Cyan T0802 Ink (C13T08024011)
CWC-E-T0803,Compatible Epson Singlepack Magenta T0803 Ink (C13T08034011)
CWC-E-T0804,Compatible Epson Singlepack Yellow T0804 Ink (C13T08044011)
CWC-E-T0805,Compatible Epson Singlepack Light Cyan T0805 Ink (C13T08054011)
CWC-E-T0806,Compatible Epson Singlepack Light Magenta T0806 Ink (C13T08064011)
CWC-E-T0807-6COL,Compatible Epson Multipack 6-colours T0807 Ink (C13T08074010)
CWC-E-T1285,Compatible Epson Multipack 4-colours T1285 (C13T12854010)
CWC-E-T1295,Compatible Epson Multipack 4-colours T1295 (C13T12954010)
CWC-E-T1301,Compatible Epson Black T1301 (C13T13014010)
CWC-E-T1302,Compatible Epson Cyan T1302 (C13T13024010)
CWC-E-T1303,Compatible Epson Magenta T1303 (C13T13034010)
CWC-E-T1304,Compatible Epson Yellow T1304 (C13T13044010)
CWC-E-16XLMP,Compatible Epson 16XL Multipack (C13T16364010)
CWC-E-18XLMP,Compatible Epson Multipack 4-colours 18XL (C13T18164010)
CWC-E-S050590,Compatible Epson C13S050590 Yellow Toner
CWC-E-S050591,Compatible Epson C13S050591 Magenta Toner
CWC-E-S050592,Compatible Epson C13S050592 Cyan Toner
CWC-E-S050593,Compatible Epson C13S050593 Black Toner
CWC-E-S050187,Compatible Epson C13S050187 Yellow Toner Cartridge High Capacity
CWC-E-C13S050188,Compatible Epson C13S050188 Magenta Toner Cartridge High Capacity
CWC-E-S050189,Compatible Epson C13S050189 Cyan Toner Cartridge High Capacity
CWC-E-S050190,Compatible Epson C13S050190 Black Toner Cartridge High Capacity
CWC-E-C13S050242,Compatible Epson C13S050242 Yellow Toner
CWC-E-C13S050243,Compatible Epson C13S050243 Magenta Toner
CWC-E-S050244,Compatible Epson C13S050244 Cyan Toner
CWC-E-S050245,Compatible Epson C13S050245 Black Toner
CWC-E-C13S050627,Compatible Epson C13S050627 Yellow Toner Cartridge
CWC-E-C13S050628,Compatible Epson C13S050628 Magenta Toner Cartridge
CWC-E-C13S050629,Compatible Epson C13S050629 Cyan Toner Cartridge
CWC-E-S050630,Compatible Epson C13S050630 Black Toner
CWC-E-S050166,Compatible Epson C13S050166 Black Toner Cartridge High Capacity
CWC-E-S050226,Compatible Epson C13S050226 Yellow Toner Cartridge High Capacity
CWC-E-S050227,Compatible Epson C13S050227 Magenta Toner Cartridge High Capacity
CWC-E-S050228,Compatible Epson C13S050228 Cyan Toner Cartridge High Capacity
CWC-E-S050229,Compatible Epson C13S050229 Black Toner Cartridge High Capacity
CWC-E-C13S050316,Compatible Epson C13S050316 Yellow Toner
CWC-E-C13S050317,Compatible Epson C13S050317 Magenta Toner
CWC-E-C13S050318,Compatible Epson C13S050318 Cyan Toner
CWC-E-C13S050319,Compatible Epson C13S050319 Black Toner
CWC-E-C13S050554,Compatible Epson C13S050554 Yellow Toner Cartridge High Capacity
CWC-E-C13S050555,Compatible Epson C13S050555 Magenta Toner Cartridge High Capacity
CWC-E-C13S050556,Compatible Epson C13S050556 Cyan Toner Cartridge High Capacity
CWC-E-C13S050557,Compatible Epson C13S050557 Black Toner Cartridge High Capacity
CWC-E-C13S050583,Compatible Epson C13S050583 Black Toner
CWC-E-C13S050584,Compatible Epson C13S050584 Black Toner Cartridge Return High Capacity
CWC-E-C13S050602,Compatible Epson C13S050602 Yellow Toner
CWC-E-C13S050603,Compatible Epson C13S050603 Magenta Toner
CWC-E-C13S050604,Compatible Epson C13S050604 Cyan Toner
CWC-E-C13S050605,Compatible Epson C13S050605 Black Toner
CWC-E-C13S050650,Compatible Epson C13S050650 Black Toner Cartridge High Capacity
CWC-E-C13S050709,Compatible Epson C13S050709 Black Toner
CWC-E-S051055,Compatible Epson S051055 Drum Unit 20k (C13S051055)
CWC-E-S051099,Compatible Epson C13S051099 OPC Drum
CWC-E-S051124,Compatible Epson C13S051124 Yellow Toner Cartridge High Capacity
CWC-E-S051125,Compatible Epson C13S051125 Magenta Toner Cartridge High Capacity
CWC-E-S051126,Compatible Epson C13S051126 Cyan Toner Cartridge High Capacity
CWC-E-S051127,Compatible Epson C13S051127 Black Toner Cartridge High Capacity
CWC-E-C13S051158,Compatible Epson C13S051158 Yellow Toner Cartridge High Capacity
CWC-E-C13S051159,Compatible Epson C13S051159 Magenta Toner Cartridge High Capacity
CWC-E-C13S051160,Compatible Epson C13S051160 Cyan Toner Cartridge High Capacity
CWC-E-C13S051161,Compatible Epson C13S051161 Black Toner Cartridge High Capacity
CWC-H-CB435A,Compatible HP 35A Black LaserJet Toner Cartridge (CB435A)
CWC-H-CB436A,Compatible HP 36A Black LaserJet Toner Cartridge (CB436A)
CWC-H-CC364X,Compatible HP 64X High Yield Black LaserJet Toner Cartridge (CC364X)
CWC-H-CE278A,Compatible HP 78A Black LaserJet Toner Cartridge (CE278A)
CWC-H-CE285A,Compatible HP 85A Black LaserJet Toner Cartridge (CE285A)
CWC-H-CE320A,Compatible HP 128A Black LaserJet Toner Cartridge (CE320A)
CWC-H-CE321A,Compatible HP 128A Cyan LaserJet Toner Cartridge (CE321A)
CWC-H-CE322A,Compatible HP 128A Yellow LaserJet Toner Cartridge (CE322A)
CWC-H-CE323A,Compatible HP 128A Magenta LaserJet Toner Cartridge (CE323A)
CWC-H-CE390X,Compatible HP 90X High Yield Black LaserJet Toner Cartridge (CE390X)
CWC-H-CF281X,Compatible HP 81X High Yield Black LaserJet Toner Cartridge (CF281X)
CWC-H-CF380X,Compatible HP 312X High Yield Black LaserJet Toner Cartridge Black (CF380X)
CWC-H-CF381A,Compatible HP 312A Cyan LaserJet Toner Cartridge Cyan (CF381A)
CWC-H-CF382A,Compatible HP 312A Yellow LaserJet Toner Cartridge Yellow (CF382A)
CWC-H-CF383A,Compatible HP 312A Magenta LaserJet Toner Cartridge Magenta (CF383A)
CWC-H-Q2612A,Compatible HP 12A Black LaserJet Toner Cartridge (Q2612A)
CWC-H-Q2613X,Compatible HP 13X High Yield Black LaserJet Toner Cartridge (Q2613X)
CWC-H-Q5949X,Compatible HP 49X High Yield Black LaserJet Toner Cartridge (Q5949X)
CWC-H-Q7551X,Compatible HP 51X High Yield Black LaserJet Toner Cartridge (Q7551X)
CWC-H-Q7553X,Compatible HP 53X High Yield Black LaserJet Toner Cartridge (Q7553X)
CWC-H-338BK,Compatible HP 338 Black Inkjet Cartridge (C8765EE)
CWC-H-339BK,Compatible HP 339 Black Inkjet Cartridge (C8767EE)
CWC-H-350XL,Compatible HP 350XL High Yield Black Inkjet Cartridge (CB336EE)
CWC-H-351XLCOL,Compatible HP 351XL High Yield Tri-colour Inkjet Cartridge (CB338EE)
CWC-H-300XLBK,Compatible HP 300XL High Yield Black Inkjet Cartridge (CC641EE)
CWC-H-300C,Compatible HP 300 Tri-colour Inkjet Cartridge (CC643EE)
CWC-H-300XLCOL,Compatible HP 300XL High Yield Tri-colour Inkjet Cartridge (CC644EE)
CWC-H-301XLCOL,Compatible HP 301XL High Yield Tri-colour Inkjet Cartridge (CH564EE)
CWC-H-970XLBK,Compatible HP 970XL High Yield Black Inkjet Cartridge (CN625AE)
CWC-H-971XLC,Compatible HP 971XL High Yield Cyan Inkjet Cartridge (CN626AE)
CWC-H-971XLM,Compatible HP 971XL High Yield Magenta Inkjet Cartridge (CN627AE)
CWC-H-971XLY,Compatible HP 971XL High Yield Yellow Inkjet Cartridge (CN628AE)
CWC-H-CB540A,Compatible HP 125A Black LaserJet Toner Cartridge (CB540A)
CWC-H-CB541A,Compatible HP 125A Cyan LaserJet Toner Cartridge (CB541A)
CWC-H-CB542A,Compatible HP 125A Yellow LaserJet Toner Cartridge (CB542A)
CWC-H-CB543A,Compatible HP 125A Magenta LaserJet Toner Cartridge (CB543A)
CWC-H-CC530A,Compatible HP 304A Black LaserJet Toner Cartridge (CC530A)
CWC-H-CC531A,Compatible HP 304A Cyan LaserJet Toner Cartridge (CC531A)
CWC-H-CC532A,Compatible HP 304A Yellow LaserJet Toner Cartridge (CC532A)
CWC-H-CC533A,Compatible HP 304A Magenta LaserJet Toner Cartridge (CC533A)
CWC-H-CE410A,Compatible HP 305A Black LaserJet Toner Cartridge (CE410A)
CWC-H-CE410X,Compatible HP 305X High Yield Black LaserJet Toner Cartridge (CE410X)
CWC-H-CE411A,Compatible HP 305A Cyan LaserJet Toner Cartridge (CE411A)
CWC-H-CE412A,Compatible HP 305A Yellow LaserJet Toner Cartridge (CE412A)
CWC-H-CE413A,Compatible HP 305A Magenta LaserJet Toner Cartridge (CE413A)
CWC-H-CF210A,Compatible HP 131A Laser Cartridge Black (CF210A)
CWC-H-CF211A,Compatible HP 131A Cyan LaserJet Toner Cartridge (CF211A)
CWC-H-CF212A,Compatible HP 131A Toner Cartridge Yellow (CF212A)
CWC-H-CF213A,Compatible HP 131A Toner Cartridge Magenta (CF213A)
CWC-H-54BK,Compatible HP 54 Ink Cartridge Original Black 1 pc(s)
CWC-H-980C,Compatible HP 980 Cyan Inkjet Cartridge Cyan (D8J07A)
CWC-H-980M,Compatible HP 980 Magenta Inkjet Cartridge (D8J08A)
CWC-H-980Y,Compatible HP 980 Yellow Inkjet Cartridge (D8J09A)
CWC-H-980BK,Compatible HP 980 Black Inkjet Cartridge (D8J10A)
CWC-H-11C,Compatible HP 11 Cyan Inkjet Cartridge (C4836AE)
CWC-H-11M,Compatible HP 11 Magenta Inkjet Cartridge (C4837AE)
CWC-H-11Y,Compatible HP 11 Yellow Inkjet Cartridge (C4838AE)
CWC-H-78XLCOL,Compatible HP 78XL CMY (6578)
CWC-H-343COL,Compatible HP 343 Tri-colour Inkjet Cartridge (C8766EE)
CWC-H-21BK,Compatible HP 21 Black Inkjet Cartridge (C9351AE)
CWC-H-342COL,Compatible HP 342 Tri-colour Inkjet Cartridge (C9361EE)
CWC-H-336BK,Compatible HP 336 Black Inkjet Cartridge (C9362EE)
CWC-H-344COL,Compatible HP 344 Tri-colour Inkjet Cartridge (C9363EE)
CWC-H-337BK,Compatible HP 337 Black Inkjet Cartridge (C9364EE)
CWC-H-348BK,Compatible HP 348 Colour (C9369AE)
CWC-H-88XLC,Compatible HP 88XL High Yield Cyan Inkjet Cartridge (C9391AE)
CWC-H-88XLM,Compatible HP 88XL High Yield Magenta Inkjet Cartridge (C9392AE)
CWC-H-88XLY,Compatible HP 88XL High Yield Yellow Inkjet Cartridge (C9393AE)
CWC-H-88XLBK,Compatible HP 88XL High Yield Black Inkjet Cartridge (C9396AE)
CWC-H-364XLPHOTOB,Compatible HP 364 XL High Yield PHOTO BLACK Inkjet Cartridge (CB322EE) This is not the standard 364 XL Black
CWC-H-364XLC,Compatible HP 364XL High Yield Cyan Inkjet Cartridge (CB323EE)
CWC-H-364XLM,Compatible HP 364XL High Yield Magenta Inkjet Cartridge (CB324EE)
CWC-H-364XLY,Compatible HP 364XL High Yield Yellow Inkjet Cartridge (CB325EE)
CWC-H-901XLBK,Compatible HP 901XL High Yield Black Inkjet Cartridge (CC654AE)
CWC-H-364XLBK,Compatible HP 364XL High Yield Black Inkjet Cartridge (CN684EE)
CWC-H-27BK,Compatible HP 27 Black Inkjet Cartridge (C8727AE)
CWC-H-28COL,Compatible HP 28 Tri-colour Inkjet Cartridge (C8728AE)
CWC-H-56BK,Compatible HP 56 Black Inkjet Cartridge (C6656AE)
CWC-H-57COL,Compatible HP 57 Tri-colour Inkjet Cartridge (C6657AE)
CWC-H-10BK,Compatible HP 10 Black Inkjet Cartridge (C4844AE)
CWC-H-940XLBK,Compatible HP 940XL High Yield Black Inkjet Cartridge (C4906AE)
CWC-H-940XLC,Compatible HP 940XL High Yield Cyan Inkjet Cartridge (C4907AE)
CWC-H-940XLM,Compatible HP 940XL High Yield Magenta Inkjet Cartridge (C4908AE)
CWC-H-940XLY,Compatible HP 940XL High Yield Yellow Inkjet Cartridge (C4909AE)
CWC-H-363XLBK,Compatible HP 363XL Black Inkjet Cartridge (C8719EE)
CWC-H-363C,Compatible HP 363 Cyan Inkjet Cartridge (C8771EE)
CWC-H-363M,Compatible HP 363 Magenta Inkjet Cartridge (C8772EE)
CWC-H-363Y,Compatible HP 363 Yellow Inkjet Cartridge (C8773EE)
CWC-H-363LC,Compatible HP 363 Light Cyan Inkjet Cartridge (C8774EE)
CWC-H-363LM,Compatible HP 363 Light Magenta Inkjet Cartridge (C8775EE)
CWC-H-920XLC,Compatible HP 920XL High Yield Cyan Inkjet Cartridge (CD972AE)
CWC-H-920XLM,Compatible HP 920XL High Yield Magenta Inkjet Cartridge (CD973AE)
CWC-H-920XLY,Compatible HP 920XL High Yield Yellow Inkjet Cartridge (CD974AE)
CWC-H-920XLBK,Compatible HP 920XL High Yield Black Inkjet Cartridge (CD975AE)
CWC-H-950XLBK,Compatible HP 950XL High Yield Black Inkjet Cartridge (CN045AE)
CWC-H-951XLC,Compatible HP 951XL High Yield Cyan Inkjet Cartridge (CN046AE)
CWC-H-951XLM,Compatible HP 951XL High Yield Magenta Inkjet Cartridge (CN047AE)
CWC-H-951XLY,Compatible HP 951XL High Yield Yellow Inkjet Cartridge (CN048AE)
CWC-H-932XLBK,Compatible HP 932XL High Yield Black Inkjet Cartridge (CN053AE)
CWC-H-933XLC,Compatible HP 933XL High Yield Cyan Inkjet Cartridge (CN054AE)
CWC-H-933XLM,Compatible HP 933XL High Yield Magenta Inkjet Cartridge (CN055AE)
CWC-H-933XLY,Compatible HP 933XL High Yield Yellow Inkjet Cartridge (CN056AE)
CWC-H-C9704A,Compatible HP colour LaserJet Imaging Drum C9704A
CWC-H-CB384A,Compatible HP 824A Black LaserJet Image Drum (CB384A)
CWC-H-CB385A,Compatible HP 824A Cyan LaserJet Image Drum (CB385A)
CWC-H-CB386A,Compatible HP 824A Yellow LaserJet Image Drum (CB386A)
CWC-H-CB387A,Compatible HP 824A Magenta LaserJet Image Drum (CB387A)
CWC-H-CE250A,Compatible HP 504A Black LaserJet Toner Cartridge (CE250A)
CWC-H-CE250X,Compatible HP 504X High Yield Black LaserJet Toner Cartridge (CE250X)
CWC-H-CE251A,Compatible HP 504A Cyan LaserJet Toner Cartridge (CE251A)
CWC-H-CE252A,Compatible HP 504A Yellow LaserJet Toner Cartridge (CE252A)
CWC-H-CE253A,Compatible HP 504A Magenta LaserJet Toner Cartridge (CE253A)
CWC-H-CE260A,Compatible HP 647A Black LaserJet Toner Cartridge (CE260A)
CWC-H-CE260X,Compatible HP 649X High Yield Black LaserJet Toner Cartridge (CE260X)
CWC-H-CE261A,Compatible HP 648A Cyan LaserJet Toner Cartridge (CE261A)
CWC-H-CE262A,Compatible HP 648A Yellow LaserJet Toner Cartridge (CE262A)
CWC-H-CE263A,Compatible HP 648A Magenta LaserJet Toner Cartridge (CE263A)
CWC-H-CE390A,Compatible HP 90A Black LaserJet Toner Cartridge (CE390A)
CWC-H-CE400A,Compatible HP 507A Black LaserJet Toner Cartridge (CE400A)
CWC-H-CE400X,Compatible HP 507X High Yield Black LaserJet Toner Cartridge (CE400X)
CWC-H-CE401A,Compatible HP 507A Cyan LaserJet Toner Cartridge (CE401A)
CWC-H-CE402A,Compatible HP 507A Yellow LaserJet Toner Cartridge (CE402A)
CWC-H-CE403A,Compatible HP 507A Magenta LaserJet Toner Cartridge (CE403A)
CWC-H-CF380A,Compatible HP 312A Black LaserJet Toner Cartridge Laser Cartridge Black (CF380A)
CWC-H-Q1338A,Compatible HP 38A Black LaserJet Toner Cartridge (Q1338A)
CWC-H-Q1339A,Compatible HP Q1339A Cartridge Black
CWC-H-Q3964A,Compatible HP 122A LaserJet Imaging Drum (Q3964A)
CWC-H-Q5942A,Compatible HP 42A Black LaserJet Toner Cartridge (Q5942A)
CWC-H-Q5945A,Compatible HP 45A Black LaserJet Toner Cartridge (Q5945A)
CWC-H-Q5950A,Compatible HP 643A Black LaserJet Toner Cartridge (Q5950A)
CWC-H-Q5951A,Compatible HP 643A Cyan LaserJet Toner Cartridge (Q5951A)
CWC-H-Q5952A,Compatible HP 643A Yellow LaserJet Toner Cartridge (Q5952A)
CWC-H-Q5953A,Compatible HP 643A Magenta LaserJet Toner Cartridge (Q5953A)
CWC-H-Q6000A,Compatible HP 124A Black LaserJet Toner Cartridge (Q6000A)
CWC-H-Q6001A,Compatible HP 124A Cyan LaserJet Toner Cartridge (Q6001A)
CWC-H-Q6002A,Compatible HP 124A Yellow LaserJet Toner Cartridge (Q6002A)
CWC-H-Q6003A,Compatible HP 124A Magenta LaserJet Toner Cartridge (Q6003A)
CWC-H-C4096A,Compatible HP 96A Black LaserJet Toner Cartridge (C4096A)
CWC-H-C4149A,Compatible HP C4149A Toner Cartridge Black
CWC-H-C4150A,Compatible HP C4150A Toner Cartridge Cyan
CWC-H-C4151A,Compatible HP C4151A Cartridge Magenta
CWC-H-C4152A,Compatible HP C4152A Cartridge Yellow
CWC-H-C7115A,Compatible HP 15A Black LaserJet Toner Cartridge (C7115A)
CWC-H-C7115X,Compatible HP 15X High Yield Black LaserJet Toner Cartridge (C7115X)
CWC-H-C8061A,Compatible HP C8061A Black
CWC-H-61XBK,Compatible HP 61X Cartridge Black (C8061X)
CWC-H-C8543X,Compatible HP 43X High Yield Black LaserJet Toner Cartridge (C8543X)
CWC-H-CC364A,Compatible HP 64A Black LaserJet Toner Cartridge (CC364A)
CWC-H-CE743A,Compatible HP 307A Magenta LaserJet Toner Cartridge (CE743A)
CWC-H-Q2610A,Compatible HP 10A Black LaserJet Toner Cartridge (Q2610A)
CWC-H-Q2613A,Compatible HP 13A Black LaserJet Toner Cartridge (Q2613A)
CWC-H-Q2624A,Compatible HP 24A Black LaserJet Toner Cartridge (Q2624A)
CWC-H-Q2681A,Compatible HP 311A Cyan LaserJet Toner Cartridge (Q2681A)
CWC-H-Q2682A,Compatible HP 311A Yellow LaserJet Toner Cartridge (Q2682A)
CWC-H-Q2683A,Compatible HP 311A Magenta LaserJet Toner Cartridge (Q2683A)
CWC-H-Q5942X,Compatible HP 42X High Yield Black LaserJet Toner Cartridge (Q5942X)
CWC-H-Q5949A,Compatible HP 49A Black LaserJet Toner Cartridge (Q5949A)
CWC-H-Q6470A,Compatible HP 501A Black LaserJet Toner Cartridge (Q6470A)
CWC-H-Q6471A,Compatible HP 502A Cyan LaserJet Toner Cartridge (Q6471A)
CWC-H-Q6472A,Compatible HP 502A Yellow LaserJet Toner Cartridge (Q6472A)
CWC-H-Q6473A,Compatible HP 502A Magenta LaserJet Toner Cartridge (Q6473A)
CWC-H-Q7551A,Compatible HP 51A Black LaserJet Toner Cartridge (Q7551A)
CWC-H-Q7553A,Compatible HP 53A Black LaserJet Toner Cartridge (Q7553A)
CWC-H-314ABK,Compatible HP 314A Cartridge Black (Q7560A)
CWC-H-314AC,Compatible HP 314A Cartridge Cyan (Q7561A)
CWC-H-314AY,Compatible HP 314A Cartridge Yellow (Q7562A)
CWC-H-314AM,Compatible HP 314A Cartridge Magenta (Q7563A)
CWC-H-Q7581A,Compatible HP 503A Cyan LaserJet Toner Cartridge (Q7581A)
CWC-H-Q7582A,Compatible HP 503A Yellow LaserJet Toner Cartridge (Q7582A)
CWC-H-Q7583A,Compatible HP 503A Magenta LaserJet Toner Cartridge (Q7583A)
CWC-H-C4092A,Compatible HP 92A Black LaserJet Toner Cartridge (C4092A)
CWC-H-C4129X,Compatible HP 29X High Yield Black LaserJet Toner Cartridge (C4129X)
CWC-H-82XBK,Compatible HP 82X Cartridge Black (C4182X)
CWC-H-C9700A,Compatible HP C9700A Cartridge Black
CWC-H-C9701A,Compatible HP C9701A Cartridge Cyan
CWC-H-C9702A,Compatible HP C9702A Cartridge Yellow
CWC-H-C9703A,Compatible HP C9703A Cartridge Magenta
CWC-H-C9720A,Compatible HP 641A Black LaserJet Toner Cartridge (C9720A)
CWC-H-C9721A,Compatible HP 641A Cyan LaserJet Toner Cartridge (C9721A)
CWC-H-C9722A,Compatible HP 641A Yellow LaserJet Toner Cartridge (C9722A)
CWC-H-C9723A,Compatible HP 641A Magenta LaserJet Toner Cartridge (C9723A)
CWC-H-C9730A,Compatible HP 645A Black LaserJet Toner Cartridge (C9730A)
CWC-H-C9731A,Compatible HP 645A Cyan LaserJet Toner Cartridge (C9731A)
CWC-H-C9732A,Compatible HP 645A Yellow LaserJet Toner Cartridge (C9732A)
CWC-H-C9733A,Compatible HP 645A Magenta LaserJet Toner Cartridge (C9733A)
CWC-H-CB380A,Compatible HP 823A Black LaserJet Toner Cartridge (CB380A)
CWC-H-CB381A,Compatible HP 824A Cyan LaserJet Toner Cartridge (CB381A)
CWC-H-CB382A,Compatible HP 824A Yellow LaserJet Toner Cartridge (CB382A)
CWC-H-CB383A,Compatible HP 824A Magenta LaserJet Toner Cartridge (CB383A)
CWC-H-CB390A,Compatible HP 825A Black LaserJet Toner Cartridge (CB390A)
CWC-H-CE264X,Compatible HP 646X High Yield Black LaserJet Toner Cartridge (CE264X)
CWC-H-CE270A,Compatible HP 650A Black LaserJet Toner Cartridge (CE270A)
CWC-H-CE271A,Compatible HP 650A Cyan LaserJet Toner Cartridge (CE271A)
CWC-H-CE272A,Compatible HP 650A Yellow LaserJet Toner Cartridge (CE272A)
CWC-H-CE273A,Compatible HP 650A Magenta LaserJet Toner Cartridge (CE273A)
CWC-H-CE314A,Compatible HP 126A LaserJet Imaging Drum (CE314A)
CWC-H-CE340A,Compatible HP 651A Black LaserJet Toner Cartridge (CE340A)
CWC-H-CE341A,Compatible HP 651A Cyan LaserJet Toner Cartridge (CE341A)
CWC-H-CE342A,Compatible HP 651A Yellow LaserJet Toner Cartridge (CE342A)
CWC-H-CE343A,Compatible HP 651A Magenta LaserJet Toner Cartridge (CE343A)
CWC-H-CE740A,Compatible HP 307A Black LaserJet Toner Cartridge (CE740A)
CWC-H-CE741A,Compatible HP 307A Cyan LaserJet Toner Cartridge (CE741A)
CWC-H-CE742A,Compatible HP 307A Yellow LaserJet Toner Cartridge (CE742A)
CWC-H-CF031A,Compatible HP 646A Cyan LaserJet Toner Cartridge (CF031A)
CWC-H-CF032A,Compatible HP 646A Yellow LaserJet Toner Cartridge (CF032A)
CWC-H-CF033A,Compatible HP 646A Magenta LaserJet Toner Cartridge (CF033A)
CWC-H-CF214A,Compatible HP 14A Black LaserJet Toner Cartridge (CF214A)
CWC-H-CF214X,Compatible HP 14X High Yield Black LaserJet Toner Cartridge (CF214X)
CWC-H-CF281A,Compatible HP 81A Black LaserJet Toner Cartridge (CF281A)
CWC-H-CF283X,Compatible HP 83X High Yield Black LaserJet Toner Cartridge (CF283X)
CWC-H-CF310A,Compatible HP 826A Black LaserJet Toner Cartridge (CF310A)
CWC-H-CF311A,Compatible HP 826A Cyan LaserJet Toner Cartridge (CF311A)
CWC-H-CF312A,Compatible HP 826A Yellow LaserJet Toner Cartridge (CF312A)
CWC-H-CF313A,Compatible HP 826A Magenta LaserJet Toner Cartridge (CF313A)
CWC-H-CF320A,Compatible HP 652A Black LaserJet Toner Cartridge Black (CF320A)
CWC-H-CF320X,Compatible HP 653X High Yield Black LaserJet Toner Cartridge Black (CF320X)
CWC-H-CF321A,Compatible HP 653A Cyan LaserJet Toner Cartridge (CF321A)
CWC-H-CF322A,Compatible HP 653A Yellow LaserJet Toner Cartridge (CF322A)
CWC-H-CF323A,Compatible HP 653A Magenta LaserJet Toner Cartridge (CF323A)
CWC-H-CF325X,Compatible HP 25X High Yield Black LaserJet Toner Cartridge (CF325X)
CWC-H-CF330X,Compatible HP 654X High Yield Black LaserJet Toner Cartridge Cartridge Black (CF330X)
CWC-H-CF331A,Compatible HP 654A Cyan LaserJet Toner Cartridge Cyan (CF331A)
CWC-H-CF332A,Compatible HP 654A Yellow LaserJet Toner Cartridge Yellow (CF332A)
CWC-H-CF333A,Compatible HP 654A Magenta LaserJet Toner Cartridge Magenta (CF333A)
CWC-H-CF360A,Compatible HP 508A Black LaserJet Toner Cartridge (CF360A)
CWC-H-CF360X,Compatible HP 508X High Yield Black LaserJet Toner Cartridge (CF360X)
CWC-H-CF361A,Compatible HP 508A Cyan LaserJet Toner Cartridge (CF361A)
CWC-H-CF361X,Compatible HP 508X High Yield Cyan LaserJet Toner Cartridge (CF361X)
CWC-H-CF362A,Compatible HP 508A Yellow LaserJet Toner Cartridge (CF362A)
CWC-H-CF362X,Compatible HP 508X High Yield Yellow LaserJet Toner Cartridge (CF362X)
CWC-H-CF363X,Compatible HP 508X High Yield Magenta LaserJet Toner Cartridge (CF363X)
CWC-H-CF410A,Compatible HP 410A Black LaserJet Toner Cartridge (CF410A)
CWC-H-CF410X,Compatible HP 410X High Yield Black LaserJet Toner Cartridge (CF410X)
CWC-H-CF411A,Compatible HP 410A Cyan LaserJet Toner Cartridge (CF411A)
CWC-H-CF412A,Compatible HP 410A Yellow LaserJet Toner Cartridge (CF412A)
CWC-H-CF413A,Compatible HP 410A Magenta LaserJet Toner Cartridge (CF413A)
CWC-H-Q2670A,Compatible HP 308A Black LaserJet Toner Cartridge (Q2670A)
CWC-H-Q2671A,Compatible HP 309A Cyan LaserJet Toner Cartridge (Q2671A)
CWC-H-Q2672A,Compatible HP 309A Yellow LaserJet Toner Cartridge (Q2672A)
CWC-H-Q2673A,Compatible HP 309A Magenta LaserJet Toner Cartridge (Q2673A)
CWC-H-Q3960A,Compatible HP 122A Black LaserJet Toner Cartridge (Q3960A)
CWC-H-Q3961A,Compatible HP 122A Cyan LaserJet Toner Cartridge (Q3961A)
CWC-H-Q3962A,Compatible HP 122A Yellow LaserJet Toner Cartridge (Q3962A)
CWC-H-Q3963A,Compatible HP 122A Magenta LaserJet Toner Cartridge (Q3963A)
CWC-H-Q6460A,Compatible HP 644A Black LaserJet Toner Cartridge (Q6460A)
CWC-H-Q6461A,Compatible HP 644A Cyan LaserJet Toner Cartridge (Q6461A)
CWC-H-Q6462A,Compatible HP 644A Yellow LaserJet Toner Cartridge (Q6462A)
CWC-H-Q6463A,Compatible HP 644A Magenta LaserJet Toner Cartridge (Q6463A)
CWC-H-Q6511A,Compatible HP 11A Black LaserJet Toner Cartridge (Q6511A)
CWC-H-Q6511X,Compatible HP 11X High Yield Black LaserJet Toner Cartridge (Q6511X)
CWC-H-Q7516A,Compatible HP 16A Black LaserJet Toner Cartridge (Q7516A)
CWC-H-Q7570A,Compatible HP 70A Black LaserJet Toner Cartridge (Q7570A)
CWC-K-30BK,Compatible Kodak (30) 3952330 Black Inkjet Cartridge
CWC-K-30CL,Compatible Kodak (30) 8898033 3 Colour Inkjet Cartridge
CWC-KM-A03100H,Compatible Konica Minolta A03100H Black Imaging Unit
CWC-KM-A03105H,Compatible Konica Minolta A03105H Yellow Imaging Unit
CWC-KM-A0310AH,Compatible Konica Minolta A0310AH Magenta Imaging Unit
CWC-KM-A0310GH,Compatible Konica Minolta A0310GH Cyan Imaging Unit
CWC-KM-A0DK152,Compatible Konica Minolta A0DK152 Black Toner Cartridge High Capacity
CWC-KM-A0DK252,Compatible Konica Minolta A0DK252 Yellow Toner Cartridge High Capacity
CWC-KM-A0DK352,Compatible Konica Minolta A0DK352 Magenta Toner Cartridge High Capacity
CWC-KM-A0DK452,Compatible Konica Minolta A0DK452 Cyan Toner Cartridge High Capacity
CWC-KM-A0V306H,Compatible Konica Minolta A0V306H Yellow Toner Cartridge High Capacity
CWC-KM-A0V30HH,Compatible Konica Minolta A0V30HH Cyan Toner Cartridge High Capacity
CWC-KM-1710589-005,Compatible Konica Minolta 1710589-005 Yellow Toner Cartridge High Capacity
CWC-KM-1710589-006,Compatible Konica Minolta 1710589-006 Magenta Toner Cartridge High Capacity
CWC-KM-1710589-007,Compatible Konica Minolta 1710589-007 Cyan Toner Cartridge High Capacity
CWC-KM-1710589-004,Compatible Konica Minolta 1710589-004 Black Toner Cartridge High Capacity
CWC-KY-37027017,Compatible Kyocera TK-17 (37027017) Toner Cartridge
CWC-KY-TK18,Compatible Kyocera TK-18 (370QB0KX) Toner Cartridge
CWC-KY-TK160,Compatible Kyocera 1T02LY0NL0 Black Toner
CWC-KY-TK170,Compatible Kyocera 1T02LZ0NLC Black Toner
CWC-KY-TK320,Compatible Kyocera 1T02F90EUC Black Toner
CWC-KY-TK340,Compatible Kyocera 1T02J00EUC Black Toner
CWC-KY-TK350,Compatible Kyocera 1T02LX0NLC Black Toner
CWC-KY-TK360,Compatible Kyocera 1T02J20EUC Black Toner
CWC-KY-TK540C,Compatible Kyocera 1T02HLCEU0 Cyan Toner
CWC-KY-TK540M,Compatible Kyocera 1T02HLBEU0 Magenta Toner
CWC-KY-TK540Y,Compatible Kyocera 1T02HLAEU0 Yellow Toner
CWC-KY-TK560M,Compatible Kyocera 1T02HNBEU0 Magenta Toner
CWC-KY-TK450,Compatible Kyocera 1TO2J50EU0 Black Toner
CWC-L-10N0026,Compatible Lexmark No. 26 colour Print Cartridge 3 Colour Inkjet Cartridge (10N0026)
CWC-L-64016HE,Compatible Lexmark 64016HE Cartridge Black
CWC-L-64016SE,Compatible Lexmark T64x Return Programme Cartridge Black (64016SE)
CWC-L-64036SE,Compatible Lexmark T64x Toner Cartridge Black (64036SE)
CWC-L-X651H21E,Compatible Lexmark X651H21E Black (X651H21E)
CWC-L-12036SE,Compatible Lexmark Toner Cartridge for E120n Black
CWC-L-50F2000,Compatible Lexmark 502 Cartridge Black (50F2000)
CWC-L-50F2H00,Compatible Lexmark 502H R Cartridge Black (50F2H00)
CWC-L-50F2U00,Compatible Lexmark 502U Cartridge Black (50F2U00)
CWC-L-50F2X00,Compatible Lexmark 502X R Cartridge Black (50F2X00)
CWC-L-52D2H00,Compatible Lexmark 522H Cartridge Black (52D2H00)
CWC-L-60F0HA0,Compatible Lexmark 60F0HA0 Cartridge Black (60F0HA0)
CWC-L-60F2H00,Compatible Lexmark 602H Cartridge Black (60F2H00)
CWC-L-60F2X00,Compatible Lexmark 602X Cartridge Black (60F2X00)
CWC-L-62D2H00,Compatible Lexmark 622H R Cartridge Black (62D2H00)
CWC-L-62D2X00,Compatible Lexmark 622X Cartridge Black (62D2X00)
CWC-L-70C2HC0,Compatible Lexmark 702HC R Cartridge Cyan (70C2HC0)
CWC-L-70C2HK0,Compatible Lexmark 702HK R Cartridge Black (70C2HK0)
CWC-L-70C2HM0,Compatible Lexmark 702HM R Cartridge Magenta (70C2HM0)
CWC-L-70C2HY0,Compatible Lexmark 702HY R Cartridge Yellow (70C2HY0)
CWC-L-C734A1YG,Compatible Lexmark C734A1YG Cartridge Yellow
CWC-L-C792A1CG,Compatible Lexmark C792A1CG Cartridge Cyan
CWC-L-C792A1KG,Compatible Lexmark C792A1KG Cartridge Black
CWC-L-C792A1MG,Compatible Lexmark C792A1MG Cartridge magenta
CWC-L-C792A1YG,Compatible Lexmark C792A1YG Cartridge yellow
CWC-L-C792X1CG,Compatible Lexmark C792X1CG Cartridge Cyan
CWC-L-C792X1KG,Compatible Lexmark C792X1KG Cartridge Black
CWC-L-C792X1MG,Compatible Lexmark C792X1MG Cartridge magenta
CWC-L-C792X1YG,Compatible Lexmark C792X1YG Cartridge Yellow
CWC-L-C925H2CG,Compatible Lexmark C925H2CG Cartridge Cyan
CWC-L-C925H2KG,Compatible Lexmark C925H2KG Cartridge Black
CWC-L-C925H2MG,Compatible Lexmark C925H2MG Cartridge magenta
CWC-L-C925H2YG,Compatible Lexmark C925H2YG Cartridge yellow
CWC-L-C950X2CG,Compatible Lexmark C950X2CG Cyan
CWC-L-C950X2KG,Compatible Lexmark C950X2KG Black
CWC-L-C950X2MG,Compatible Lexmark C950X2MG Magenta
CWC-L-C950X2YG,Compatible Lexmark C950X2YG Yellow
CWC-O-43324408,Compatible Oki 43324408 Black Toner
CWC-O-43381905,Compatible Oki 43381905 Yellow Toner
CWC-O-43381906,Compatible Oki 43381906 Magenta Toner
CWC-O-43381907,Compatible Oki 43381907 Cyan Toner
CWC-O-01101202,Compatible Oki 01101202 Black Toner
CWC-O-42102802,Oki 42102802 OPC Drum
CWC-O-42804513,Compatible Oki 42804513 Yellow Toner
CWC-O-42804514,Compatible Oki 42804514 Magenta Toner
CWC-O-42804515,Compatible Oki 42804515 Cyan Toner
CWC-O-42804516,Compatible Oki 42804516 Black Toner
CWC-O-42918105,Oki 42918105 Yellow OPC Drum
CWC-O-42918106,Oki 42918106 Magenta OPC Drum
CWC-O-42918107,Oki 42918107 Cyan OPC Drum
CWC-O-42918108,Oki 42918108 Black OPC Drum
CWC-O-43381705,Oki 43381705 Yellow OPC Drum
CWC-O-43381706,Oki 43381706 Magenta OPC Drum
CWC-O-43381707,Oki 43381707 Cyan OPC Drum
CWC-O-43381708,Oki 43381708 Black OPC Drum
CWC-O-43449013,Oki 43449013 Yellow OPC Drum
CWC-O-43449014,Oki 43449014 Magenta OPC Drum
CWC-O-43449015,Oki 43449015 Cyan OPC Drum
CWC-O-43449016,Oki 43449016 Black OPC Drum
CWC-O-43459321,Compatible Oki 43459321 Cyan Toner Cartridge High Capacity
CWC-O-43459322,Compatible Oki 43459322 Magenta Toner Cartridge High Capacity
CWC-O-43459323,Compatible Oki 43459323 Yellow Toner Cartridge High Capacity
CWC-O-43459324,Compatible Oki 43459324 Black Toner Cartridge High Capacity
CWC-O-43459405,Compatible Oki 43459405 Yellow Toner
CWC-O-43459406,Compatible Oki 43459406 Magenta Toner
CWC-O-43459407,Compatible Oki 43459407 Cyan Toner
CWC-O-43459408,Compatible Oki 43459408 Black Toner
CWC-O-43460205,Oki 43460205 Yellow OPC Drum
CWC-O-43460206,Oki 43460206 Magenta OPC Drum
CWC-O-43460207,Oki 43460207 Cyan OPC Drum
CWC-O-43460208,Oki 43460208 Black OPC Drum
CWC-O-43487710,Compatible Oki 43487710 Magenta Toner
CWC-O-43487711,Compatible Oki 43487711 Cyan Toner
CWC-O-43487712,Compatible Oki 43487712 Black Toner
CWC-O-43501902,Oki 43501902 OPC Drum
CWC-O-43502002,Compatible Oki 43502002 Black Toner Cartridge High Capacity
CWC-O-43502302,Compatible Oki 43502302 Black Toner
CWC-O-43640302,Compatible Oki 43640302 Black Toner
CWC-O-43837129,Compatible Oki 43837129 Yellow Toner
CWC-O-43837130,Compatible Oki 43837130 Magenta Toner
CWC-O-43837131,Compatible Oki 43837131 Cyan Toner
CWC-O-43837132,Compatible Oki 43837132 Black Toner
CWC-O-43865721,Compatible Oki 43865721 Yellow Toner
CWC-O-43865722,Compatible Oki 43865722 Magenta Toner
CWC-O-43865723,Compatible Oki 43865723 Cyan Toner
CWC-O-43865724,Compatible Oki 43865724 Black Toner
CWC-O-43866105,Compatible Oki 43866105 Yellow Toner
CWC-O-43866108,Compatible Oki 43866108 Black Toner
CWC-O-43913807,Compatible Oki 43913807 Cyan OPC Drum
CWC-O-43979002,Oki 43979002 Black OPC Drum
CWC-O-43979102,Compatible Oki 43979102 Black Toner
CWC-O-43979202,Compatible Oki 43979202 Black Toner Cartridge High Capacity
CWC-O-44059105,Compatible Oki 44059105 Yellow Toner
CWC-O-44059106,Compatible Oki 44059106 Magenta Toner
CWC-O-44059107,Compatible Oki 44059107 Cyan Toner
CWC-O-44059108,Compatible Oki 44059108 Black Toner
CWC-O-44059168,Compatible Oki 44059168 Black Toner
CWC-O-44059209,Compatible Oki 44059209 Yellow Toner
CWC-O-44059210,Compatible Oki 44059210 Magenta Toner
CWC-O-44059211,Compatible Oki 44059211 Cyan Toner
CWC-O-44059212,Compatible Oki 44059212 Black Toner
CWC-O-44064009,Oki 44064009 Yellow OPC Drum
CWC-O-44064010,Oki 44064010 Magenta OPC Drum
CWC-O-44064011,Oki 44064011 Cyan OPC Drum
CWC-O-44064012,Oki 44064012 Black OPC Drum
CWC-O-44250721,Compatible Oki 44250721 Yellow Toner Cartridge High Capacity
CWC-O-44250722,Compatible Oki 44250722 Magenta Toner Cartridge High Capacity
CWC-O-44250723,Compatible Oki 44250723 Cyan Toner Cartridge High Capacity
CWC-O-44250724,Compatible Oki 44250724 Black Toner Cartridge High Capacity
CWC-O-44469704,Compatible Oki 44469704 Yellow Toner
CWC-O-44469705,Compatible Oki 44469705 Magenta Toner
CWC-O-44469706,Compatible Oki 44469706 Cyan Toner
CWC-O-44469722,Compatible Oki 44469722 Yellow Toner Cartridge High Capacity
CWC-O-44469723,Compatible Oki 44469723 Magenta Toner Cartridge High Capacity
CWC-O-44469724,Compatible Oki 44469724 Cyan Toner Cartridge High Capacity
CWC-O-44469803,Compatible Oki 44469803 Black Toner
CWC-O-44574302,Oki 44574302 OPC Drum
CWC-O-44574307,Oki 44574307 OPC Drum
CWC-O-44574702,Compatible Oki 44574702 Black Toner
CWC-O-44844505,Compatible Oki 44844505 Yellow Toner
CWC-O-44844506,Compatible Oki 44844506 Magenta Toner
CWC-O-44844507,Compatible Oki 44844507 Cyan Toner
CWC-O-44844508,Compatible Oki 44844508 Black Toner
CWC-O-44844613,Compatible Oki 44844613 Yellow Toner
CWC-O-44844614,Compatible Oki 44844614 Magenta Toner
CWC-O-44844615,Compatible Oki 44844615 Cyan Toner
CWC-O-44844616,Compatible Oki 44844616 Black Toner
CWC-O-44973508,Compatible Oki 44973508 Black Toner Cartridge High Capacity
CWC-O-44973533,Compatible Oki 44973533 Yellow Toner
CWC-O-44973534,Compatible Oki 44973534 Magenta Toner
CWC-O-44973535,Compatible Oki 44973535 Cyan Toner
CWC-O-44973536,Compatible Oki 44973536 Black Toner
CWC-O-44992402,Compatible Oki 44992402 Black Toner Cartridge High Capacity
CWC-O-45536413,Compatible Oki 45536413 Yellow Toner
CWC-O-45536414,Compatible Oki 45536414 Magenta Toner
CWC-O-45536415,Compatible Oki 45536415 Cyan Toner
CWC-O-45536416,Compatible Oki 45536416 Black Toner
CWC-O-09004391,Compatible Oki 09004391 Black Toner Cartridge High Capacity
CWC-R-402810,Compatible Ricoh 402810 Black Toner
CWC-R-406052,Compatible Ricoh 406094 (406052) Black Toner Cartridge
CWC-R-406053,Compatible Ricoh 406097 (406053) Cyan Toner Cartridge
CWC-R-406054,Compatible Ricoh 406100 (406054) Magenta Toner Cartridge
CWC-R-406055,Compatible Ricoh 406106 (406055) Yellow Toner Cartridge
CWC-R-406348,Compatible Ricoh 406348 Black Toner Cartridge
CWC-R-406349,Compatible Ricoh 406349 Cyan Toner
CWC-R-406350,Compatible Ricoh 406350 Magenta Toner
CWC-R-406351,Compatible Ricoh 406351 Yellow Toner
CWC-R-406479,Compatible Ricoh 406479 Black Toner Cartridge High Capacity
CWC-R-406480,Compatible Ricoh 406480 Cyan Toner Cartridge High Capacity
CWC-R-406481,Compatible Ricoh 406481 Magenta Toner Cartridge High Capacity
CWC-R-406482,Compatible Ricoh 406482 Yellow Toner Cartridge High Capacity
CWC-R-406685,Compatible Ricoh 406685 Black Toner
CWC-R-407254,Compatible Ricoh 407254 Black Toner Cartridge High Capacity
CWC-S-MLTD204E,Compatible Samsung MLT-D204E Toner Cartridge Black 10k
CWC-S-MLTD204L,Compatible Samsung MLT-D204L Toner Cartridge Black 5k
CWC-S-CLPC600A,Compatible Samsung CLP-C600A/ELS Cyan Toner
CWC-S-CLPC660B,Compatible Samsung CLP-C660B/ELS Cyan Toner Cartridge High Capacity
CWC-S-CLPK600A,Compatible Samsung CLP-K600A/ELS Black Toner
CWC-S-CLPK660B,Compatible Samsung CLP-K660B/ELS Black Toner Cartridge High Capacity
CWC-S-CLPM600A,Compatible Samsung CLP-M600A/ELS Magenta Toner
CWC-S-CLPM660B,Compatible Samsung CLP-M660B/ELS Magenta Toner Cartridge High Capacity
CWC-S-CLPY660B,Compatible Samsung CLP-Y660B/ELS Yellow Toner Cartridge High Capacity
CWC-S-CLTC404S,Compatible Samsung C404S Cyan Toner Cartridge 1k5
CWC-S-CLTC505L,Compatible Samsung CLT-C505L/ELS Cyan Toner
CWC-S-CLTK404S,Compatible Samsung K404S Toner Cartridge Black 1k5
CWC-S-CLTK505L,Compatible Samsung CLT-K505L/ELS Black Toner
CWC-S-CLTM404S,Compatible Samsung M404S Toner Cartridge Magenta 1k5
CWC-S-CLTM505L,Compatible Samsung CLT-M505L/ELS Magenta Toner
CWC-S-CLTR406,Samsung CLT-R406/SEE OPC Drum
CWC-S-CLTY404S,Compatible Samsung Y404S Toner Cartridge Yellow 1k5
CWC-S-CLTY505L,Compatible Samsung CLT-Y505L/ELS Yellow Toner
CWC-S-ML2550DA,Compatible Samsung ML-2550DA/ELS Black Toner
CWC-S-MLD1630A,Compatible Samsung ML-D1630A Toner Cartridge Black ML1630
CWC-S-MLD3050A,Compatible Samsung ML-D3050A/ELS Black Toner
CWC-S-MLD4550B,Compatible Samsung ML-D4550B/ELS Black Toner Cartridge High Capacity
CWC-S-MLTD205S,Compatible Samsung MLT-D205S/ELS Black Toner
CWC-S-MLTD2082L,Compatible Samsung MLT-D2082L Toner Cartridge Black SCX-5635FN
CWC-S-MLTD307E,Compatible Samsung MLT-D307E Toner Cartridge Black 20k
CWC-S-MLTD307L,Compatible Samsung MLT-D307L/ELS Black Toner Cartridge High Capacity
CWC-S-MLTD307S,Compatible Samsung MLT-D307S Toner Cartridge Black 7k
CWC-X-108R00605,Compatible Xerox 108R00605 Cyan colourStix (x3)
CWC-X-113R00723,Compatible Xerox 113R00723 Cyan Toner Cartridge High Capacity
CWC-X-113R00724,Compatible Xerox 113R00724 Magenta Toner Cartridge High Capacity
CWC-X-113R00725,Compatible Xerox 113R00725 Yellow Toner Cartridge High Capacity
CWC-X-113R00726,Compatible Xerox 113R00726 Black Toner Cartridge High Capacity
CWC-X-106R01082,Compatible Xerox 106R01082 Cyan Toner Cartridge High Capacity
CWC-X-106R01083,Compatible Xerox 106R01083 Magenta Toner Cartridge High Capacity
CWC-X-106R01084,Compatible Xerox 106R01084 Yellow Toner Cartridge High Capacity
CWC-X-106R01085,Compatible Xerox 106R01085 Black Toner Cartridge High Capacity
CWC-X-106R01144,Compatible Xerox 106R01144 Cyan Toner Cartridge High Capacity
CWC-X-106R01145,Compatible Xerox 106R01145 Magenta Toner Cartridge High Capacity
CWC-X-106R01146,Compatible Xerox 106R01146 Yellow Toner Cartridge High Capacity
CWC-X-106R01147,Compatible Xerox 106R01147 Black Toner Cartridge High Capacity
CWC-X-106R01149,Compatible Xerox 106R01149 Black Toner Cartridge High Capacity
CWC-X-106R01294,Compatible Xerox 106R01294 Black Toner
CWC-X-106R01371,Compatible Xerox 106R01371 Black Toner Cartridge High Capacity
CWC-X-106R01379,Compatible Xerox 106R01379 Black Toner Cartridge High Capacity
CWC-X-106R01412,Compatible Xerox 106R01412 Black Toner Cartridge High Capacity
CWC-X-106R02720,Compatible Xerox 106R02720 Black Toner
CWC-X-106R02722,Compatible Xerox 106R02722 Black Toner Cartridge High Capacity
CWC-X-106R02731,Compatible Xerox 106R02731 Black Toner Cartridge Extra High Capacity
CWC-X-106R02756,Compatible Xerox 106R02756 Cyan Toner
CWC-X-106R02757,Compatible Xerox 106R02757 Magenta Toner
CWC-X-106R02758,Compatible Xerox 106R02758 Yellow Toner
CWC-X-106R02759,Compatible Xerox 106R02759 Black Toner
CWC-X-108R00795,Compatible Xerox 108R00795 Black Toner Cartridge High Capacity
CWC-X-113R00711,Compatible Xerox 113R00711 Black Toner
CWC-X-113R00730,Compatible Xerox 113R00730 Black Toner Cartridge High Capacity
CWC-C-PGI570PGBKXL,Compatible Canon PGI-570XL Black High Capacity Inkjet Cartridge (0318C001)
CWC-O-42126605,Oki 42126605 Yellow OPC Drum
CWC-O-42126606,Oki 42126606 Magenta OPC Drum
CWC-O-42126607,Oki 42126607 Cyan OPC Drum
CWC-O-42126608,Compatible Oki 42126608 Black OPC Drum
CWC-O-42127405,Compatible Oki 42127405 Yellow Toner Cartridge High Capacity
CWC-O-42127406,Compatible Oki 42127406 Magenta Toner Cartridge High Capacity
CWC-O-42127407,Compatible Oki 42127407 Cyan Toner Cartridge High Capacity
CWC-O-42127408,Compatible Oki 42127408 Black Toner Cartridge High Capacity
CWC-B-DR130CL,Compatible Brother DR-130CL OPC Drum
CWC-B-LC800C,Compatible Ink Cartridge - Compatible Brother LC-800C Cyan Inkjet Cartridge
CWC-B-LC800M,Compatible Ink Cartridge - Compatible Brother LC-800M Magenta Inkjet Cartridge
CWC-B-LC800Y,Compatible Ink Cartridge - Compatible Brother LC-800Y Yellow Inkjet Cartridge
CWC-B-TN130BK,Compatible Brother TN-130BK Black Toner
CWC-B-TN130C,Compatible Brother TN-130C Cyan Toner
CWC-B-TN130M,Compatible Brother TN-130M Magenta Toner
CWC-B-TN130Y,Compatible Brother TN-130Y Yellow Toner
CWC-B-TN135BK,Compatible Brother TN-135BK Black Toner Cartridge High Capacity
CWC-B-TN135C,Compatible Brother TN-135C Cyan Toner Cartridge High Capacity
CWC-B-TN135M,Compatible Brother TN-135M Magenta Toner Cartridge High Capacity
CWC-B-TN135Y,Compatible Brother TN-135Y Yellow Toner Cartridge High Capacity
CWC-B-TN8000,Compatible Brother TN-8000 Black Toner
CWC-C-FX10,Compatible Canon FX10 Toner Cartridge Black (0263B002)
CWC-C-CL41,Compatible Canon CL-41 Cyan Magenta Yellow Inkjet Cartridge
CWC-C-CL51,Compatible Canon CL-51 Cyan Magenta Yellow Inkjet Cartridge
CWC-C-CLI8PC,Compatible Canon CLI-8PC Photo Cyan Inkjet Cartridge (0624B001)
CWC-C-CLI8PM,Compatible Canon CLI-8PM Photo Magenta Inkjet Cartridge (0625B001)
CWC-C-CLI8G,Compatible Canon CLI-8G Green Inkjet Cartridge (0627B001)
CWC-C-PGI35BK,Compatible Canon PGI-35 Black Inkjet Cartridge (1509B001)
CWC-C-CLI36,Compatible Canon CLI-36 Col Cyan Magenta Yellow Inkjet Cartridge
CWC-C-1657B002,Compatible Canon 1657B002 Cartridge Yellow (1657B002)
CWC-C-1658B002,Compatible Canon 1658B002 Cartridge Magenta (1658B002)
CWC-C-1659B002,Compatible Canon 1659B002 Cartridge Cyan (1659B002)
CWC-C-1660B002,Compatible Canon 1660B002 Cartridge Black (1660B002)
CWC-C-CRG712,Compatible Canon 1870B002 Black (CRG-712)
CWC-C-CRG713,Compatible Canon CRG-713 Toner Cartridge Black (1871B002)
CWC-C-PG37BK,Compatible Canon PG-37 Black Inkjet Cartridge (2145B001)
CWC-C-CL38,Compatible Canon CL-38 Cyan Magenta Yellow Inkjet Cartridge
CWC-C-PGI520PGBK,Compatible Canon PGI-520BK Black Inkjet Cartridge (2932B001)
CWC-C-CLI521BK,Compatible Canon CLI-521BK Black Inkjet Cartridge (2933B001)
CWC-C-CLI521C,Compatible Canon CLI-521C Cyan Inkjet Cartridge (2934B001)
CWC-C-CLI521M,Compatible Canon CLI-521M Magenta Inkjet Cartridge (2935B001)
CWC-C-CLI521GY,Compatible Canon CLI-521GY Grey (2937B001)
CWC-C-PG510BK,Compatible Canon PG-510 Black Inkjet Cartridge (2970B001)
CWC-C-CRG728,Compatible Canon CRG 728 Cartridge Black (3500B002)
CWC-C-BCI6PC,Compatible Canon BCI-6PC Photo Cyan Inkjet Cartridge (4709A002)
CWC-C-BCI24COL,Compatible Canon BCI-24 Inkjet Cartridge (6882A002)
CWC-C-BCI15,Compatible Canon Cartridge BCI-15 Black Inkjet Cartridge (8190A002)
CWC-C-EP707Y,Compatible Canon EP-707Y Cartridge yellow (9421A004)
CWC-C-EP707M,Compatible Canon EP-707M Cartridge magenta (9422A004)
CWC-C-EP707C,Compatible Canon EP-707C Cartridge Cyan (9423A004)
CWC-C-EP707KBK,Compatible Canon EP-707K Black Toner Cartridge (9424A004)
CWC-D-593-BBBI,Compatible Dell 593-BBBI Black Toner
CWC-D-593-BBBJ,Compatible Dell 593-BBBJ Black Toner Cartridge High Capacity
CWC-D-593-BBBR,Compatible Dell 593-BBBR Yellow Toner Cartridge High Capacity
CWC-D-593-BBBU,Compatible Dell 593-BBBU Black Toner Cartridge Extra High Capacity
CWC-E-S050010,Compatible Epson S050010 Black Toner Cartridge (C13S050010)
CWC-E-S050097,Compatible Epson C13S050097 Yellow Toner
CWC-E-S050098,Compatible Epson C13S050098 Magenta Toner
CWC-E-S050099,Compatible Epson C13S050099 Cyan Toner
CWC-E-S050100,Compatible Epson C13S050100 Black Toner
CWC-E-T003,Compatible Epson T003 Black Ink Cartridge (C13T00301210)
CWC-E-T013,Compatible Epson Singlepack Black T013 (C13T01340110)
CWC-E-T014,Compatible Epson Singlepack Colour T014 (C13T01440110)
CWC-E-T017,Compatible Epson Singlepack Black T017 (C13T01740110)
CWC-E-T019,Compatible Epson Singlepack Black T019 (C13T01940110)
CWC-E-T020,Compatible Epson T020 Colour Ink Cartridge (C13T02040110)
CWC-E-T026,Compatible Epson Singlepack Black T026 (C13T02640110)
CWC-E-T027-5COL,Compatible Epson 5 colours T027 Inkjet Cartridge (C13T02740110)
CWC-E-T0321,Compatible Epson Black T0321 Ink (C13T03214010)
CWC-E-T0322,Compatible Epson Cyan T0322 Ink (C13T03224010)
CWC-E-T0323,Compatible Epson Magenta T0323 Ink (C13T03234010)
CWC-E-T0324,Compatible Epson Yellow T0324 Ink (C13T03244010)
CWC-E-T0341,Compatible Epson Singlepack Black T0341 (C13T03414010)
CWC-E-T0342,Compatible Epson Singlepack Cyan T0342 (C13T03424010)
CWC-E-T0343,Compatible Epson Singlepack Magenta T0343 (C13T03434010)
CWC-E-T0344,Compatible Epson Singlepack Yellow T0344 (C13T03444010)
CWC-E-T0345,Compatible Epson Singlepack Light Cyan T0345 (C13T03454010)
CWC-E-T0346,Compatible Epson Singlepack Light Magenta T0346 (C13T03464010)
CWC-E-T0347,Compatible Epson Singlepack Light Black T0347 (C13T03474010)
CWC-E-T0348,Compatible Epson Singlepack Matte Black T0348 (C13T03484010)
CWC-E-T040,Compatible Epson Singlepack Black T040 (C13T04014010)
CWC-E-T041,Compatible Epson Singlepack Colour T041 (C13T04104010)
CWC-E-T0422,Compatible Epson Singlepack Cyan T0422 (C13T04224010)
CWC-E-T0423,Compatible Epson Singlepack Magenta T0423 (C13T04234010)
CWC-E-T0424,Compatible Epson Singlepack Yellow T0424 (C13T04244010)
CWC-E-T0431,Compatible Epson Black T0431 Ink High Capacity (C13T04314010)
CWC-E-T0441,Compatible Epson Black T0441 Ink (C13T04414010)
CWC-E-T0442,Compatible Epson Cyan T0442 Ink High Capacity (C13T04424010)
CWC-E-T0443,Compatible Epson Magenta T0443 Ink High Capacity (C13T04434010)
CWC-E-T0444,Compatible Epson Yellow T0444 Ink High Capacity (C13T04444010)
CWC-E-T0481,Compatible Epson Singlepack Black T0481 (C13T04814010)
CWC-E-T0482,Compatible Epson Singlepack Cyan T0482 (C13T04824010)
CWC-E-T0483,Compatible Epson Singlepack Magenta T0483 (C13T04834010)
CWC-E-T0484,Compatible Epson Singlepack Yellow T0484 (C13T04844010)
CWC-E-T0485,Compatible Epson Singlepack Light Cyan T0485 (C13T04854010)
CWC-E-T0486,Compatible Epson Singlepack Light Magenta T0486 (C13T04864010)
CWC-E-T0487,Compatible Epson Multipack 6-colours T0487 (C13T04874010)
CWC-E-T050,Compatible Epson Singlepack Black T0501 (C13T05014010)
CWC-E-T052,Compatible Epson Singlepack Colour T0520 (C13T05204010)
CWC-E-T1001,Compatible Epson Black T1001 (C13T10014010)
CWC-E-T1002,Compatible Epson Cyan T1002 (C13T10024010)
CWC-E-T1003,Compatible Epson Magenta T1003 (C13T10034010)
CWC-E-T1004,Compatible Epson Yellow T1004 (C13T10044010)
CWC-H-C4191A,Compatible HP C4191A Cartridge Black
CWC-H-C4192A,Compatible HP C4192A Cartridge Cyan
CWC-H-C4193A,Compatible HP C4193A Cartridge Magenta
CWC-H-C4194A,Compatible HP C4194A Cartridge Yellow
CWC-H-17COL,Compatible HP C6625AE (17) Colour Inkjet Cartridge
CWC-KM-1710517-005,Compatible Konica Minolta 1710517-005 Black Toner Cartridge High Capacity
CWC-L-C780H1CG,Compatible Lexmark C780
CWC-L-C780H1KG,Compatible Lexmark C780H1KG Cartridge Black
CWC-L-C780H1MG,Compatible Lexmark C780 UB-T-C780H1MG
CWC-L-C780H1YG,Compatible Lexmark C780H1YG Cartridge Yellow
CWC-L-E260A21E,Compatible Lexmark E260A21E Cartridge Black
CWC-L-X340H21G,Compatible Lexmark X340H21G Toner Cartridge Black
CWC-O-41963005,Compatible Oki 41963005 Yellow Toner
CWC-O-41963006,Compatible Oki 41963006 Magenta Toner
CWC-O-41963007,Compatible Oki 41963007 Cyan Toner
CWC-O-41963008,Compatible Oki 41963008 Black Toner
CWC-O-43324421,Compatible Oki 43324421 Yellow Toner
CWC-O-43324422,Compatible Oki 43324422 Magenta Toner
CWC-O-43324423,Compatible Oki 43324423 Cyan Toner
CWC-O-43324424,Compatible Oki 43324424 Black Toner
CWC-O-43866106,Compatible Oki 43866106 Magenta Toner
CWC-O-43866107,Compatible Oki 43866107 Cyan Toner
CWC-O-43913805,Compatible Oki 43913805 Yellow OPC Drum
CWC-O-43913806,Compatible Oki 43913806 Magenta OPC Drum
CWC-O-43913808,Oki 43913808 Black OPC Drum
CWC-O-44318605,Compatible Oki 44318605 Yellow Toner
CWC-O-44318606,Compatible Oki 44318606 Magenta Toner
CWC-O-44318607,Compatible Oki 44318607 Cyan Toner
CWC-O-44318608,Compatible Oki 44318608 Black Toner
CWC-O-09004058,Compatible Oki 09004058 Black Toner
CWC-O-09004462,Compatible Oki 09004462 Black Toner Cartridge High Capacity
CWC-S-CLP500D5C,Compatible Samsung CLP-500D5C Toner Cartridge Cyan CLP-500
CWC-S-CLP500D5Y,Compatible Samsung CLP-500D5Y/ELS Yellow Toner
CWC-S-SCX4100D3,Compatible Samsung SCX-4100D3 Toner Cartridge Black SCX-4100
CWC-S-SCX4216D3,Compatible Samsung SCX-4216D3/ELS Black Toner
CWC-S-SCX4720D5,Compatible Samsung SCX-4720D5/ELS Black Toner Cartridge High Capacity
CWC-S-SCX6320D8,Compatible Samsung SCX-6320D8/ELS Black Toner
CWC-S-SCX6320R2,Samsung SCX-6320R2/ELS OPC Drum
CWC-S-SCXD4200A,Compatible Samsung SCX-D4200A/ELS Black Toner
CWC-X-016204000,Compatible Xerox 016204000 Black colourStix (x5)
CWC-X-016204500,Compatible Xerox 016204500 Cyan colourStix (x5)
CWC-X-016204600,Compatible Xerox 016204600 Magenta colourStix (x5)
CWC-X-016204700,Compatible Xerox 016204700 Yellow colourStix (x5)
CWC-X-106R00672,Compatible Xerox 106R00672 Cyan Toner Cartridge High Capacity
CWC-X-106R00673,Compatible Xerox 106R00673 Magenta Toner Cartridge High Capacity
CWC-X-106R00674,Compatible Xerox 106R00674 Yellow Toner Cartridge High Capacity
CWC-X-106R00675,Compatible Xerox 106R00675 Black Toner Cartridge High Capacity
CWC-X-106R00682,Compatible Xerox 106R00682 Yellow Toner Cartridge High Capacity
CWC-X-106R00684,Compatible Xerox 106R00684 Black Toner Cartridge High Capacity
CWC-X-106R01077,Compatible Xerox 106R01077 Cyan Toner Cartridge High Capacity
CWC-X-106R01078,Compatible Xerox 106R01078 Magenta Toner Cartridge High Capacity
CWC-X-106R01079,Compatible Xerox 106R01079 Yellow Toner Cartridge High Capacity
CWC-X-106R01080,Compatible Xerox 106R01080 Black Toner Cartridge High Capacity
CWC-X-106R01160,Compatible Xerox 106R01160 Cyan Toner Cartridge High Capacity
CWC-X-106R01161,Compatible Xerox 106R01161 Magenta Toner Cartridge High Capacity
CWC-X-106R01162,Compatible Xerox 106R01162 Yellow Toner Cartridge High Capacity
CWC-X-106R01163,Compatible Xerox 106R01163 Black Toner Cartridge High Capacity
CWC-X-106R01214,Compatible Xerox 106R01214 Cyan Toner
CWC-X-106R01215,Compatible Xerox 106R01215 Magenta Toner
CWC-X-106R01216,Compatible Xerox 106R01216 Yellow Toner
CWC-X-106R01217,Compatible Xerox 106R01217 Black Toner
CWC-X-106R01218,Compatible Xerox 106R01218 Cyan Toner Cartridge High Capacity
CWC-X-106R01219,Compatible Xerox 106R01219 Magenta Toner Cartridge High Capacity
CWC-X-106R01220,Compatible Xerox 106R01220 Yellow Toner Cartridge High Capacity
CWC-X-106R01221,Compatible Xerox 106R01221 Black Toner Cartridge High Capacity
CWC-X-106R01271,Compatible Xerox 106R01271 Cyan Toner
CWC-X-106R01272,Compatible Xerox 106R01272 Magenta Toner
CWC-X-106R01273,Compatible Xerox 106R01273 Yellow Toner
CWC-X-106R01274,Compatible Xerox 106R01274 Black Toner
CWC-X-108R00650,Compatible Xerox 108R00650 Black Imaging Unit
CWC-X-108R00660,Xerox 108R00660 Solid Ink Cyan Pk3 C2424
CWC-X-108R00661,Xerox 108R00661 Solid Ink Magenta Pk3 C2424
CWC-X-108R00662,Xerox 108R00662 Solid Ink Yellow Pk3 C2424
CWC-X-108R00664,Xerox 108R00664 Solid Ink Black Pk7 C2424
CWC-X-113R00668,Compatible Xerox 113R00668 Black Toner
CWC-C-EP701Y,Compatible Canon EP-701Y Yellow Toner Cartridge (9284A003)
CWC-C-EP701M,Compatible Canon EP-701M Magenta Toner Cartridge (9285A003)
CWC-C-EP701C,Compatible Canon EP-701C Cyan Toner Cartridge (9286A003)
CWC-C-EP701K,Compatible Canon EP-701K Black Toner Cartridge (9287A003)
CWC-B-DR6000,Compatible Brother DR-6000 OPC Drum
CWC-B-TN200,Compatible Brother TN-200 Toner Cartridge black
CWC-B-TN9000,Compatible Brother TN-9000 Toner Cartridge Black
CWC-B-TN9500,Compatible Brother TN-9500 Toner Cartridge Black
CWC-B-TN300,Compatible Brother TN-300 Black Toner Cartridge
CWC-C-BC02,Compatible Canon Cartridge BC-02 Inkjet Cartridge (BC02)
CWC-C-BC23,Compatible Canon Cartridge BC-23 Black Inkjet Cartridge (BC23)
CWC-C-BC05COL,Compatible Canon Cartridge BC-05 3-colour Inkjet Cartridge (BC05)
CWC-C-BCI6BK,Compatible Canon BCI-6BK Black (4705A002)
CWC-C-BCI6G,Compatible Canon BCI-6G green Inkjet Cartridge (9473A002)
CWC-C-BCI6R,Compatible Canon BCI-6R Red Inkjet Cartridge (8891A002)
CWC-C-CLI526G,Compatible Canon CLI-526GY Grey (4544B001)
CWC-C-PG50BK,Compatible Canon PG-50 Black Inkjet Cartridge (0616B001)
CWC-C-CRG729Y,Compatible Canon 729Y Cartridge Yellow (4367B002)
CWC-C-CRG729M,Compatible Canon 729M Cartridge Magenta (4368B002)
CWC-C-CRG729C,Compatible Canon 729C Cartridge Cyan (4369B002)
CWC-C-729BK,Compatible Canon 729BK Cartridge Black (4370B002)
CWC-C-EP87,Compatible Canon EP-87 Toner Cartridge Black
CWC-C-EP701,Compatible Canon EP-701 printer drum (9623A003)
CWC-C-708BK,Compatible Canon 708 Cartridge Black (0266B002)
CWC-C-708HBK,Compatible Canon 708H Black (0917B002)
CWC-C-CRG715,Compatible Canon 715 Black (1975B002)
CWC-C-EP52,Compatible Canon EP-52 Toner Cartridge Black (3839A003)
CWC-C-EP25BK,Compatible Canon EP-25 Toner Cartridge Black (5773A003)
CWC-C-CEXV5,Compatible Canon C-EXV5 Toner Cartridge Black (6836A002)
CWC-C-703BK,Compatible Canon 703 Cartridge Black (7616A005)
CWC-C-CRG720,Compatible Canon 720 Cartridge Black (2617B002)
CWC-C-CRG723Y,Compatible Canon CRG-723Y Yellow Toner Cartridge (2641B002)
CWC-C-CRG723M,Compatible Canon CRG-723M Magenta Toner Cartridge (2642B002)
CWC-C-CRG723C,Compatible Canon CRG-723C Cyan Toner Cartridge (2643B002)
CWC-C-CRG723BK,Compatible Canon 2644B002 Black Toner
CWC-C-CRG723BKH,Compatible Canon 2645B002 Black Toner Cartridge High Capacity
CWC-C-CEXV29BK,Compatible Canon C-EXV29 Toner Cartridge Black (2790B002)
CWC-C-CEXV29C,Compatible Canon C-EXV29 Toner Cartridge Cyan (2794B002)
CWC-C-CEXV29M,Compatible Canon C-EXV29 Magenta Toner Cartridge (2798B002)
CWC-C-CEXV29Y,Compatible Canon C-EXV29 Toner Cartridge yellow (2802B002)
CWC-C-CEXV34BK,Compatible Canon C-EXV34 Toner Cartridge Black (3782B002)
CWC-C-CEXV34C,Compatible Canon C-EXV34 Toner Cartridge Cyan (3783B002)
CWC-C-CEXV34M,Compatible Canon C-EXV34 Toner Cartridge Magenta (3784B002)
CWC-C-CEXV34Y,Compatible Canon C-EXV34 Toner Cartridge Yellow (3785B002)
CWC-C-CRGT,Compatible Canon T Toner Cartridge Black L400/L380/PCD320 (7833A008)
CWC-C-EP22,Compatible Canon EP-22 Cartridge Black (1550A003)
CWC-C-FX3,Compatible Canon FX-3 Black (1557A003)
CWC-D-593-10170,Compatible Dell 593-10170 Black Toner Cartridge High Capacity
CWC-D-593-10171,Compatible Dell 593-10171 Cyan Toner Cartridge High Capacity
CWC-D-593-10172,Compatible Dell 593-10172 Magenta Toner Cartridge High Capacity
CWC-D-593-10173,Compatible Dell 593-10173 Yellow Toner Cartridge High Capacity
CWC-D-593-10331,Compatible Dell 593-10331 Black Toner Cartridge High Capacity
CWC-D-593-11016,Compatible Dell 593-11016 Black Toner Cartridge High Capacity
CWC-D-593-11017,Compatible Dell 593-11017 Cyan Toner
CWC-D-593-11018,Compatible Dell 593-11018 Magenta Toner Cartridge High Capacity
CWC-D-593-11019,Compatible Dell 593-11019 Yellow Toner Cartridge High Capacity
CWC-D-593-11020,Compatible Dell 593-11020 Black Toner
CWC-D-593-11021,Compatible Dell 593-11021 Cyan Toner Cartridge High Capacity
CWC-D-593-11022,Compatible Dell 593-11022 Magenta Toner Cartridge
CWC-D-593-11023,Compatible Dell 593-11023 Yellow Toner
CWC-D-593-11108,Compatible Dell 593-11108 Black Toner
CWC-D-593-11109,Compatible Dell 593-11109 Black Toner Cartridge High Capacity
CWC-D-593-11140,Compatible Dell 593-11140 Black Toner Cartridge High Capacity
CWC-D-593-11141,Compatible Dell 593-11141 Cyan Toner Cartridge High Capacity
CWC-D-593-11142,Compatible Dell 593-11142 Magenta Toner Cartridge High Capacity
CWC-D-593-11143,Compatible Dell 593-11143 Yellow Toner Cartridge High Capacity
CWC-D-593-11144,Compatible Dell 593-11144 Black Toner
CWC-D-593-11145,Compatible Dell 593-11145 Cyan Toner
CWC-D-593-11146,Compatible Dell 593-11146 Magenta Toner
CWC-D-593-11147,Compatible Dell 593-11147 Yellow Toner
CWC-D-593-11188,Compatible Dell 593-11188 Black Toner Cartridge Extra High Capacity
CWC-D-593-10006,Compatible Dell 593-10006 Toner Cartridge Black Hi Cap P1500
CWC-D-593-10038,Compatible Dell 593-10038 Black Toner Cartridge High Capacity
CWC-D-593-10051,Compatible Dell 593-10051 Cyan Toner
CWC-D-593-10052,Compatible Dell 593-10052 Magenta Toner
CWC-D-593-10053,Compatible Dell 593-10053 Yellow Toner
CWC-D-593-10054,Compatible Dell 593-10054 Black Toner
CWC-D-593-10061,Compatible Dell 593-10061 Cyan Toner Cartridge High Capacity
CWC-D-593-10062,Compatible Dell 593-10062 Magenta Toner Cartridge High Capacity
CWC-D-593-10063,Compatible Dell 593-10063 Yellow Toner Cartridge High Capacity
CWC-D-593-10064,Compatible Dell 593-10064 Cyan Toner
CWC-D-593-10065,Compatible Dell 593-10065 Magenta Toner
CWC-D-593-10066,Compatible Dell 593-10066 Yellow Toner
CWC-D-593-10067,Compatible Dell 593-10067 Black Toner
CWC-D-593-10076,Compatible Dell 593-10076 OPC Drum
CWC-D-593-10078,Dell 593-10078 OPC Drum
CWC-D-593-10082,Compatible Dell 593-10082 Black Toner Cartridge High Capacity
CWC-D-593-10094,Compatible Dell 593-10094 Black Toner
CWC-D-593-10118,Compatible Dell 593-10118 Cyan Toner
CWC-D-593-10119,Compatible Dell 593-10119 Cyan Toner Cartridge High Capacity
CWC-D-593-10120,Compatible Dell 593-10120 Black Toner
CWC-D-593-10121,Compatible Dell 593-10121 Black Toner Cartridge High Capacity
CWC-D-593-10122,Compatible Dell 593-10122 Yellow Toner
CWC-D-593-10123,Compatible Dell 593-10123 Yellow Toner Cartridge High Capacity
CWC-D-593-10124,Compatible Dell 593-10124 Magenta Toner
CWC-D-593-10125,Compatible Dell 593-10125 Magenta Toner Cartridge High Capacity
CWC-D-593-10154,Compatible Dell 593-10154 Black Toner
CWC-D-593-10155,Compatible Dell 593-10155 Cyan Toner
CWC-D-593-10156,Compatible Dell 593-10156 Yellow Toner
CWC-D-593-10157,Compatible Dell 593-10157 Magenta Toner
CWC-D-593-10166,Compatible Dell 593-10166 Cyan Toner
CWC-D-593-10167,Compatible Dell 593-10167 Magenta Toner
CWC-D-593-10168,Compatible Dell 593-10168 Yellow Toner
CWC-D-593-10169,Compatible Dell 593-10169 Black Toner
CWC-D-593-10240,Compatible Dell 593-10240 Black Toner
CWC-D-593-10241,Dell 593-10241 OPC Drum
CWC-D-593-10289,Compatible Dell 593-10289 Black Toner Cartridge High Capacity
CWC-D-593-10290,Compatible Dell 593-10290 Cyan Toner Cartridge High Capacity
CWC-D-593-10291,Compatible Dell 593-10291 Yellow Toner Cartridge High Capacity
CWC-D-593-10292,Compatible Dell 593-10292 Magenta Toner Cartridge High Capacity
CWC-D-593-10313,Compatible Dell 593-10313 Cyan Toner Cartridge High Capacity
CWC-D-593-10314,Compatible Dell 593-10314 Yellow Toner Cartridge High Capacity
CWC-D-593-10315,Compatible Dell 593-10315 Magenta Toner Cartridge High Capacity
CWC-D-593-10329,Compatible Dell 593-10329 Black Toner Cartridge High Capacity
CWC-D-593-10330,Compatible Dell 593-10330 Black Toner
CWC-D-593-10368,Compatible Dell 593-10368 Black Toner Cartridge High Capacity
CWC-D-593-10369,Compatible Dell 593-10369 Cyan Toner Cartridge High Capacity
CWC-D-593-10370,Compatible Dell 593-10370 Magenta Toner Cartridge High Capacity
CWC-D-593-10371,Compatible Dell 593-10371 Yellow Toner Cartridge High Capacity
CWC-D-593-10493,Compatible Dell 593-10493 Black Toner
CWC-D-593-10494,Compatible Dell 593-10494 Cyan Toner
CWC-D-593-10495,Compatible Dell 593-10495 Magenta Toner
CWC-D-593-10496,Compatible Dell 593-10496 Yellow Toner
CWC-D-593-10838,Compatible Dell 593-10838 Black Toner Cartridge High Capacity
CWC-D-593-10873,Compatible Dell 593-10873 Black Toner Cartridge High Capacity
CWC-D-593-10875,Compatible Dell 593-10875 Magenta Toner Cartridge High Capacity
CWC-D-593-10876,Compatible Dell 593-10876 Cyan Toner Cartridge High Capacity
CWC-D-593-10878,Compatible Dell 593-10878 Yellow Toner Cartridge High Capacity
CWC-D-593-10922,Compatible Dell 593-10922 Cyan Toner Cartridge High Capacity
CWC-D-593-10923,Compatible Dell 593-10923 Magenta Toner Cartridge High Capacity
CWC-D-593-10924,Compatible Dell 593-10924 Yellow Toner Cartridge High Capacity
CWC-D-593-10925,Compatible Dell 593-10925 Black Toner Cartridge High Capacity
CWC-D-593-10962,Compatible Dell 593-10962 (P9H7G) Black Toner Cartridge 1k5
CWC-D-593-11033,Compatible Dell 593-11033 Magenta Toner Cartridge High Capacity
CWC-D-593-11034,Compatible Dell 593-11034 Cyan Toner
CWC-D-593-11036,Compatible Dell 593-11036 Yellow Toner
CWC-D-593-11037,Compatible Dell 593-11037 Yellow Toner Cartridge High Capacity
CWC-D-593-11038,Compatible Dell 593-11038 Magenta Toner
CWC-D-593-11039,Compatible Dell 593-11039 Black Toner
CWC-D-593-11040,Compatible Dell 593-11040 Black Toner Cartridge High Capacity
CWC-D-593-11041,Compatible Dell 593-11041 Cyan Toner Cartridge High Capacity
CWC-D-593-11110,Compatible Dell 593-11110 Black Toner
CWC-D-593-11119,Compatible Dell 593-11119 Black Toner Cartridge Extra High Capacity
CWC-D-593-11120,Compatible Dell 593-11120 Yellow High Capacity Toner Cartridge
CWC-D-593-11121,Compatible Dell 593-11121 Magenta Toner Cartridge Extra High Capacity
CWC-D-593-11122,Compatible Dell 593-11122 Cyan Toner Cartridge Extra High Capacity
CWC-D-593-11128,Compatible Dell 593-11128 Magenta Toner
CWC-D-593-11129,Compatible Dell 593-11129 Cyan Toner
CWC-D-593-11130,Compatible Dell 593-11130 Black Toner
CWC-D-593-11131,Compatible Dell 593-11131 Yellow Toner
CWC-D-593-11165,Compatible Dell 593-11165 Black Toner Cartridge Return
CWC-D-593-11167,Compatible Dell 593-11167 Black High Capacity Toner Cartridge
CWC-D-593-11187,Compatible Dell 593-11187 Black Toner Cartridge Return
CWC-D-593-11190,Compatible Dell 593-11190 Black Toner Cartridge High Capacity
CWC-D-593-BBBS,Compatible Dell 593-BBBS Magenta Toner Cartridge High Capacity
CWC-D-593-BBJX,Compatible Dell 593-BBJX (H3M8P) Black Toner
CWC-D-593-BBLH,Compatible Dell 593-BBLH Black Toner Cartridge High Capacity
CWC-D-593-BBLN,Compatible Dell 593-BBLN Black Toner
CWC-D-593-BBLR,Compatible Dell 593-BBLR Black Toner
CWC-D-593-BBRV,Compatible Dell 593-BBRV Magenta Toner Cartridge High Capacity
CWC-D-593-BBSB,Compatible Dell 593-BBSB Black Toner Cartridge High Capacity
CWC-D-593-BBSD,Compatible Dell 593-BBSD Cyan Toner Cartridge High Capacity
CWC-D-593-BBSE,Compatible Dell 593-BBSE Yellow Toner Cartridge High Capacity
CWC-D-595-10005,Compatible Dell 595-10005 (J2925) Black Toner Cartridge 18k
CWC-E-T018,Compatible Epson Singlepack Colour T018 (C13T01840110)
CWC-E-T028,Compatible Epson Black T028 Ink (C13T02840110)
CWC-E-T029,Compatible Epson Colour T029 Ink (C13T02940110)
CWC-E-T03904A,Compatible Epson Singlepack Colour T03904A (C13T03904A10)
CWC-E-T0445,Compatible Epson T5445 Light Cyan Inkjet Cartridge (C13T544500)
CWC-E-T051,Compatible Epson Singlepack Black T0511 (C13T05114010)
CWC-E-T053,Compatible Epson Singlepack Colour T0530 (C13T05304010)
CWC-E-T0541,Compatible Epson Singlepack Photo Black T0541 (C13T05414010)
CWC-E-T0542,Compatible Epson Singlepack Cyan T0542 (C13T05424010)
CWC-E-T0543,Compatible Epson Singlepack Magenta T0543 (C13T05434010)
CWC-E-T0544,Compatible Epson Singlepack Yellow T0544 (C13T05444010)
CWC-E-T0547,Compatible Epson Singlepack Red T0547 (C13T05474010)
CWC-E-T0548,Compatible Epson Singlepack Matte Black T0548 (C13T05484010)
CWC-E-T0549,Compatible Epson Singlepack Blue T0549 (C13T05494010)
CWC-E-T0661,Compatible Epson Singlepack Black T0661 (C13T06614010)
CWC-E-T0670,Compatible Epson Singlepack Colour T0670 (C13T06704010)
CWC-E-C13S050435,Compatible Epson C13S050435 Black Toner Cartridge High Capacity
CWC-E-C13S050436,Compatible Epson C13S050436 Black Toner
CWC-E-C13S050521,Compatible Epson C13S050521 Black Toner Cartridge High Capacity
CWC-E-C13S050698,Compatible Epson C13S050698 Black Toner
CWC-H-49COL,"Compatible HP 49 Tri-color Ink Cartridge Original Cyan,Magenta,Yellow 1 pc(s)"
CWC-H-10M,Compatible HP 10 Magenta Ink Cartridge Original
CWC-H-25COL,Compatible HP 25 Tri-colour Inkjet Cartridge (51625)
CWC-H-C4127X,Compatible HP 27X Cartridge Black (C4127X)
CWC-H-98XBK,Compatible HP 98X Cartridge Black (92298X)
CWC-H-09ABK,Compatible HP 09A Cartridge Black (C3909A)
CWC-K-10BK,Compatible Kodak 8955916 (10) Black Inkjet Cartridge
CWC-K-10CL,Compatible Kodak 1967082 (10) Colour Inkjet Cartridge
CWC-KM-A0V301H,Compatible Konica Minolta A0V301H Black Toner Cartridge High Capacity
CWC-KM-A0V30CH,Compatible Konica Minolta A0V30CH Magenta Toner Cartridge High Capacity
CWC-KM-A0X5151,Compatible Konica Minolta A0X5151 Black Toner
CWC-KM-A0X5251,Compatible Konica Minolta A0X5251 Yellow Toner
CWC-KM-A0X5351,Compatible Konica Minolta A0X5351 Magenta Toner
CWC-KM-A0X5451,Compatible Konica Minolta A0X5451 Cyan Toner
CWC-KM-1710517-008,Compatible Konica Minolta 1710517-008 Cyan Toner Cartridge High Capacity
CWC-KM-TN216Y,Compatible Konica Minolta A11G251 (TN216Y) Yellow Toner Cartridge 26k
CWC-KY-TK520M,Compatible Kyocera 1T02HJBEU0 Magenta Toner Cartridge (TK520M)
CWC-KY-TK520Y,Compatible Kyocera 1T02HJAEU0 Yellow Toner Cartridge (TK520Y)
CWC-KY-TK560C,Compatible Kyocera 1T02HNCEU0 Cyan Toner
CWC-KY-TK560K,Compatible Kyocera 1T02HN0EU0 Black Toner
CWC-KY-TK20H,Compatible Kyocera TK-20H(37027020) Toner Cartridge 1200/37
CWC-KY-TK1110,Compatible Kyocera 1T02M50NXV (TK-1110) Black Toner
CWC-KY-TK4105,Compatible Kyocera TK-4105 Black Toner Cartridge 15k
CWC-KY-TK725,Compatible Kyocera 1T02KR0NL0 (TK725) Black Toner Cartridge 34k
CWC-KY-TK880C,Compatible Kyocera TK880C Toner Cartridge Cyan FS-C8500
CWC-KY-TK880K,Compatible Kyocera TK880K Toner Cartridge Black FS-C8500
CWC-KY-TK880M,Compatible Kyocera TK880M Toner Cartridge Magenta FS-C8500
CWC-KY-TK880Y,Compatible Kyocera TK880Y Toner Cartridge Yellow FS-C8500
CWC-L-10N0016,Lexmark 16 Black Inkjet Cartridge (10N0016E)
CWC-L-12A1980,Compatible Lexmark 80 Colour Print Cartridge Inkjet Cartridge (12A1980)
CWC-L-08A0477,Compatible Lexmark 08A0477 Black
CWC-L-08A0478,Compatible Lexmark 08A0478 Black
CWC-L-0T650A21E,Compatible Lexmark T650A21E Cartridge Black
CWC-L-10S0150,Compatible Lexmark 0010S0150 Black
CWC-L-12A5745,Compatible Lexmark Optra T High Yield Print Cartridge Black
CWC-L-12A6735,Compatible Lexmark 12A6735 Cartridge Black (12A6735)
CWC-L-E260X22G,Compatible Lexmark E260X22G imaging unit
CWC-L-12A5845,Compatible Lexmark 12A5845 Cartridge Black
CWC-L-12A6765,Compatible Lexmark 12A6765 Black
CWC-L-12A7362,Compatible Lexmark 12A7362 Toner Cartridge Black
CWC-L-12A8302,Compatible Lexmark 12A8302 Black imaging unit
CWC-L-12A8305,Compatible Lexmark E330
CWC-L-12A8405,Compatible Lexmark E330 UB-T-12A8405
CWC-L-12A8425,Compatible Lexmark T430 Black
CWC-L-12S0300,Compatible Lexmark E220 Black (12S0300)
CWC-L-13T0101,Compatible Lexmark Optra E310/E312 Print Cartridge Black
CWC-L-18S0090,Compatible Lexmark 18S0090 Cartridge Black
CWC-L-20K1400,Compatible Lexmark 20K1400 Cartridge Cyan
CWC-L-20K1401,Compatible Lexmark 20K1401 Cartridge Magenta
CWC-L-20K1402,Compatible Lexmark C510 Yellow High Yield Toner Cartridge (20K1402)
CWC-L-20K1403,Compatible Lexmark 20K1403 Cartridge Black
CWC-L-C544X1KG,Compatible Lexmark C544X1KG Black
CWC-L-C734A1CG,Compatible Lexmark C734A1CG Cartridge Cyan
CWC-L-C734A1KG,Compatible Lexmark C734A1KG Cartridge Black
CWC-L-C734A1MG,Compatible Lexmark C734A1MG Cartridge Magenta
CWC-L-C734A2CG,Compatible Lexmark C734A2CG Cyan
CWC-L-C734A2KG,Compatible Lexmark C734A2KG Black
CWC-L-C734A2MG,Compatible Lexmark C734A2MG Magenta
CWC-L-C734A2YG,Compatible Lexmark C734A2YG Yellow
CWC-L-E250X22G,Compatible Lexmark E250 UB-T-E250X22G
CWC-L-E352H21E,Compatible Lexmark E352H21E Cartridge Black
CWC-L-X203A21G,Compatible Lexmark X203A21G Cartridge Black
CWC-L-X340A21G,Compatible Lexmark X340
CWC-L-X463H21G,Compatible Lexmark X463H21G Black
CWC-L-X560H2CG,Compatible Lexmark 0X560H2CG Cartridge Cyan
CWC-L-X560H2KG,Compatible Lexmark X560H2KG Cartridge Black
CWC-L-X560H2MG,Compatible Lexmark X560H2MG Magenta Laser Toner
CWC-L-X560H2YG,Compatible Lexmark X560H2YG Yellow
CWC-KM-A1UC050,Compatible Minolta A1UC050 (TN116) Black Toner Cartridge 12k
CWC-KM-A3VW050,Compatible Minolta A3VW050 (TN118) Black Toner Cartridge 12k
CWC-KM-8938402,Compatible Minolta 8938402 (TN311) Black Toner Cartridge 17k
CWC-KM-A33K452,Compatible Minolta A33K452 (TN512C) Cyan Toner Cartridge 25k
CWC-KM-A33K152,Compatible Minolta A33K152 (TN512K) Black Toner Cartridge 27k
CWC-KM-A33K352,Compatible Minolta A33K352 (TN512M) Magenta Toner Cartridge 25k
CWC-KM-A33K252,Compatible Minolta A33K252 (TN512Y) Yellow Toner Cartridge 25k
CWC-O-43872305,Compatible Oki 43872305 Yellow Toner
CWC-O-43872306,Compatible Oki 43872306 Magenta Toner
CWC-O-43872307,Compatible Oki 43872307 Cyan Toner
CWC-O-09004078,Oki 09004078 Black Toner
CWC-O-09004079,Compatible Oki 09004079 Black Toner Cartridge High Capacity
CWC-O-09004168,Compatible Oki 09004168 Black Toner
CWC-O-01279001,Compatible Oki 01279001 Black Toner
CWC-O-41304209,Compatible Oki (41304209) Toner Cartridge Yellow C7000/7200/
CWC-O-41304210,Compatible Oki (41304210) Toner Cartridge Magenta C7000/7200
CWC-O-41304211,Compatible Oki 41304211 Toner Cartridge Cyan
CWC-O-41304212,Compatible Oki (41304212) Toner Cartridge Black C7000/7200/7
CWC-O-41331702,Compatible Oki 41331702 Toner Cartridge Black
CWC-O-41515209,Compatible Oki 41515209 Drum Yellow
CWC-O-41515210,Compatible Oki 41515210 Toner Cartridge Magenta
CWC-O-41515211,Compatible Oki 41515211 Toner Cartridge Cyan
CWC-O-41515212,Compatible Oki 41515212 Toner Cartridge Black
CWC-O-41963605,Compatible Oki 41963605 Yellow Toner
CWC-O-41963606,Compatible Oki 41963606 Magenta Toner
CWC-O-41963607,Compatible Oki 41963607 Cyan Toner
CWC-O-41963608,Compatible Oki 41963608 Black Toner
CWC-O-42918913,Compatible Oki 42918913 Yellow Toner
CWC-O-42918914,Compatible Oki 42918914 Magenta Toner
CWC-O-42918915,Compatible Oki 42918915 Cyan Toner
CWC-O-42918916,Compatible Oki 42918916 Black Toner
CWC-O-43870005,Oki 43870005 Yellow OPC Drum
CWC-O-43870006,Oki 43870006 Magenta OPC Drum
CWC-O-43870007,Oki 43870007 Cyan OPC Drum
CWC-O-43870008,Compatible Oki 43870008 Black OPC Drum
CWC-O-43870021,Oki 43870021 Yellow OPC Drum
CWC-O-43870022,Oki 43870022 Magenta OPC Drum
CWC-O-43870023,Oki 43870023 Cyan OPC Drum
CWC-O-43870024,Oki 43870024 Black OPC Drum
CWC-O-44059165,Compatible Oki 44059165 Yellow Toner
CWC-O-44059166,Compatible Oki 44059166 Magenta Toner
CWC-O-44059167,Compatible Oki 44059167 Cyan Toner
CWC-O-44315305,Compatible Oki 44315305 Yellow Toner
CWC-O-44315306,Compatible Oki 44315306 Magenta Toner
CWC-O-44315307,Compatible Oki 44315307 Cyan Toner
CWC-O-44315308,Compatible Oki 44315308 Black Toner
CWC-O-44469804,Compatible Oki 44469804 Black Toner Cartridge High Capacity
CWC-O-44643001,Compatible Oki 44643001 Yellow Toner
CWC-O-44643002,Compatible Oki 44643002 Magenta Toner
CWC-O-44643003,Compatible Oki 44643003 Cyan Toner
CWC-O-44643004,Compatible Oki 44643004 Black Toner
CWC-O-44917602,Compatible Oki 44917602 Black Toner Cartridge Extra High Capacity
CWC-R-402455,Compatible Ricoh 402455 Black Toner Cartridge 5k
CWC-R-406522,Compatible Ricoh 406522 Black Toner Cartridge High Capacity
CWC-R-407166,Compatible Ricoh 407166 Black Toner Cartridge
CWC-R-841124,Compatible Ricoh 841124 Black Toner Cartridge 20k
CWC-R-841125,Compatible Ricoh 841125 Yellow Toner Cartridge
CWC-R-841126,Compatible Ricoh 841126 Magenta Toner Cartridge
CWC-R-841127,Compatible Ricoh 841127 Cyan Toner Cartridge
CWC-R-841196,Compatible Ricoh 841196 Black Toner Cartridge 10k
CWC-R-841197,Compatible Ricoh 841197 Cyan Toner Cartridge 5.5k
CWC-R-841198,Compatible Ricoh 841198 Magenta Toner Cartridge 5.5k
CWC-R-841199,Compatible Ricoh 841199 Yellow Toner Cartridge 5.5k
CWC-R-841424,Compatible Ricoh 841424 Black Toner Cartridge 22k5
CWC-R-841426,Compatible Ricoh 841426 Magenta Toner Cartridge 15k
CWC-R-841459,Compatible Ricoh 841459 Cyan Toner Cartridge 18k
CWC-R-841504,Compatible Ricoh 841504 Black Toner Cartridge 10k
CWC-R-841505,Compatible Ricoh 841505 Cyan Toner Cartridge 9k5
CWC-R-841506,Compatible Ricoh 841506 Magenta Toner Cartridge 9k5
CWC-R-841507,Compatible Ricoh 841507 Yellow Toner Cartridge 9k5
CWC-R-885266,Compatible Ricoh 885266 Type 2220D Black Toner Cartridge 11k
CWC-R-888312,Compatible Ricoh 888312 Black Toner Cartridge High Capacity
CWC-R-888313,Compatible Ricoh 888313 Yellow Toner Cartridge High Capacity
CWC-R-888314,Compatible Ricoh 888314 Magenta Toner Cartridge High Capacity
CWC-R-888315,Compatible Ricoh 888315 Cyan Toner Cartridge High Capacity
CWC-S-MLTD117S,Compatible Samsung MLT-D117S Black Toner
CWC-S-CLP500D5M,Compatible Samsung CLP-500D5M Toner Cartridge Magenta CLP-500
CWC-S-CLP500D7K,Compatible Samsung CLP-500D7K/ELS Black Toner
CWC-S-CLPC350A,Compatible Samsung CLP-C350A/ELS Cyan Toner
CWC-S-CLPK350A,Compatible Samsung CLP-K350A/ELS Black Toner
CWC-S-CLPM350A,Compatible Samsung CLP-M350A/ELS Magenta Toner
CWC-S-CLPY350A,Compatible Samsung CLP-Y350A/ELS Yellow Toner
CWC-S-ML1520D3,Compatible Samsung ML-1520D3 Toner Cartridge Black ML-1520
CWC-S-ML1710D3,Compatible Samsung ML-1710D3 Toner Cartridge Black ML1510/1710
CWC-S-ML2250D5,Compatible Samsung ML-2250D5/ELS Black Toner
CWC-S-ML6060D6,Compatible Samsung ML-6060D6 Toner Cartridge Black ML6040/6060
CWC-S-MLTD1092S,Compatible Samsung MLT-D1092S/ELS Black Toner
CWC-S-MLTD115L,Compatible Samsung MLT-D115L Toner Cartridge Black
CWC-S-MLTD201L,Compatible Samsung MLT-D201L Toner Cartridge Black 20k
CWC-S-MLTD201S,Compatible Samsung MLT-D201S Toner Cartridge Black 10k
CWC-S-SCX5312D6,Compatible Samsung SCX-5312D6 Toner Cartridge SF830/SCX-5312
CWC-S-SF5100D3,Compatible Samsung SF-5100D3 Toner Cartridge Black SF-515/5100
CWC-X-016182800,Compatible Xerox Phaser 850 Ink Stick 2 Cyan 1 Black
CWC-X-016182900,Compatible Xerox Phaser 850 Ink Stick 2 Magenta 1 Black
CWC-X-016183000,Compatible Xerox Phaser 850 Ink Stick 2 Yellow 1 Black
CWC-X-106R01627,Compatible Xerox 106R01627 Cyan Toner
CWC-X-106R01628,Compatible Xerox 106R01628 Magenta Toner
CWC-X-106R01629,Compatible Xerox 106R01629 Yellow Toner
CWC-X-106R01630,Compatible Xerox 106R01630 Black Toner
CWC-X-006R01513,Compatible Xerox 006R01513 Black Toner Cartridge 26k
CWC-X-006R01514,Compatible Xerox 006R01514 Yellow Toner Cartridge 15k
CWC-X-006R01515,Compatible Xerox 006R01515 Magenta Toner Cartridge 15k
CWC-X-006R01516,Compatible Xerox 006R01516 Cyan Toner Cartridge 15k
CWC-X-006R90303,Compatible Xerox 006R90303 Toner Cartridge Black Phaser 1235
CWC-X-006R90304,Compatible Xerox 006R90304 Toner Cartridge Cyan Phaser 1235
CWC-X-006R90305,Compatible Xerox 006R90305 Toner Cartridge Magenta Phaser 1235
CWC-X-006R90306,Compatible Xerox 006R90306 Toner Cartridge Yellow Phaser 1235
CWC-X-013R00621,Compatible Xerox 013R00621 Black Process Unit
CWC-X-013R00625,Compatible Xerox 013R00625 Black Toner
CWC-X-106R00652,Compatible Xerox 106R00652 Black Toner Cartridge
CWC-X-106R00653,Compatible Xerox 106R00653 Cyan Toner
CWC-X-106R00654,Compatible Xerox 106R00654 Magenta Toner
CWC-X-106R00655,Compatible Xerox 106R00655 Yellow Toner
CWC-X-106R00680,Compatible Xerox 106R00680 Cyan Toner Cartridge High Capacity
CWC-X-106R00681,Compatible Xerox 106R00681 Magenta Toner Cartridge High Capacity
CWC-X-106R01159,Compatible Xerox 106R01159 Toner Cartridge Black Phaser 3117
CWC-X-106R01245,Compatible Xerox 106R01245 Toner Cartridge Black Phaser 3428 4k
CWC-X-106R01278,Compatible Xerox 106R01278 Cyan Toner
CWC-X-106R01279,Compatible Xerox 106R01279 Magenta Toner
CWC-X-106R01280,Compatible Xerox 106R01280 Yellow Toner
CWC-X-106R01281,Compatible Xerox 106R01281 Black Toner
CWC-X-106R01331,Compatible Xerox 106R01331 Cyan Toner
CWC-X-106R01332,Compatible Xerox 106R01332 Magenta Toner
CWC-X-106R01333,Compatible Xerox 106R01333 Yellow Toner
CWC-X-106R01334,Compatible Xerox 106R01334 Black Toner Cartridge
CWC-X-106R01374,Compatible Xerox 106R01374 Black Toner Cartridge High Capacity
CWC-X-106R01392,Compatible Xerox 106R01392 Cyan Toner Cartridge High Capacity
CWC-X-106R01393,Compatible Xerox 106R01393 Magenta Toner Cartridge High Capacity
CWC-X-106R01394,Compatible Xerox 106R01394 Yellow Toner Cartridge High Capacity
CWC-X-106R01395,Compatible Xerox 106R01395 Black Toner Cartridge High Capacity
CWC-X-106R01415,Compatible Xerox 106R01415 Black Toner Cartridge High Capacity
CWC-X-106R01436,Compatible Xerox 106R01436 Cyan Toner Cartridge High Capacity
CWC-X-106R01437,Compatible Xerox 106R01437 Magenta Toner Cartridge High Capacity
CWC-X-106R01438,Compatible Xerox 106R01438 Yellow Toner Cartridge High Capacity
CWC-X-106R01439,Compatible Xerox 106R01439 Black Toner Cartridge High Capacity
CWC-X-106R01452,Compatible Xerox 106R01452 Cyan Toner
CWC-X-106R01453,Compatible Xerox 106R01453 Magenta Toner
CWC-X-106R01454,Compatible Xerox 106R01454 Yellow Toner
CWC-X-106R01455,Compatible Xerox 106R01455 Black Toner
CWC-X-106R01466,Compatible Xerox 106R01466 Cyan Toner Cartridge High Capacity
CWC-X-106R01467,Compatible Xerox 106R01467 Magenta Toner Cartridge High Capacity
CWC-X-106R01468,Compatible Xerox 106R01468 Yellow Toner Cartridge High Capacity
CWC-X-106R01469,Compatible Xerox 106R01469 Black Toner Cartridge High Capacity
CWC-X-106R01477,Compatible Xerox 106R01477 Cyan Toner
CWC-X-106R01478,Compatible Xerox 106R01478 Magenta Toner
CWC-X-106R01479,Compatible Xerox 106R01479 Yellow Toner
CWC-X-106R01480,Compatible Xerox 106R01480 Black Toner
CWC-X-106R01486,Compatible Xerox 106R01486 Black Toner Cartridge High Capacity
CWC-X-106R01503,Compatible Xerox 106R01503 Cyan Toner
CWC-X-106R01504,Compatible Xerox 106R01504 Magenta Toner
CWC-X-106R01505,Compatible Xerox 106R01505 Yellow Toner
CWC-X-106R01506,Compatible Xerox 106R01506 Black Toner
CWC-X-106R01566,Compatible Xerox 106R01566 Cyan Toner Cartridge High Capacity
CWC-X-106R01567,Compatible Xerox 106R01567 Magenta Toner Cartridge High Capacity
CWC-X-106R01568,Compatible Xerox 106R01568 Yellow Toner Cartridge High Capacity
CWC-X-106R01569,Compatible Xerox 106R01569 Black Toner Cartridge High Capacity
CWC-X-106R01594,Compatible Xerox 106R01594 Cyan Toner Cartridge High Capacity
CWC-X-106R01595,Compatible Xerox 106R01595 Magenta Toner Cartridge High Capacity
CWC-X-106R01596,Compatible Xerox 106R01596 Yellow Toner Cartridge High Capacity
CWC-X-106R01597,Compatible Xerox 106R01597 Black Toner Cartridge High Capacity
CWC-X-106R02229,Compatible Xerox 106R02229 Cyan Toner Cartridge High Capacity
CWC-X-106R02230,Compatible Xerox 106R02230 Magenta Toner Cartridge High Capacity
CWC-X-106R02231,Compatible Xerox 106R02231 Yellow Toner Cartridge High Capacity
CWC-X-106R02232,Compatible Xerox 106R02232 Black Toner Cartridge High Capacity
CWC-X-106R02599,Compatible Xerox 106R02599 Cyan Toner
CWC-X-106R02600,Compatible Xerox 106R02600 Magenta Toner
CWC-X-106R02601,Compatible Xerox 106R02601 Yellow Toner
CWC-X-106R02602,Compatible Xerox 106R02602 Cyan Toner Cartridge High Capacity Cartridge
CWC-X-106R02603,Compatible Xerox 106R02603 Magenta Toner Cartridge High Capacity
CWC-X-106R02604,Compatible Xerox 106R02604 Yellow Toner Cartridge High Capacity Double Pack
CWC-X-106R02605,Compatible Xerox 106R02605 Black Toner Cartridge High Capacity
CWC-X-113R00667,Compatible Xerox 113R00667 Black Toner
CWC-X-113R00692,Compatible Xerox 113R00692 Black Toner
CWC-X-113R00693,Compatible Xerox 113R00693 Cyan Toner Cartridge High Capacity
CWC-X-113R00694,Compatible Xerox 113R00694 Yellow Toner Cartridge High Capacity
CWC-X-113R00695,Compatible Xerox 113R00695 Magenta Toner Cartridge High Capacity
CWC-D-592-10211,Compatible Dell 592-10211 (MK992) Black Cartridge
CWC-D-593-10152,Compatible Dell 593-10152/310-7943 Toner Cartridge Black
CWC-D-593-10153,Compatible Dell 593-10153 Black Toner Cartridge High Capacity
CWC-D-593-10239,Compatible Dell 593-10239 Black Toner Cartridge High Capacity
CWC-D-593-10258,Compatible Dell 593-10258 Black Toner Cartridge High Capacity
CWC-D-593-10259,Compatible Dell 593-10259 Cyan Toner Cartridge High Capacity
CWC-D-593-10260,Compatible Dell 593-10260 Yellow Toner Cartridge High Capacity
CWC-D-593-10261,Compatible Dell 593-10261 Magenta Toner Cartridge High Capacity
CWC-B-LC1000VALBP,Compatible Brother LC1000 Multi Pack BKCMY
CWC-B-LC1100VALBP,Compatible Brother LC1100 / LC980 Multi Pack BKCMY
CWC-B-LC123VALBP,Compatible Brother LC123VALBP Multipack Inkjet Cartridge
CWC-B-LC1280XLVALBP,Compatible Brother LC1280XL BCMY Multipack Inkjet Cartridges
CWC-B-LC985VALBP,Compatible Brother LC985 BKCMY Multipack Inkjet Cartridges
CWC-C-PGI570CLI571XLMP,Compatible Canon PGI-570/CLI-571 PGBK/C/M/Y/BK XL Multipack
CWC-H-CF370AM,Compatible HP 305A 3 Pack Cyan/Magenta/Yellow Toner Cartridges (CF370AM)
CWC-H-301XLBKTWIN,Compatible HP 301XL 2 Pack High Yield Black Inkjet Cartridges (D8J45AE)
CWC-H-364XLMP,Compatible HP 364XL 4 Pack High Yield Black/Cyan/Magenta/Yellow Inkjet Cartridges (N9J74AE)
CWC-H-56MP,Compatible HP 56 Black/57 Tri-colour 2 Pack Inkjet Cartridges (SA342AE)
CWC-H-338MP,Compatible HP 338 Black/343 Tri-colour 2 Pack Inkjet Cartridges (SD449EE)
CWC-KM-TN216K,Compatible Konica Minolta A11G151 (TN216K) Black Toner Cartridge 29k
CWC-H-C3906A,Compatible HP 06A Cartridge Black (C3906A)
CWC-H-920XLMP,Compatible HP 920XL 4 Pack High Yield Black/Cyan/Magenta/Yellow Inkjet Cartridges (C2N92AE)
CWC-H-950XLMP,Compatible HP 950XL/951XL Combo Pack (C2P43AE)
CWC-H-350MP,Compatible HP 350 Black/351 Tri-colour 2 Pack Inkjet Cartridges (SD412EE)
CWC-H-940XLMP,Compatible HP 940XL 4 Pack High Yield Black/Cyan/Magenta/Yellow Inkjet Cartridges (C2N93AE)
CWC-H-344COLTWIN,Compatible HP 344 2 Pack Tri-colour Inkjet Cartridges (C9505EE)
CWC-H-953XLC,Compatible HP 953XL High Yield Cyan Inkjet Cartridge (F6U16AE)
CWC-H-953XLM,Compatible HP 953XL High Yield Magenta Inkjet Cartridge (F6U17AE)
CWC-H-953XLY,Compatible HP 953XL High Yield Yellow Inkjet Cartridge (F6U18AE)
CWC-H-953XLBK,Compatible HP 953XL High Yield Black Inkjet Cartridge (L0S70AE)
CWC-H-903XLC,Compatible HP 903XL High Yield Cyan Inkjet Cartridge (T6M03AE)
CWC-H-903XLM,Compatible HP 903XL High Yield Magenta Inkjet Cartridge (T6M07AE)
CWC-H-903XLY,Compatible HP 903XL High Yield Yellow Inkjet Cartridge (T6M11AE)
CWC-H-903XLBK,Compatible HP 903XL High Yield Black Inkjet Cartridge (T6M15AE)
CWC-H-907XLBK,Compatible HP 907XL High Yield Black Inkjet Cartridge (T6M19AE)
CWC-C-CLI551XLBK,Compatible Canon CLI-551XLBK Black (6443B001)
CWC-C-CLI551XLC,Compatible Canon CLI-551XLC Cyan (6444B001)
CWC-C-CLI551XLM,Compatible Canon CLI-551XLM Magenta (6445B001)
CWC-C-CLI551XLY,Compatible Canon CLI-551XLY Yellow (6446B001)
CWC-C-CLI571XLBK,Compatible Canon CLI-571XLBK Black Inkjet Cartridge (0331C001)
CWC-C-CLI571XLC,Compatible Canon CLI-571XLC Cyan Inkjet Cartridge (0332C001)
CWC-C-CLI571XLM,Compatible Canon CLI-571XLM Magenta Inkjet Cartridge (0333C001)
CWC-C-CLI571XLY,Compatible Canon CLI-571XLY Yellow Inkjet Cartridge (0334C001)
CWC-C-CL541XL,Compatible Canon CL-541XL Tri-Colour
CWC-C-PG540XLBK,Compatible Canon PG-540XL 21ml Black (5222B005)
CWC-E-T0711,Compatible Epson Black T0711 (C13T07114011)
CWC-E-T0712,Compatible Epson Cyan T0712 (C13T07124011)
CWC-E-T0713,Compatible Epson Magenta T0713 (C13T07134011)
CWC-E-T0714,Compatible Epson Yellow T0714 (C13T07144011)
CWC-H-CE310A,Compatible HP 126A Black LaserJet Toner Cartridge (CE310A)
CWC-H-CE311A,Compatible HP 126A Cyan LaserJet Toner Cartridge (CE311A)
CWC-H-CE312A,Compatible HP 126A Yellow LaserJet Toner Cartridge (CE312A)
CWC-H-CE313A,Compatible HP 126A Magenta LaserJet Toner Cartridge (CE313A)
CWC-H-CF283A,Compatible HP 83A Black LaserJet Toner Cartridge (CF283A)
CWC-S-CLTC406S,Compatible Samsung CLT-C406S/ELS Cyan Toner
CWC-S-CLTK406S,Compatible Samsung CLT-K406S/ELS Black Toner Cartridge
CWC-S-CLTM406S,Compatible Samsung CLT-M406S/ELS Magenta Toner
CWC-S-CLTY406S,Compatible Samsung CLT-Y406S/ELS Yellow Toner
CWC-E-24XLBK,Compatible Epson Singlepack Black 24XL (C13T24314010)
CWC-E-24XLC,Compatible Epson Singlepack Cyan 24XL (C13T24324010)
CWC-E-24XLM,Compatible Epson Singlepack Magenta 24XL (C13T24334010)
CWC-E-24XLY,Compatible Epson Singlepack Yellow 24XL (C13T24344010)
CWC-E-24XL-LC,Compatible Epson Singlepack Light Cyan 24XL (C13T24354010)
CWC-E-24XL-LM,Compatible Epson Singlepack Light Magenta 24XL (C13T24364010)
CWC-E-24XL-6COL,Compatible Epson Multipack 6-colours 24XL (C13T24384510)
CWC-E-27XLCOL,"Compatible Epson 27XL 3 Colour (Cyan,Magenta,Yellow) (C13T27154010)"
CWC-E-27XLBK,Compatible Epson 27XL Black (C13T27114010)
CWC-E-27XLC,Compatible Epson 27XL Cyan (C13T27124010)
CWC-E-27XLM,Compatible Epson 27XL Magenta (C13T27134010)
CWC-E-27XLY,Compatible Epson 27XL Yellow (C13T27144010)
CWC-E-27XXLBK,Compatible Epson 27XXL Black (C13T27914010)
CWC-E-29XLBK,Compatible Epson Black 29XL Inkjet Cartridge (C13T29914010)
CWC-E-29XLC,Compatible Epson Cyan 29XL Inkjet Cartridge (C13T29924010)
CWC-E-29XLM,Compatible Epson Magenta 29XL Inkjet Cartridge (C13T29934010)
CWC-E-29XLY,Compatible Epson Yellow 29XL Inkjet Cartridge (C13T29944010)
CWC-E-29XLMP,Compatible Epson 29XL Multipack Inkjet Cartridge (C13T29964010)
CWC-E-33XLBK,Compatible Epson Black 33XL Inkjet Cartridge (C13T33514010)
CWC-E-33XLMP,Compatible Epson 33XL Multipack Inkjet Cartridge 5 Pack (C13T33574010)
CWC-E-33XLPB,Compatible Epson Photo Black 33XL Inkjet Cartridge (C13T33614010)
CWC-E-33XLC,Compatible Epson Cyan 33XL Inkjet Cartridge (C13T33624010)
CWC-E-33XLM,Compatible Epson Magenta 33XL Inkjet Cartridge (C13T33634010)
CWC-E-33XLY,Compatible Epson Yellow 33XL Inkjet Cartridge (C13T33644010)
CWC-H-CF210X,Compatible HP 131X High Yield Black LaserJet Toner Cartridge (CF210X)
CWC-B-DR2100,Compatible Brother DR-2100 OPC Drum
CWC-B-DR3200,Compatible Brother DR-3200 OPC Drum
CWC-S-MLTD101S,Compatible Samsung MLT-D101S/ELS Black Toner
CWC-S-MLTD1042S,Compatible Samsung MLT-D1042S/ELS Black Toner
CWC-S-MLTD111S,Compatible Samsung MLT-D111S/ELS Black Toner
CWC-S-MLTD116L,Compatible Samsung MLT-D116L/ELS Black Toner Cartridge High Capacity
CWC-C-CLI521Y,Compatible Canon CLI-521Y yellow Inkjet Cartridge (2936B001)
CWC-E-26XLBK,Compatible Epson Singlepack Black 26XL (C13T26214010)
CWC-E-26XLPB,Compatible Epson Singlepack Photo Black 26XL (C13T26314010)
CWC-E-26XLC,Compatible Epson Singlepack Cyan 26XL (C13T26324010)
CWC-E-26XLM,Compatible Epson Singlepack Magenta 26XL (C13T26334010)
CWC-E-26XLY,Compatible Epson Singlepack Yellow 26XL (C13T26344010)
CWC-H-CE255A,Compatible HP 55A Black LaserJet Toner Cartridge (CE255A)
CWC-H-CE255X,Compatible HP 55X High Yield Black LaserJet Toner Cartridge (CE255X)
CWC-H-CE505A,Compatible HP 05A Black LaserJet Toner Cartridge (CE505A)
CWC-H-CE505X,Compatible HP 05X High Yield Black LaserJet Toner Cartridge (CE505X)
CWC-H-CF280A,Compatible HP 80A Black LaserJet Toner Cartridge (CF280A)
CWC-H-CF280X,Compatible HP 80X High Yield Black LaserJet Toner Cartridge (CF280X)
CWC-B-DR2300,Compatible Brother DR-2300 OPC Drum
CWC-B-DR3300,Compatible Brother DR-3300 OPC Drum
CWC-B-TN2320,Compatible Brother TN-2320 Black Toner Cartridge High Capacity
CWC-B-LC223BK,Compatible Brother LC-223BK Black Inkjet Cartridge
CWC-B-LC223C,Compatible Brother LC-223C Cyan Inkjet Cartridge
CWC-B-LC223M,Compatible Brother LC-223M Magenta Inkjet Cartridge
CWC-B-LC223Y,Compatible Brother LC-223Y Yellow Inkjet Cartridge
CWC-B-LC225XLC,Compatible Brother LC-225XLC Cyan Inkjet Cartridge High Capacity
CWC-B-LC225XLM,Compatible Brother LC-225XLM Magenta Inkjet Cartridge High Capacity
CWC-B-LC225XLY,Compatible Brother LC-225XLY Yellow Inkjet Cartridge High Capacity
CWC-B-LC227XLBK,Compatible Brother LC-227XLBK Black Inkjet Cartridge High Capacity
CWC-S-MLTD203E,Compatible Samsung MLT-D203E/ELS Black Toner Cartridge Extra High Capacity
CWC-S-MLTD205E,Compatible Samsung MLT-D205E/ELS Black Toner Cartridge 10k
CWC-S-MLTD205L,Compatible Samsung MLT-D205L/ELS Black Toner Cartridge High Capacity
CWC-B-TN241BK,Compatible Brother TN-241BK Black Toner
CWC-H-934XLBK,Compatible HP 934XL High Yield Black Inkjet Cartridge Black (C2P23AE)
CWC-H-935XLC,Compatible HP 935XL High Yield Cyan Inkjet Cartridge Cyan (C2P24AE)
CWC-H-935XLM,Compatible HP 935XL High Yield Magenta Inkjet Cartridge Magenta (C2P25AE)
CWC-H-935XLY,Compatible HP 935XL High Yield Yellow Inkjet Cartridge Yellow (C2P26AE)
CWC-H-CB400A,Compatible HP 642A Black LaserJet Toner Cartridge (CB400A)
CWC-H-CB401A,Compatible HP 642A Cyan LaserJet Toner Cartridge (CB401A)
CWC-H-CB402A,Compatible HP 642A Yellow LaserJet Toner Cartridge (CB402A)
CWC-H-CB403A,Compatible HP 642A Magenta LaserJet Toner Cartridge (CB403A)
CWC-C-CLI571XLGY,Compatible Canon CLI-571GY 7ml Grey (0389C001)
CWC-H-CF350A,Compatible HP 130A Black LaserJet Toner Cartridge (CF350A)
CWC-H-CF351A,Compatible HP 130A Cyan LaserJet Toner Cartridge (CF351A)
CWC-H-CF353A,Compatible HP 130A Magenta LaserJet Toner Cartridge (CF353A)
CWC-H-CF352A,Compatible HP 130A Yellow LaserJet Toner Cartridge (CF352A)
CWC-S-MLTD203L,Compatible Samsung MLT-D203L/ELS Black Toner Cartridge High Capacity (SU897A)
CWC-H-302XLCOL,Compatible HP 302XL High Yield Tri-colour Inkjet Cartridge (F6U67AE)
CWC-H-302XLBK,Compatible HP 302XL High Yield Black Inkjet Cartridge (F6U68AE)
CWC-H-62XLBK,Compatible HP 62XL High Yield Black Inkjet Cartridge (C2P05AE)
CWC-H-62XLCOL,Compatible HP 62XL High Yield Tri-Colour Inkjet Cartridge (C2P07AE)
CWC-H-CF400X,Compatible HP 201X Black LaserJet Toner Cartridge (CF400X)
CWC-H-CF401X,Compatible HP 201X Cyan LaserJet Toner Cartridge (CF401X)
CWC-H-CF402X,Compatible HP 201X Yellow LaserJet Toner Cartridge (CF402X)
CWC-H-CF403X,Compatible HP 201X Magenta LaserJet Toner Cartridge (CF403X)
CWC-H-CF411X,Compatible HP 411X Cyan LaserJet Toner Cartridge (CF411X)
CWC-H-CF412X,Compatible HP 412X Yellow LaserJet Toner Cartridge (CF412X)
CWC-H-CF413X,Compatible HP 413X Magenta LaserJet Toner Cartridge (CF413X)
CWC-B-DR3400,Compatible Brother DR-3400 OPC Drum
CWC-B-LC3217BK,Compatible Brother LC-3217BK Black Inkjet Cartridge
CWC-B-LC3217C,Compatible Brother LC-3217C Cyan Inkjet Cartridge
CWC-B-LC3217M,Compatible Brother LC-3217M Magenta Inkjet Cartridge
CWC-B-LC3217Y,Compatible Brother LC-3217Y Yellow Inkjet Cartridge
CWC-B-LC3219BK,Compatible Brother LC-3219BK Black Inkjet Cartridge
CWC-B-LC3219C,Compatible Brother LC-3219C Cyan Inkjet Cartridge
CWC-B-LC3219M,Compatible Brother LC-3219M Magenta Inkjet Cartridge
CWC-B-LC3219Y,Compatible Brother LC-3219Y Yellow Inkjet Cartridge
CWC-B-DR1050,Drum - Compatible Brother DR-1050 OPC Drum
CWC-C-BCI24BK,Compatible Canon BCI-24 Black Inkjet Cartridge (6881A002)
CWC-B-DR2200,Drum - Compatible Brother DR2200 12000 pages
CWC-B-LC1240VALBP,Compatible Brother LC-1240 Value Pack
CWC-B-LC127XLVALBP,Compatible Brother LC127/LC125XL Value Pack
CWC-B-LC223VALBP,Compatible Brother LC223 Value Pack
CWC-B-LC970VALBP,"Compatible Brother LC-970/LC-1000 Ink Cartridge Bk, C, M, Y Multipack"
CWC-C-CLI526MP,Compatible Canon CLI-526 Multipack
CWC-C-CLI551XLMP,Compatible Canon CLI-551 XL Multipack
CWC-C-CLI571XLMP,Compatible Canon Cli-571 XL Multipack
CWC-C-CLI581XXLBK,Compatible Canon CLI-581 XXL Black
CWC-C-CLI581XXLC,Compatible Canon CLI-581 XXL Cyan Ink Cartridge
CWC-C-CLI581XXLM,Compatible Canon CLI-581 XXL Magenta
CWC-C-CLI581XXLPB,Compatible Canon CLI-581 XXL Photo Blue
CWC-C-CLI581XXLY,Compatible Canon CLI-581 XXL Yellow
CWC-C-PG540XLMP,Compatible Canon PG540XL/CL541XL Multipack
CWC-C-PG545XLMP,Compatible Canon PG545XL/CL546XL Multipack (8286B006)
CWC-C-PGI580PGBKXXL,Compatible Canon PGI-580 XXL Black
CWC-E-18BK,Compatible Epson 18 Black (C13T18014010)
CWC-E-34XLBK,Compatible Epson Black 34XL (C13T34714010)
CWC-E-34XLC,Compatible Epson Cyan 34XL (C13T34714010)
CWC-E-34XLM,Compatible Epson Magenta 34XL (C13T34734010)
CWC-E-34XLY,Compatible Epson Yellow 34XL (C13T34744010)
CWC-E-79XLBK,Compatible Epson Black 79XL Inkjet Cartridge (C13T79014010)
CWC-E-79XLC,Compatible Epson Cyan 79XL Inkjet Cartridge (C13T79024010)
CWC-E-79XLM,Compatible Epson Magenta 79XL Inkjet Cartridge (C13T79034010)
CWC-E-79XLY,Compatible Epson Yellow 79XL Inkjet Cartridge (C13T79044010)
CWC-E-T1301MP,Compatible Epson 3-colours T1306 (C13T13064010)
CWC-H-300XLMP,Compatible HP 300 XL Multipack
CWC-H-301XLMP,Compatible HP 301XL Black/Colour Multipack
CWC-H-302XLMP,Compatible HP 302 XL Multipack Black/Colour
CWC-H-304XLBK,Compatible HP 304XL Black (N9K08AE) Ink Cartridge
CWC-H-304XLCOL,Compatible HP 304XL (N9K07AE) Colour Ink Cartridge
CWC-H-62XLMP,Compatible HP 62XL Black/Colour Multipack
CWC-H-913ABK,Compatible HP 913A Black Inkjet Cartridge
CWC-H-913AC,Compatible HP 913A Cyan Inkjet Cartridge
CWC-H-913AM,Compatible HP 913A Magenta Inkjet Cartridge
CWC-H-913AY,Compatible HP 913A Yellow Inkjet Cartridge
CWC-H-932XLMP,Compatible HP 932XL + 933XL Multi-Pack
CWC-H-934XLMP,Compatible HP 934XL + 935XL Multi-Pack
CWC-H-981XBK,Compatible HP 981X High Yield Black PageWide Cartridge
CWC-H-981XC,Compatible HP 981X High Yield Cyan PageWide Cartridge
CWC-H-981XM,Compatible HP 981X High Yield Magenta PageWide Cartridge
CWC-H-981XY,Compatible HP 981X High Yield Yellow PageWide Cartridge
CWC-H-CF217A,Compatible HP CF217A Toner Cartridge
CWC-H-CF226A,Compatible HP CF226A Toner Cartridge
CWC-H-CF226X,Compatible HP CF226X Toner Cartridge
CWC-L-60F2000,Compatible Lexmark 60F2000 Black
CWC-L-62D2000,Compatible Lexmark 62D2000 Black
CWC-S-CLTC506L,Compatible Samsung CLT-C506L Cyan
CWC-S-CLTK506L,Compatible Samsung CLT-K506L Black
CWC-S-CLTM506L,Compatible Samsung CLT-M506L Magenta
CWC-S-CLTY506L,Compatible Samsung CLT-Y506L Yellow
CWC-C-1492A003,Compatible Canon E16 Black (1492A003)
CWC-C-6812A002,Compatible Canon M Black Toner Cartridge (6812A002)
CWC-C-BCI10B,Compatible Canon BCI10B Black Inkjet Cartridge
CWC-C-BCI3C,Compatible Canon BCI-3EC Cyan (4480A002)
CWC-C-BCI3eBK,Compatible Canon BCI-3eBk Black Inkjet Cartridge (4479A002)
CWC-C-BCI3M,Compatible Canon BCI-3eM Magenta Inkjet Cartridge (4481A002)
CWC-C-BCI3PC,Compatible Canon BCI-3ePC Photo Cyan Inkjet Cartridge (4483A002)
CWC-C-BCI3PM,Compatible Canon BCI3PM Photo Magenta Inkjet Cartridge
CWC-C-BCI3Y,Compatible Canon BCI-3EY Yellow (4482A002)
CWC-C-CEXV11BK,Compatible Canon C-EXV11 Toner Cartridge Black (9629A002AA)
CWC-B-TN2410,Compatible Brother TN-2410 Black Toner Cartridge (TN2410)
CWC-B-TN2420,Compatible Brother TN-2420 Black Toner Cartridge (TN2420)
CWC-C-EP-26,Compatible Compatible Canon EP-26
CWC-H-364XL6PK,Compatible HP 364XL 6 Pack High Yield Cyan/Magenta/Yellow Inkjet Cartridges
CWC-H-364XL9PK,Compatible HP 364XL 9 Pack High Yield Cyan/Magenta/Yellow Inkjet Cartridges
CWC-H-953XL3PK,Compatible HP 953XL 3 Pack High Yield Cyan/Magenta/Yellow Inkjet Cartridges
CWC-E-27XLMP,Compatible Epson 27XL Alarm Clock Multi-Pack (BCMY)
CWC-E-26XLMP,Compatible Epson 26XL Multi-Pack Black/Cyan/Magenta/Yellow
CWC-H-Q6000MP,HP124A Q6000 Series Multi-Pack Black/Cyan/Magenta/Yellow
CWC-H-Q6000-5PACK,Compatible HP124A Q6000 Series Multi-Pack Black /Cyan/Magenta/Yellow
CWC-H-CF380XMP,Compatible HP 312 Laser Toner Cartridge Multi-pack Black/Cyan/Magenta/Yellow
CWC-C-CLI8PGI5BKMP,Compatible Canon CLI-8/PGI5 Compatible 6 Cartridge Multi-pack
CWC-H-45BK,Compatible HP 51645 (45)
CWC-H-CF540X,Compatible HP 203X Original Black LaserJet Toner Cartridge (CF540X)
CWC-H-CF541X,Compatible HP 203X Original Cyan LaserJet Toner Cartridge (CF541X)
CWC-H-CF542X,Compatible HP 203X Original Yellow LaserJet Toner Cartridge (CF542X)
CWC-H-CF543X,Compatible HP 203X Original Magenta LaserJet Toner Cartridge (CF543X)
CWC-H-CF540XMP,"Compatible HP 203X High Capacity Multipack (CF540X, CF541X, CF542X, CF543X)"
CWC-S-MLTD103L,Compatible Samsung MLT-D103L/ELS Black Toner Cartridge High Capacity
CWC-B-TN230M,Compatible Brother TN-230M Magenta Toner Cartridge
CWC-C-0264B002,Compatible Canon 0264B002 Black Toner Cartridge
CWC-C-CEXV18BK,Compatible Canon 0386B002AA (C-EXV18) Black Toner
CWC-C-CEXV21BK,Compatible Canon 0452B002AA Black Toner Cartridge 26k
CWC-C-CEXV21M,Compatible Canon 0454B002AA Magenta Toner Cartridge 14k
CWC-C-CEXV21Y,Compatible Canon 0455B002AA Yellow Toner Cartridge 14k
CWC-C-EPWBK,Compatible Canon 1545A003AA (EP-W) Black Toner Cartridge
CWC-C-EPABK,Compatible Canon 1548A003AA (EP-A) Toner Cartridge Black
CWC-C-CRG715HBK,Compatible Canon 715H (1976B002) Black Toner Cartridge High Capacity
CWC-C-EP32BK,Compatible Canon Cartridge EP-32 Black (1561A003)
CWC-C-CEXV21C,Compatible Canon C-EXV21 Toner Cartridge Cyan (0453B002AA)
CWC-C-CEXV3BK,Compatible Canon C-EXV3 Toner Cartridge Black (6647A002)
CWC-C-CRG726,Compatible Canon CRG726 Black Toner Cartridge (3483B002)
CWC-C-E30BK,Compatible Canon E30 Black Toner Cartridge (1491A003)
CWC-H-CF540A,Compatible HP 203A (CF540A) Original Black LaserJet Toner Cartridge
CWC-H-CF541A,Compatible HP 203A (CF541A) Original Cyan LaserJet Toner Cartridge
CWC-H-CF543A,Compatible HP 203A (CF543A) Original Magenta LaserJet Toner Cartridge
CWC-H-CF542A,Compatible HP 203A (CF542A) Original Yellow LaserJet Toner Cartridge
CWC-H-CF530A,Compatible HP 205A Black LaserJet Toner Cartridge
CWC-H-CF531A,Compatible HP 205A Cyan LaserJet Toner Cartridge
CWC-H-CF533A,Compatible HP 205A Magenta LaserJet Toner Cartridge
CWC-H-CF532A,Compatible HP 205A Yellow LaserJet Toner Cartridge
CWC-H-CF363A,Compatible HP 508A Magenta LaserJet Toner Cartridge (CF363A)
CWC-H-CF540AMP,"Compatible HP 203A Multipack (CF540A, CF541A, CF542A, CF543A)"
CWC-KM-TN216M,Compatible Konica Minolta A11G351 (TN216M) Magenta Toner Cartridge 26k
CWC-KM-TN216C,Compatible Konica Minolta A11G451 (TN216C) Cyan Toner Cartridge 26k
CWC-KY-TK110,Compatible Kyocera TK110 (1T02FV0DE0) Black Toner Cartridge High Capacity
CWC-KY-TK120,Compatible Kyocera 1T02G60DE0 Black Toner
CWC-KY-TK140,Compatible Kyocera 1T02H50EU0 Black Toner
CWC-KY-TK520K,Compatible Kyocera 1T02HJ0E110 (TK520K) Toner Cartridge Bk FS-C5015
CWC-KY-TK520C,Compatible Kyocera 1T02HJCE110 (TK520C) Toner Cartridge Cyan FS-C50
CWC-KY-TK540K,Compatible Kyocera 1T02HL0EU0 Black Toner Cartridge
CWC-KY-TK560Y,Compatible Kyocera 1T02HNAEU0 Yellow Toner
CWC-KY-TK580K,Compatible Kyocera 1T02KT0NL0 Black Toner
CWC-KY-TK580Y,Compatible Kyocera 1T02KTANL0 Yellow Toner Cartridge
CWC-KY-TK580M,Compatible Kyocera 1T02KTBNL0 Magenta Toner Cartridge
CWC-KY-TK580C,Compatible Kyocera 1T02KTCNL0 Cyan Toner Cartridge
CWC-KY-TK590K,Compatible Kyocera 1T02KV0NL0 Black Toner Cartridge
CWC-KY-TK590Y,Compatible Kyocera 1T02KVANL0 Yellow Toner Cartridge
CWC-KY-TK590M,Compatible Kyocera 1T02KVBNL0 Magenta Toner Cartridge
CWC-KY-TK590C,Compatible Kyocera 1T02KVCNL0 Cyan Toner Cartridge
CWC-KY-TK3100,Compatible Kyocera 1T02MS0NL0 Black Toner
CWC-KY-TK3110,Compatible Kyocera 1T02MT0NL0 Black Toner
CWC-KY-TK100,Compatible Kyocera TK100 Black Toner Cartridge
CWC-L-70C2XC0,Compatible Lexmark 702XC R Cartridge Cyan (70C2XC0)
CWC-L-70C2XK0,Compatible Lexmark 702XK R Black Toner Cartridge (70C2XK0)
CWC-L-70C2XM0,Compatible Lexmark 702XM R Cartridge Magenta (70C2XM0)
CWC-L-70C2XY0,Compatible Lexmark 702XY R Cartridge Yellow (70C2XY0)
CWC-L-80C2HC0,Compatible Lexmark 802HC Cyan Toner Cartridge (80C2HC0)
CWC-L-80C2HK0,Compatible Lexmark 802HK Black Toner Cartridge (80C2HK0)
CWC-L-80C2HM0,Compatible Lexmark 802HM Magenta Toner Cartridge (80C2HM0)
CWC-L-80C2HY0,Compatible Lexmark 802HY Yellow Toner Cartridge (80C2HY0)
CWC-L-80C2SC0,Compatible Lexmark 802SC Cartridge Cyan (80C2SC0)
CWC-L-80C2SK0,Compatible Lexmark 802SK Cartridge Black (80C2SK0)
CWC-L-80C2SM0,Compatible Lexmark 802SM Cartridge Magenta (80C2SM0)
CWC-L-80C2SY0,Compatible Lexmark 802SY Cartridge Yellow (80C2SY0)
CWC-L-00C5222CS,Compatible Lexmark C5222CS Cyan Toner
CWC-L-00C5222MS,Compatible Lexmark C5222MS Magenta Toner
CWC-L-00C5242KH,Compatible Lexmark C5242KH Black Toner Cartridge High Capacity
CWC-L-C746A2CG,Compatible Lexmark C746A2CG Cyan Toner Cartridge
CWC-L-C746A2MG,Compatible Lexmark C746A2MG Magenta Toner Cartridge
CWC-L-C746A2YG,Compatible Lexmark C746A2YG Yellow Toner
CWC-O-44973509,Compatible Oki 44973509 Yellow Toner Cartridge 6k
CWC-O-44973510,Compatible Oki 44973510 Magenta Toner Cartridge 6k
CWC-O-44973511,Compatible Oki 44973511 Cyan Toner Cartridge 6k
CWC-O-44973512,Compatible Oki 44973512 Black Toner Cartridge 7k
CWC-S-CLTC4072S,Compatible Samsung CLT-C4072S/ELS Cyan Toner Cartridge
CWC-S-CLTC4092S,Compatible Samsung CLT-C4092S/ELS Cyan Toner Cartridge
CWC-S-CLTC504S,Compatible Samsung CLT-C504S/ELS Cyan Toner Cartridge
CWC-S-CLTC506S,Compatible Samsung CLT-C506S/ELS Cyan Toner Cartridge
CWC-S-CLTC5082L,Compatible Samsung CLT-C5082L/ELS Cyan Toner Cartridge High Capacity
CWC-S-CLTC6092S,Compatible Samsung CLT-C6092S/ELS Cyan Toner
CWC-S-CLTC809S,Compatible Samsung CLT-C809S/ELS Cyan Toner
CWC-S-CLTK4072S,Compatible Samsung CLT-K4072S/ELS Black Toner Cartridge
CWC-S-CLTK4092S,Compatible Samsung CLT-K4092S/ELS Black Toner Cartridge
CWC-S-CLTK504S,Compatible Samsung CLT-K504S/ELS Black Toner Cartridge
CWC-S-CLTK506S,Compatible Samsung CLT-K506S/ELS Black Toner Cartridge
CWC-S-CLTK5082L,Compatible Samsung CLT-K5082L/ELS Black Toner Cartridge High Capacity
CWC-S-CLTK6092S,Compatible Samsung CLT-K6092S/ELS Black Toner
CWC-S-CLTM4072S,Compatible Samsung CLT-M4072S/ELS Magenta Toner Cartridge
CWC-S-CLTM4092S,Compatible Samsung CLT-M4092S/ELS Magenta Toner Cartridge
CWC-S-CLTM504S,Compatible Samsung CLT-M504S/ELS Magenta Toner Cartridge
CWC-S-CLTM506S,Compatible Samsung CLT-M506S/ELS Magenta Toner Cartridge
CWC-S-CLTM5082L,Compatible Samsung CLT-M5082L/ELS Magenta Toner Cartridge High Capacity
CWC-S-CLTM6092S,Compatible Samsung CLT-M6092S/ELS Magenta Toner
CWC-S-CLTM809S,Compatible Samsung CLT-M809S/ELS Magenta Toner
CWC-S-CLTR409,Compatible Samsung CLT-R409/SEE OPC Drum
CWC-S-CLTY4072S,Compatible Samsung CLT-Y4072S/ELS Yellow Toner Cartridge
CWC-S-CLTY4092S,Compatible Samsung CLT-Y4092S/ELS Yellow Toner Cartridge
CWC-S-CLTY504S,Compatible Samsung CLT-Y504S/ELS Yellow Toner Cartridge
CWC-S-CLTY506S,Compatible Samsung CLT-Y506S/ELS Yellow Toner Cartridge
CWC-S-CLTY5082L,Compatible Samsung CLT-Y5082L/ELS Yellow Toner Cartridge High Capacity
CWC-S-CLTY6092S,Compatible Samsung CLT-Y6092S/ELS Yellow Toner
CWC-S-CLTY809S,Compatible Samsung CLT-Y809S/ELS Yellow Toner
CWC-S-ML1210D3,Compatible Samsung ML1210D3 Black Toner Cartridge
CWC-S-ML4500D3,Compatible Samsung ML-4500D3 Toner Cartridge Black ML4500/4600
CWC-S-MLTD1052L,Compatible Samsung MLT-D1052L/ELS Black Toner Cartridge High Capacity
CWC-S-MLTD111L,Compatible Samsung MLT-D111L ELS Black Toner Cartridge High Capacity Cartridge
CWC-S-MLTD116S,Compatible Samsung MLT-D116S/ELS Black Toner Cartridge
CWC-S-MLTD2092L,Compatible Samsung MLT-D2092L/ELS Black Toner Cartridge High Capacity
CWC-S-MLTR116,Compatible Samsung MLT-R116/SEE OPC Drum
CWC-H-CF244A,Compatible HP CF244A (44A)
CWC-B-TN243BK,Compatible Brother TN-243BK Black
CWC-B-TN243C,Compatible Brother TN-243C Cyan
CWC-B-TN243M,Compatible Brother TN-243M Magenta
CWC-B-TN243Y,Compatible Brother TN-243Y Yellow
CWC-B-TN243BKCMY,Compatible Brother TN-243BKCMY Multipack
CWC-B-TN423BK,Compatible Brother TN-423BK
CWC-H-CF230X,Compatible HP 30X CF230X
CWC-B-TN423C,Compatible Brother TN-423C Cyan
CWC-B-TN423M,Compatible Brother TN-423M Magenta
CWC-B-TN423Y,Compatible Brother TN-423Y Yellow
CWC-B-TN423BKCMY,Compatible Brother TN-423BKCMY Multipack
CWC-D-593-BBMH,Compatible Dell 593-BBMH (47GMH)
CWC-L-71B20C0,Compatible Lexmark 71B20C0 Cyan
CWC-L-71B20K0,Compatible Lexmark 71B20K0
CWC-L-71B20M0,Compatible Lexmark 71B20M0 Magenta
CWC-L-71B20Y0,Compatible Lexmark 71B20Y0 Yellow
CWC-B-TN421BK,Compatible Brother TN-421 Black Toner
CWC-B-TN421C,Compatible Brother TN-421 Cyan Toner
CWC-B-TN421M,Compatible Brother TN-421 Magenta Toner
CWC-B-TN421Y,Compatible Brother TN-421 Yellow Toner
CWC-B-TN426BK,Compatible Brother TN-426 Black Toner
CWC-B-TN426C,Compatible Brother TN-426 Cyan Toner
CWC-B-TN426M,Compatible Brother TN-426 Magenta Toner
CWC-B-TN426Y,Compatible Brother TN-426 Yellow Toner
CWC-B-TN910BK,Compatible Brother TN-910 Black Toner
CWC-B-TN910C,Compatible Brother TN-910 Cyan Toner
CWC-B-TN910M,Compatible Brother TN-910 Magenta Toner
CWC-B-TN910Y,Compatible Brother TN-910 Yellow Toner
CWC-B-TN247BK,Compatible Brother TN-247 Black Toner
CWC-B-TN247C,Compatible Brother TN-247 Cyan Toner
CWC-B-TN247M,Compatible Brother TN-247 Magenta Toner
CWC-B-TN247Y,Compatible Brother TN-247 Yellow Toner
CWC-B-TN247BKCMY,"Compatible Brother TN-247 Black, Cyan, Magenta & Yellow Multipack"
CWC-H-CF279A,Compatible HP 79A (CF279A) Black
CWC-H-CF450A,Compatible HP 655A (CF450A) Black
CWC-H-CF451A,Compatible HP 655A (CF451A) Cyan
CWC-H-CF453A,Compatible HP 655A (CF453A) Magenta
CWC-H-CF463X,Compatible HP 656X (CF463X) Magenta
CWC-H-CF471X,Compatible HP 657X (CF471X) Cyan
CWC-H-CF472X,Compatible HP 657X (CF472X) Yellow
CWC-H-CF452A,Compatible HP 655A (CF452A) Yellow
CWC-H-CF460X,Compatible HP 656X (CF460X) Black
CWC-H-CF461X,Compatible HP 656X (CF461X) Cyan
CWC-H-CF462X,Compatible HP 656X (CF462X) Yellow
CWC-H-CF470X,Compatible HP 657X (CF470X) Black
CWC-H-CF473X,Compatible HP 657X (CF473X) Magenta
CWC-H-CF219A,Compatible HP 19A (CF219A) Black
CWC-H-CF232A,Compatible HP 32A (CF232A) Black Printer Drum
CWC-H-CF230A,Compatible HP 30A (CF230A) Black
CWC-H-CF237A,Compatible HP 37A (CF237A) Black
CWC-H-CF237X,Compatible HP 37X (CF237X) Black
CWC-H-CF294A,Compatible HP 94A (CF294A) Black
CWC-H-CF294X,Compatible HP 94X (CF294X) Black
CWC-PB-PB02-BLUE,Compatible Pitney Bowes Blue Ink Cartridge B700/B721
CWC-PB-PB04-BLUE,Compatible Pitney Bowes Blue Ink Cartridge DM100i
CWC-PB-PB06-BLUE,Compatible Pitney Bowes Blue Ink Cartridge DM300c (765-9RN)
CWC-PB-PB03-BLUE,Compatible Pitney Bowes Blue Ink Cartridge DM50
CWC-PB-PB07-BLUE,Compatible Pitney Bowes Blue Ink Cartridge DM500
CWC-PB-PB08-BLUE,Compatible Pitney Bowes Blue Ink Cartridge DM800 (767-8SB)
CWC-PB-PB09-RED,Compatible Pitney Bowes Postal Red Ink DP200
CWC-PB-PB09-BLUE,Compatible Pitney Bowes Post Blue Ink DP200
CWC-PB-PB02,Compatible Pitney Bowes Red Ink Cartridge B700/B721
CWC-PB-PB05,Compatible Pitney Bowes Red Ink Cartridge DM200 (765-E)
CWC-PB-PB07,Compatible Pitney Bowes Red Ink Cartridge DM500
CWC-PB-PB01,Compatible Pitney Bowes Red Ink Cartridge E700
CWC-NP-NP05-BLUE,Compatible Neopost 300895 Blue Cartridge IS-240 (IS-280)
CWC-NP-NP02-BLUE,Compatible Neopost Blue Ink Cartridge IJ35 (16900035)
CWC-NP-NP03-BLUE,Compatible Neopost Blue Ink Cartridge IJ65 (16900036)
CWC-NP-NP04-BLUE,Compatible Neopost Blue Ink Cartridge IS330 (300621)
CWC-NP-342192MM-BLUE,Compatible Neopost Blue IS330 IS440 Mailmark
CWC-NP-342193MM-BLUE,Compatible Neopost Blue IS460 IS480 Mailmark
CWC-NP-NP01,Compatible Neopost Red Ink Cartridge IJ25 (300206)
CWC-NP-NP02,Compatible Neopost Red Ink Cartridge IJ35 (300208)
CWC-NP-NP03,Compatible Neopost Red Ink Cartridge IJ65 (300239)
CWC-NP-NP04,Compatible Neopost Red Ink Cartridge IS330 (300620)
CWC-S-M10,Compatible Samsung SM10 (SM10) Black Ink Cartridge
CWC-S-M50,Compatible Samsung SM50 (SM50) Black Ink Cartridge
CWC-S-M55,Compatible Samsung SM55 (SM55) Black Ink Cartridge
CWC-S-M40,Compatible Samsung SM40 (SM40) Black Ink Cartridge
CWC-S-M41,Compatible Samsung SM41 (SM41) Black Ink Cartridge
CWC-AD-10BK,Compatible Advent 10 Black Ink Cartridge
CWC-AD-10COL,Compatible Advent 10 Colour Ink Cartridge
CWC-S-CLTK809S,Compatible Samsung CLT-K809S/ELS Black Toner
CWC-KM-TN216MP,Compatible 4 Colour Konica Minolta TN216 CMYK Multipack
CWC-E-35XLMP,Ink Cartridges - Compatible Epson Padlock 4 Colour 35XL Multipack
CWC-E-35XLC,Compatible Epson 35XL Cyan (T3592)
CWC-E-35XLM,Compatible Epson 35XL Magenta (T3593)
CWC-E-35XLY,Compatible Epson 35XL Yellow (T3594)
CWC-E-35XLBK,Compatible Epson 35XL Black (T3591)
CWC-E-T02W1,Compatible Epson 502XL Black T02W1
CWC-E-T02W2,Compatible Epson 502XL Cyan T02W2
CWC-E-T02W3,Compatible Epson 502XL Magenta T02W3
CWC-E-T02W4,Compatible Epson 502XL Yellow T02W4
CWC-E-T02W6,Compatible 4 Colour Epson 502XL Multipack T02W6
CWC-E-T02H2,Compatible Epson 202XL Cyan T02H2 Kiwi
CWC-E-T02G1,Compatible Epson 202XL Black T02G1 Kiwi
CWC-E-T02H3,Compatible Epson 202XL Magenta T02H3 Kiwi
CWC-E-T02H1,Compatible Epson 202XL Photo Black T02H1 Kiwi
CWC-E-T02H4,Compatible Epson 202XL Yellow T02H4 Kiwi
CWC-E-T02G7,Ink Cartridges - Compatible Epson 202XL Multipack T02G7 Kiwi
CWC-C-045HBK,Compatible Canon 045H-Black Toner Cartridge (1246C002)
CWC-C-045HC,Compatible Canon 045H-Cyan Toner Cartridge (1245C002)
CWC-C-045HM,Compatible Canon 045H-Magenta Toner Cartridge (1244C002)
CWC-C-045HY,Compatible Canon 045H-Y Toner Cartridge (1243C002)
CWC-C-PGI1500XLMP,Ink Cartridges - Compatible Canon PGI-1500XL BKCMY Multipack
CWC-H-CF287A,Compatible HP 87A (CF287A)
CWC-H-CF287X,Compatible HP 87X (CF287X)
CWC-KY-TK5240K,Compatible Kyocera TK-5240K
CWC-KY-TK5240C,Compatible Kyocera TK-5240C
CWC-KY-TK5240M,Compatible Kyocera TK-5240M
CWC-KY-TK5240Y,Compatible Kyocera TK-5240Y
CWC-KY-TK5230C,Compatible Kyocera TK-5230C Cyan
CWC-KY-TK5230M,Compatible Kyocera TK-5230M Magenta
CWC-KY-TK5230Y,Compatible Kyocera TK-5230Y Yellow
CWC-KY-TK5230K,Compatible Kyocera TK-5230K Black
CWC-H-901XLCOL,Compatible HP 901XL High Yield Colour Inkjet Cartridge (CC656AE)
CWC-C-PGI550CLI551XLMP,Compatible Canon PGI-550/CLI-551 XL Multipack
CWC-KY-TK1170,Compatible Kyocera TK-1170 Black Toner Cartridge
CWC-C-CEXV37,Compatbile with Canon C-EXV37 (2787B002AA)
CWC-E-C13S050691,Compatible Epson C13S050691 High Capacity Toner Cartridge Black 10k
CWC-KY-TK435,Compatible Kyocera TK435
CWC-B-DR2400,Compatible Brother DR-2400 Drum Unit
CWC-C-CEXV28Y,Compatible Canon C-EXV28 Original Yellow (2801B002)
CWC-C-CEXV28C,Compatible Canon C-EXV28 Original Cyan (2793B002)
CWC-C-CEXV28M,Compatible Canon C-EXV28 Original Magenta (2797B002)
CWC-C-CEXV28BK,Compatible Canon C-EXV28 Original Black (2789B002)
CWC-E-C13S050614,Compatible Epson C13S050614 High Capacity Toner Cartridge Black
CWC-E-C13S050613,Compatible Epson C13S050613 High Capacity Toner Cartridge Cyan
CWC-E-C13S050612,Compatible Epson C13S050612 High Capacity Magenta Toner Cartridge
CWC-E-C13S050611,Compatible Epson C13S050611 Yellow High Capacity Toner Cartridge 1.4k
CWC-O-46508712,Compatible OKI 46508712 Black Toner
CWC-O-46508711,Compatible OKI 46508711 Cyan Toner
CWC-O-46508709,Compatible OKI 46508709 Yellow Toner
CWC-O-46508710,Compatible OKI 46508710 Magenta Toner
CWC-KY-TK475,Compatible Kyocera TK-475 Toner Cartridge
CWC-KY-TK1150,Compatible Kyocera TK-1150 Toner Cartridge
CWC-KY-TK1160,Compatible Kyocera TK-1160 Toner Cartridge
CWC-KY-TK715,Compatible Kyocera TK-715 Toner Cartridge
CWC-KY-TK1115,Compatible Kyocera TK-1115 Toner Cartridge
CWC-KY-TK1125,Compatible Kyocera TK-1125 Toner Cartridge
CWC-KY-TK1130,Compatible Kyocera TK-1130 Toner Cartridge
CWC-KY-TK1140,Compatible Kyocera TK-1140 Toner Cartridge
CWC-KY-TK3150,Compatible Kyocera TK-3150 Toner Cartridge
CWC-KY-TK3160,Compatible Kyocera TK-3160 Toner Cartridge
CWC-KY-TK3170,Compatible Kyocera TK-3170 Toner Cartridge
CWC-KY-TK3190,Compatible Kyocera TK-3190 Toner Cartridge
CWC-KY-TK5140BK,Compatible Kyocera TK-5140BK Black Toner Cartridge
CWC-KY-TK5140C,Compatible Kyocera TK-5140C Cyan Toner Cartridge
CWC-KY-TK5140M,Compatible Kyocera TK-5140M Magenta Toner Cartridge
CWC-KY-TK5140Y,Compatible Kyocera TK-5140Y Yellow Toner Cartridge
CWC-KY-TK5150BK,Compatible Kyocera TK-5150BK Black Toner Cartridge
CWC-KY-TK5150C,Compatible Kyocera TK-5150C Cyan Toner Cartridge
CWC-KY-TK5150M,Compatible Kyocera TK-5150M Magenta Toner Cartridge
CWC-KY-TK5150Y,Compatible Kyocera TK-5150Y Yellow Toner Cartridge
CWC-KY-TK6115,Compatible Kyocera TK-6115 Black Toner Cartridge
CWC-KY-TK6305,Compatible Kyocera TK-6305 Black Toner Cartridge
CWC-O-46490608,Compatible Oki 46490608 Black Toner Cartridge
CWC-O-46490607,Compatible Oki 46490607 Cyan Toner Cartridge
CWC-O-46490605,Compatible Oki 46490605 Yellow Toner Cartridge
CWC-O-46490606,Compatible Oki 46490606 Magenta Toner Cartridge
CWC-O-45807102,Compatible Oki 45807102 Black Toner Cartridge
CWC-O-45807106,Compatible Oki 45807106 Black Toner Cartridge
CWC-P-KX-FAT88,Compatible Panasonic KXFAT88 Black Toner Cartridge
CWC-S-CLP300BK,Compatible Samsung CLP-300BK Black Toner Cartridge
CWC-S-CLP300C,Compatible Samsung CLP-300C Cyan Toner Cartridge
CWC-S-CLP300M,Compatible Samsung CLP-300M Magenta Toner Cartridge
CWC-S-CLP300Y,Compatible Samsung CLP-300Y Yellow Toner Cartridge
CWC-X-106R03516,Compatible Xerox 106R03516 Black Toner Cartridge
CWC-X-106R03518,Compatible Xerox 106R03518 Cyan Toner Cartridge
CWC-X-106R03517,Compatible Xerox 106R03517 Yellow Toner Cartridge
CWC-X-106R03519,Compatible Xerox 106R03519 Magenta Toner Cartridge
CWC-X-106R03862,Compatible Xerox 106R03862 Black Toner Cartridge
CWC-X-106R03859,Compatible Xerox 106R03859 Cyan Toner Cartridge
CWC-X-106R03861,Compatible Xerox 106R03861 Yellow Toner Cartridge
CWC-X-106R03860,Compatible Xerox 106R03860 Magenta Toner Cartridge
CWC-X-106R03876,Compatible Xerox 106R03876 Black Toner Cartridge
CWC-X-106R03870,Compatible Xerox 106R03870 Cyan Toner Cartridge
CWC-X-106R03872,Compatible Xerox 106R03872 Yellow Toner Cartridge
CWC-X-106R03871,Compatible Xerox 106R03871 Magenta Toner Cartridge
CWC-X-106R03899,Compatible Xerox 106R03899 Black Toner Cartridge
CWC-X-106R03896,Compatible Xerox 106R03896 Cyan Toner Cartridge
CWC-X-106R03898,Compatible Xerox 106R03898 Yellow Toner Cartridge
CWC-X-106R03897,Compatible Xerox 106R03897 Magenta Toner Cartridge
CWC-X-106R03907,Compatible Xerox 106R03907 Black High Yield Toner Cartridge
CWC-X-106R03904,Compatible Xerox 106R03904 Cyan High Yield Toner Cartridge
CWC-X-106R03906,Compatible Xerox 106R03906 Yellow High Yield Toner Cartridge
CWC-X-106R03905,Compatible Xerox 106R03905 Magenta High Yield Toner Cartridge
CWC-X-106R03480,Compatible Xerox 106R03480 Black Toner Cartridge
CWC-X-106R03477,Compatible Xerox 106R03477 Cyan Toner Cartridge
CWC-X-106R03479,Compatible Xerox 106R03479 Yellow Toner Cartridge
CWC-X-106R03478,Compatible Xerox 106R03478 Magenta Toner Cartridge
CWC-S-CLP300BCMY,Compatible Samsung CLP-300 Toner Cartridge Multipack BKCMY
CWC-B-LC3219VALBP,Compatible Brother LC-3219VALBP Inkjet Cartridges
CWC-B-LC3217VALBP,Compatible Brother LC-3217 Multipack Inkjet Cartridges
CWC-H-303XLBK,Compatible HP 303XL Black Ink Cartridge (T6N04AE)
CWC-E-C13T603900,Compatible Epson Light Light Black T603900 (220ml)
CWC-H-303XLC,Compatible HP 303XL Colour Ink Cartridge (T6N03AE)
CWC-H-3YN10AE,Compatible HP 303XL Multipack Ink Cartridge (3YN10AE)
CWC-C-PG40,Compatible Canon PG-40 Black Ink Cartridge (0615B001)
CWC-H-C6658,Compatible HP C6658 (58) Photo Colour Ink Cartridge
CWC-E-603XLBK,Compatible Epson C13T03A14010 (603XL) Ink Cartridge Black
CWC-E-603XLC,Compatible Epson C13T03A24010 (603XL) Ink Cartridge Cyan
CWC-E-603XLM,Compatible Epson C13T03A34010 (603XL) Ink Cartridge Magenta
CWC-E-603XLY,Compatible Epson C13T03A44010 (603XL) Ink Cartridge Yellow
CWC-E-603XLMP,"Compatible Epson C13T03A64010 (603XL) BK,C,M,Y Multipack"
CWC-H-656XMP,"Compatible HP 656X (CF460X, 461X, 462X, 463X) Multipack"
CWC-H-953XLMP,Compatible HP 953XL 4 Pack High Yield Black/Cyan/Magenta/Yellow Ink Cartridges
CWC-E-24XLMP,Compatible Epson Multipack 4 colour 24XL (C13T24384010)
CWC-C-CLI521MP,Compatible Canon CLI-521 4 Pack Ink Cartridges (CLI521)
CWC-C-PGI2500XLMP,Compatible Canon PGI-2500XL Multipack (9254B004)
CWC-H-304XLMP,Compatible HP 304XL Multipack (N9K08AE / N9K07AE)
CWC-S-CLT404SMP,"Compatible Samsung 404S Toner Cartridge Multipack (K404S,C404S,M404S,Y404S)"
CWC-C-PGI580CLI581XXLMP,Ink Cartridges - Compatible Canon PGI-580XXL/CLI-581XXL Multipack
CWC-S-CLT506LMP,Compatible Samsung CLT-506L Multipack
CWC-H-21XLBK,Compatible HP 21XL Black Ink Cartridge (C9351CE)
CWC-H-CF410XD,Compatible HP 410X High Yield Black Twin Pk Toner Cartridge (CF410XD)
CWC-B-LC3213BK,Compatible Brother LC-3213BK Black Ink Cartridge
CWC-B-LC3213VALBP,"Compatible Brother LC-3213VAL (BK,CMY) Multipack"
CWC-B-DR243CL,Compatible Brother DR-243CL (DR243)
CWC-H-201XMP,"Compatible HP 201X Toner Cartridge Multipack (CF400X, CF401X, CF402X, CF403X)"
CWC-B-LC3213C,Compatible Brother LC-3213C Cyan Ink Cartridge
CWC-B-DR243BK,Compatible Brother DR-243BK (DR243BK)
CWC-H-C6615D,Compatible HP 15 Black Ink Cartridge (C6615DE)
CWC-B-LC3211VAL,"Compatible Brother LC-3211VAL Original BK,C,M,Y Multipack"
CWC-B-LC3213M,Compatible Brother LC-3213M Magenta Ink Cartridge
CWC-B-LC3213Y,Compatible Brother LC-3213Y Yellow Ink Cartridge
CWC-B-LC3211BK,Compatible Brother LC-3211BK Black Inkjet Cartridge
CWC-B-LC3211C,Compatible Brother LC-3211C Cyan
CWC-B-LC3211M,Compatible Brother LC-3211M Magenta
CWC-B-LC3211Y,Compatible Brother LC-3211Y Yellow
CWC-H-C9371A,Compatible HP 72 High Capacity Cyan (C9371A)
CWC-H-C9372A,Compatible HP 72 High Capacity Magenta (C9372A)
CWC-H-C9373A,Compatible HP 72 High Capacity Yellow (C9373A)
CWC-H-C9374A,Compatible HP 72 High Capacity Grey (C9374A)
CWC-H-C9370A,Compatible HP 72 High Capacity Black (C9370A)
CWC-H-C9403A,Compatible HP 72 High Capacity Matte Black (C9403A)
CWC-H-HP72MP,Compatible 6 Colour HP 72 Ink Cartridge Pack (C9370A/C9371A/C9372A/C9373A/C9403A)
CWC-H-CF289A,Compatible HP - 89A (CF289A Non MPS)
CWC-S-MLTD1082S,Compatible Samsung MLT-D1082S
CWC-H-903XLMP,Compatible HP 903XL High Yield Multipack (3HZ51AE)
CWC-H-22XLCOL,Compatible HP 22XL Tri-colour Inkjet Cartridge (C9352CE)
CWC-H-304XLBK-ECOPACK,Compatible HP 304XL High Capacity Black Saver Pack (N9K08AE x 3 Ink Tanks)
CWC-C-CLI8R,Compatible Canon CLI-8R Red Inkjet Cartridge (0626B001)
CWC-H-304XLCOL-ECOPACK,Compatible HP 304XL High Capacity Colour Saver Pack (N9K07AE x 3 Ink Tanks)
CWC-H-304XLMP-ECOPACK,"Compatible HP 304XL High Capacity Black and Colour Ink & Printhead Saver Pack (N9K08AE x 3, N9K07AE x 3 Ink Tanks & 2 Printheads)"
CWC-H-CZ133A,Compatible HP 711 Black (CZ133A)
CWC-C-PGI525/526MP,Compatible Canon PGI-525/CLI-526 Multipack (2 Black / 3 Colour)
CWC-E-105BK,Ink Bottle - Compatible Epson 105 EcoTank (C13T00Q140)
CWC-E-106C,Ink Bottle - Compatible Epson 106 EcoTank Cyan 70ml (C13T00R240)
CWC-E-106M,Ink Bottle - Compatible Epson 106 EcoTank Magenta 70ml (C13T00R340)
CWC-E-106Y,Ink Bottle - Compatible Epson 106 EcoTank Yellow 70ml (C13T00R440)
CWC-E-106PHBK,Ink Bottle - Compatible Epson 106 EcoTank Photo Black 70ml (C13T00R140)
CWC-L-53B2000,Compatible Lexmark 53B2000 (11k)
CWC-L-53B2H00,Compatible Lexmark 53B2H00 (25K)
CWC-E-104M,Ink Bottle - Compatible Epson 104 EcoTank Magenta 70ml (C13T00P340)
CWC-E-104C,Ink Bottle - Compatible Epson 104 EcoTank Cyan 70ml (C13T00P240)
CWC-E-104BK,Ink Bottle - Compatible Epson 104 EcoTank Black 70ml (C13T00P140)
CWC-E-104MP,Compatible Epson 104 4 Colour Bottle Pack (C13T00P140/C13T00P240/C13T00P340/C13T00P440)
CWC-E-104Y,Ink Bottle - Compatible Epson 104 EcoTank Yellow 70ml (C13T00P440)
CWC-L-51B2000,Toner Cartridge - Compatible Lexmark 51B2000 Standard Capacity Cartridge
CWC-L-51B2H00,Toner Cartridge - Compatible Lexmark 51B2H00 High Capacity Cartridge
CWC-L-51B2X00,"Toner Cartridge - Compatible Lexmark 51B2X00 Extra High Capacity Cartridge (20,000 pages)"
CWC-C-CRG719H,Compatible Canon CRG-719H - High Capacity Toner Cartridge (3480B002AA)
CWC-C-CRG719,Compatible Canon CRG-719 - (3479B002AA)
CWC-H-CF259AHC,Compatible HP 59X High Capacity Black Toner Cartridge (CF259X)
CWC-S-CLTK503L,Compatible Samsung CLT-K503L Black Toner
CWC-S-CLTC503L,Compatible Samsung CLT-C503L Cyan Toner
CWC-S-CLTM503L,Compatible Samsung CLT-M503L Magenta Toner
CWC-S-CLTY503L,Compatible Samsung CLT-Y503L Yellow Toner
CWC-S-CLT503LMP,Compatible Samsung 503L 4 Colour Pack
CWC-H-W2070A,Compatible HP 117A Original Black (W2070A)
CWC-H-W2071A,Compatible HP 117A Cyan (W2071A)
CWC-H-W2073A,Compatible HP 117A Original Magenta (W2073A)
CWC-H-W2072A,Compatible HP 117A Original Yellow (W2072A)
CWC-H-W2070AMP,"Compatible HP 117A 4 Colour Pack (W2070A, W2071A, W2072A, W2073A)"
CWC-H-W1106A,Compatible HP 106A Black Toner Cartridge (W1106A)
CWC-B-DR421CL,Compatible Brother DR421CL 4 Colour Drum Unit (DR-421CL)
CWC-E-378XLBK,Compatible Epson 378XL Black (T3791 Squirrel)
CWC-E-378XLC,Compatible Epson 378XL Cyan (T3792 Squirrel)
CWC-E-378XLM,Compatible Epson 378XL Magenta (T3793 Squirrel)
CWC-E-378XLY,Compatible Epson 378XL Yellow (T3794 Squirrel)
CWC-E-378XLLC,Compatible Epson 378XL Light Cyan (T3795 Squirrel)
CWC-E-378XLLM,Compatible Epson 378XL Light Magenta (T3796 Squirrel)
CWC-E-378XLMP,Compatible Epson 378XL 6 Colour Pack (T3798 Squirrel)
CWC-A4PAPER500,"Copier/Laser Paper A4 White 1 Ream (500 Sheets, 75gsm)"
CWC-A4PAPER2500,Copier/Laser Paper A4 White 5 Reams (2500 Sheets 75gsm)
CWC-H-W2030A,Compatible HP W2030A Black (HP 415A)
CWC-H-W2031A,Compatible HP W2031A Cyan (HP 415A)
CWC-H-W2033A,Compatible HP W2033A Magenta (HP 415A)
CWC-H-W2032A,Compatible HP W2032A Yellow (HP 415A)
CWC-H-415AMP,"Compatible HP 415A Toner Cartridge Pack (W2030A, W2031A, W2033A, W2032A)"
CWC-H-CF259ADP,Dual Pack Compatible HP 59A Black Toner Cartridge (CF259A)
CWC-C-GI590MP,"Ink Bottle - Compatible Canon GI-590 4 Colour Multi-Pack (1603C001, 1604C001, 1605C001, 1606C001)"
CWC-C-GI590BK,Ink Bottle - Compatible Canon GI-590 Black (1603C001)
CWC-C-GI590C,Ink Bottle - Compatible Canon GI-590 Cyan (1604C001)
CWC-C-GI590M,Ink Bottle - Compatible Canon GI-590 Magenta (1605C001)
CWC-C-GI590Y,Ink Bottle - Compatible Canon GI-590 Yellow (1606C001)
CWC-S-ML1610D2,Compatible Samsung ML-1610D2
CWC-C-054HMP,"Compatible Canon 054H 4 Colour Toner Cartridge Pack (3025C002, 3026C002, 3027C002, 3028C002)"
CWC-H-304AMP,"Compatible HP 304A 4 Colour Toner Cartridge Pack (CC530A, CC531A, CC532A, CC533A)"
CWC-LAB-12910031,Compatible Brother P-Touch TZe-C31 Labelling Tape Cassette Black on Fluorescent Yellow also for TZ-C31
CWC-LAB-12910041,Compatible Brother P-Touch TZe-B41 Labelling Tape Cassette Black on Fluorescent Orange also for TZ-B41
CWC-LAB-12910121,Compatible Brother P Touch TZe-121 (YT-121) Labelling Tape Cassette Black on Clear also for TZ-121
CWC-LAB-12910122,Compatible Brother P Touch TZe-122 (YT-122) Labelling Tape Cassette Red on Clear also for TZ-122
CWC-LAB-12910123,Compatible Brother P-Touch Tze-123 Labelling Tape Cassette Blue on Clear also for TZ-123
CWC-LAB-12910131,Compatible Brother P Touch TZe-131 (YT-131) Labelling Tape Cassette Black on Clear also for TZ-131
CWC-LAB-12910132,Compatible Brother P Touch TZe-132 (YT-132) Labelling Tape Cassette Red on Clear also for TZ-132
CWC-LAB-12910141,Compatible Brother P Touch TZe-141 (YT-141) Labelling Tape Cassette Black on Clear also for TZ-141
CWC-LAB-12910143,Compatible Brother P-Touch TZe-143 Labelling Tape Cassette Blue on Clear also for TZ-143
CWC-LAB-12910152,Compatible Brother P-Touch TZe-152 Labelling Tape Cassette Red on Clear also for TZ-152
CWC-LAB-12910153,Compatible Brother P-Touch Tze-153 Labelling Tape Cassette Blue on Clear also for TZ-153
CWC-LAB-12910222,Compatible Brother P Touch TZe-222 (YT-222) Labelling Tape Cassette Red on White also for TZ-222
CWC-LAB-12910223,Compatible Brother P-Touch TZe-223 Labelling Tape Cassette Blue on White also for TZ-223
CWC-LAB-12910231,Compatible Brother P Touch TZe-231 (YT-231) Labelling Tape Cassette Black on White also for TZ-231
CWC-LAB-12910232,Compatible Brother P Touch TZe-232 (YT-232) Labelling Tape Cassette Red on White also for TZ-232
CWC-LAB-12910233,Compatible Brother P-Touch TZe-233 Labelling Tape Cassette Blue on White also for TZ-233
CWC-LAB-12910241,Compatible Brother P Touch TZe-241 (YT-241) Labelling Tape Cassette Black on White also for TZ-241
CWC-LAB-12910242,Compatible Brother P Touch TZe-242 (YT-242) Labelling Tape Cassette Red on White also for TZ-242
CWC-LAB-12910243,Compatible Brother P-Touch TZe-243 Labelling Tape Cassette Blue on White also for TZ-243
CWC-LAB-12910252,Compatible Brother P Touch TZe-252 (YT-252) Labelling Tape Cassette Red on White also for TZ-252
CWC-LAB-12910253,Compatible Brother P-Touch TZe-253 Labelling Tape Cassette Blue on White also for TZ-253
CWC-LAB-12910261,Compatible Brother P-Touch TZe-261 Labelling Tape Cassette Black on White also for TZ-261
CWC-LAB-12910262,Compatible Brother P-Touch TZe-262 Labelling Tape Cassette Red on White also for TZ-262
CWC-LAB-12910324,Compatible Brother P-Touch TZe-324 Labelling Tape Cassette Gold on Black also for TZ-324
CWC-LAB-12910334,Compatible Brother P-Touch TZe-334 Labelling Tape Cassette Gold on Black also for TZ-334
CWC-LAB-12910421,Compatible Brother P Touch TZe-421 (YT-421) Labelling Tape Cassette Black on Red also for TZ-421
CWC-LAB-12910431,Compatible Brother P Touch TZe-431 (YT-431) Labelling Tape Cassette Black on Red also for TZ-431
CWC-LAB-12910441,Compatible Brother P Touch TZe-441 (YT-441) Labelling Tape Cassette Black on Red also for TZ-441
CWC-LAB-12910451,Compatible Brother P-Touch TZe-451 Labelling Tape Cassette Black on Red also for TZ-451
CWC-LAB-12910521,Compatible Brother P Touch TZe-521 (YT-521) Labelling Tape Cassette Black on Blue also for TZ-521
CWC-LAB-12910531,Compatible Brother P Touch TZe-531 (YT-531) Labelling Tape Cassette Black on Blue also for TZ-531
CWC-LAB-12910541,Compatible Brother P Touch TZe-541 (YT-541) Labelling Tape Cassette Black on Blue also for TZ-541
CWC-LAB-12910551,Compatible Brother P-Touch TZe-551 Labelling Tape Cassette Black on Blue also for TZ-551
CWC-LAB-12910621,Compatible Brother P Touch TZe-621 (YT-621) Labelling Tape Cassette Black on Yellow also for TZ-621
CWC-LAB-12910721,Compatible Brother P-Touch TZe-721 Labelling Tape Cassette Black on Green also for TZ-721
CWC-LAB-12910731,Compatible Brother P-Touch TZe-731 Labelling Tape Cassette Black on Green also for TZ-731
CWC-LAB-12910741,Compatible Brother P-Touch TZe-741 Labelling Tape Cassette Black on Green also for TZ-741
CWC-LAB-12910751,Compatible Brother P-Touch TZe-751 Labelling Tape Cassette Black on Green also for TZ-751
CWC-LAB-12910821,Compatible Brother P-Touch TZe-821 Labelling Tape Cassette Black on Gold also for TZ-821
CWC-LAB-12910921,Compatible Brother P-Touch TZe-921 Labelling Tape Cassette Black on Silver also for TZ-921
CWC-LAB-12911201,Compatible Brother DK-11201 Std Add Labels (Paper) Roll of 400
CWC-LAB-12911202,Compatible Brother DK-11202 White Ship Labels (Paper) Roll of 300
CWC-LAB-12911221,Compatible Brother DK-11221 Square White Paper Labels Roll of 1000
CWC-LAB-12911226,Compatible Brother DK-11226 Food Label Tape Black on White Roll of 1000
CWC-LAB-12911240,Compatible Brother DK-11240 Barcode Labels Black on White Roll of 600
CWC-LAB-24910100,Compatible Dymo LM100 Labelling Tape Cassette 40913 S0720680 Black on White
CWC-LAB-24910360,Compatible Dymo LM360D Labelling Tape Cassette 45013 S0720530 Black on White
CWC-LAB-24911200,Compatible Dymo 91200 Paper Labelling Tape Cassette Black on White 12mm x 4m LetraTAG
CWC-LAB-24911201,Compatible Dymo 91201 Plastic Labelling Tape Cassette Black on White 12mm x 4m LetraTAG
CWC-LAB-24911203,Compatible Dymo 91203 Labelling Tape Cassette Black on Red 12mm x 4m LetraTAG
CWC-LAB-24911204,Compatible Dymo 91204 Labelling Tape Cassette Black on Green 12mm x 4m LetraTAG
CWC-LAB-24911354,Compatible Dymo 11354 Multipurpose Labels (Paper) Pack of 1000 S0722540
CWC-LAB-24911356,Compatible Dymo 11356 Small Name Badge Labels (Paper) Pack of 300 S0722560
CWC-LAB-24912267,Compatible Dymo 12267 Labelling Tape Cassette Black on Clear 12mm x 4m LetraTAG
CWC-LAB-24915015,Compatible Dymo 45015 Labelling Tape Cassette Red on White 12mm x 7m
CWC-LAB-24915016,Compatible Dymo 45016 Labelling Tape Cassette Black on Blue 12mm x 7m
CWC-LAB-24915018,Compatible Dymo Labelling Tape Cassette 45018 S0720580 Black on Yellow
CWC-LAB-24915019,Compatible Dymo 45019 Labelling Tape Cassette Black on Green 12mm x 7m
CWC-LAB-24915803,Compatible Dymo 45803 S0720830 Labelling Tape Cassette Black on White
CWC-LAB-24919019,Compatible Dymo 99019 Large Lever Arch File Labels (Paper) Pack of 110 S0722480
CWC-LAB-24919291,Compatible Dymo S0929100 Appointment Name Badge Card Labels
CWC-LAB-97910001,Compatible Zebra White Address Paper Labels Roll 2000 pcs (ZA3X1-2000)
CWC-LAB-97910002,Compatible Zebra White Small Address Paper Labels Roll 1300 pcs (ZA2X1-1300)
CWC-LAB-97910003,Compatible Zebra White Large Shipping Paper Labels Roll 500 pcs (ZA4X6-500)
CWC-LAB-97910004,Compatible Zebra White Large Shipping Paper Labels Roll 250 pcs (ZA4X6-250)
CWC-LAB-97910005,Compatible Zebra White Shipping Paper Labels Roll 500 pcs (ZA4X3-500)
CWC-LAB-97910007,Compatible Zebra White Standard Shipping Paper Labels Roll 750 pcs (ZA4X2-750)
CWC-LAB-97910008,Compatible Zebra Medium White Multi-purpose Paper Labels Roll 1000 pcs (ZA2.25x1.25-1000)
CWC-LAB-97910009,Compatible Zebra White Shipping Paper Labels Roll 800 pcs (ZA5.84x1.3-800)
CWC-LAB-A4CDL2,Compatible A4 Classic CD/DVD Labels 2 Per Sheet 117mm diameter (White) Pk of 100
CWC-LAB-A4MPL01,Compatible A4 Multipurpose Labels 1 Per Sheet 199.6 x 289mm (White) Pk of 100
CWC-LAB-A4MPL02,Compatible A4 Multipurpose Labels 2 Per Sheet 199.6 x 143.5mm (White) Pk of 100
CWC-LAB-A4MPL04,Compatible A4 Multipurpose Labels 4 Per Sheet 139 x 99mm (White) Pk of 100
CWC-LAB-A4MPL06,Compatible A4 Multipurpose Labels 6 Per Sheet 99.1 x 93.1mm (White) Pk of 100
CWC-LAB-A4MPL08,Compatible A4 Multipurpose Labels 8 Per Sheet 99.1 x 67.7mm (White) Pk of 100
CWC-LAB-A4MPL10,Compatible A4 Multipurpose Labels 10 Per Sheet 99.1 x 57mm (White) Pk of 100
CWC-LAB-A4MPL12,Compatible A4 Multipurpose Labels 12 Per Sheet 72 x 63.5mm (White) Pk of 100
CWC-LAB-A4MPL14,Compatible A4 Multipurpose Labels 14 Per Sheet 99.1 x 38.1mm (White) Pk of 100
CWC-LAB-A4MPL16,Compatible A4 Multipurpose Labels 16 Per Sheet 99.1 x 34mm (White) Pk of 100
CWC-LAB-A4MPL18,Compatible A4 Multipurpose Labels 18 Per Sheet 63.5 x 46.5mm (White) Pk of 100
CWC-LAB-A4MPL21,Compatible A4 Multipurpose Labels 21 Per Sheet 63.5 x 38mm (White) Pk of 100
CWC-LAB-A4MPL24,Compatible A4 Multipurpose Labels 24 Per Sheet 64 x 33.9mm (White) Pk of 100
CWC-LAB-A4MPL65,Compatible A4 Multipurpose Labels 65 Per Sheet 38.1 x 21.2mm (White) Pk of 100
CWC-R-40754MP,Compatible Ricoh 40754 Colour Toner Cartridge 4 Pack
CWC-B-LC900MP,Ink Cartridges - Compatible Brother LC-900 4 Colour Pack
CWC-H-W2210X,Compatible HP 207X High Yield Black Toner Cartridge Original (W2210X)
CWC-H-W2030X,Compatible HP W2030X Black (HP 415X)
CWC-H-W2031X,Compatible HP W2031X Cyan (HP 415X)
CWC-H-W2032X,Compatible HP W2032X Yellow (HP 415X)
CWC-H-W2033X,Compatible HP W2033X Magenta (HP 415X)
CWC-C-040HBK,Compatible Canon 040H Black (0461C001)
CWC-C-040HC,Compatible Canon 040H Cyan (0459C001)
CWC-C-040HM,Compatible Canon 040H Magenta (0457C001)
CWC-C-040HY,Compatible Canon 040H Yellow (045C001)
CWC-C-PFI-102BK,Compatible Canon PFI-102BK Black
CWC-C-PFI-102MBK,Compatible Canon PFI-102MBK Matte Black
CWC-C-PFI-102C,Compatible Canon PFI-102C Cyan
CWC-C-PFI-102M,Compatible Canon PFI-102M Magenta
CWC-C-PFI-102Y,Compatible Canon PFI-102Y Yellow
CWC-C-PFI-107MBK,Compatible Canon PFI-107MBK Matte Black
CWC-C-PFI-107BK,Compatible Canon PFI-107BK Black
CWC-C-PFI-107C,Compatible Canon PFI-107C Cyan
CWC-C-PFI-107M,Compatible Canon PFI-107M Magenta
CWC-C-PFI-107Y,Compatible Canon PFI-107Y Yellow
CWC-E-T7601,Compatible Epson C13T760140 Black (T7601)
CWC-E-T7602,Compatible Epson C13T760240 Cyan (T7602)
CWC-E-T7603,Compatible Epson C13T760340 Magenta (T7603)
CWC-E-T7604,Compatible Epson C13T760440 Yellow (T7604)
CWC-E-T7605,Compatible Epson C13T760540 Light Cyan (T7605)
CWC-E-T7606,Compatible Epson C13T760640 Light Magenta (T7606)
CWC-E-T7607,Compatible Epson C13T760740 Light Black (T7607)
CWC-E-T7608,Compatible Epson C13T760840 Matte Black (T7608)
CWC-E-T7609,Compatible Epson C13T760940 Light Light Black
CWC-E-T02J1,Compatible Epson C13T02J14010 Extra High Capacity Black (405XXL)
CWC-E-T05H1,Compatible Epson C13T05H14010 Black (405XL)
CWC-E-T05H2,Compatible Epson C13T05H24010 Cyan (405XL)
CWC-E-T05H3,Compatible Epson C13T05H34010 Magenta (405XL)
CWC-E-T05H4,Compatible Epson C13T05H44010 Yellow (405XL)
CWC-E-T04B1,Compatible Epson C13T04B140 Black (T04B1)
CWC-E-T04B2,Compatible Epson C13T04B240 Cyan (T04B2)
CWC-E-T04B3,Compatible Epson C13T04B340 Magenta (T04B3)
CWC-E-T04B4,Compatible Epson C13T04B440 Yellow
CWC-E-T9441,Compatible Epson C13T944140 Black
CWC-E-T9442,Compatible Epson C13T944240 Cyan Ink Cartridge
CWC-E-T9443,Compatible Epson C13T944340 Magenta Ink Cartridge
CWC-E-T9444,Compatible Epson C13T944440 Yellow
CWC-E-T9451,Compatible Epson C13T945140 High Capacity Black (T9451)
CWC-E-T9452,Compatible Epson C13T945240 High Capacity Cyan (T9452)
CWC-E-T9453,Compatible Epson C13T945340 High Capacity Magenta (T9453)
CWC-E-T9454,Compatible Epson C13T945440 High Capacity Yellow (T9454)
CWC-H-CZ192A,Compatible HP CZ192A (93A) Black
CWC-H-973XBK,Compatible HP L0S07AE Black (973X)
CWC-H-973XC,Compatible HP F6T81AE Cyan (973X)
CWC-H-973XM,Compatible HP F6T82AE Magenta (973X)
CWC-H-973XY,Compatible HP F6T83AE Yellow (973X)
CWC-O-4446972XPACK,"Compatible Oki 4446972X 4 Colour Pack (44469722, 44469723, 44469724, 44469803)"
CWC-O-4446970XPACK,"Compatible Oki 4446970X 4 Colour Pack (44469704, 44469705, 44469706, 44469803)"
CWC-H-CF259A,Compatible HP 59A Black Toner Cartridge (CF259A)
CWC-C-CLI571XLGY-1,Compatible Canon CLI-571XLGY 7ml Grey (0335C001)
CWC-S-MLTD119S,Compatible Samsung D119S (MLT-D119S) Toner Cartridge
CWC-X-106R04347,Compatible Xerox B210/B205/B215 High Capacity Black Toner Cartridge
CWC-R-408010,Compatible Ricoh 408010 Toner Cartridge
CWC-X-106R02305,Compatible Xerox Phaser 3320 Standard Capacity Print Cartridge - 106R02305
CWC-X-106R02307,Compatible Xerox 106R02307 Black Laser Toner Cartridge 11000 page yield
CWC-H-305XLBK3PK,Compatible HP 305XL Black Ink Cartridge Saver Pack (3YM62AE x 3 Ink Tanks)
CWC-H-305XLCOL3PK,Compatible HP 305XL Colour Ink Cartridge Saver Pack (3YM63AE x 3 Ink Tanks)
CWC-KY-TK5220BK,Compatible Kyocera TK-5220BK Black Toner
CWC-H-963XLBK,Compatible HP 963XL Black Ink Cartridge (3JA30AE)
CWC-H-963XLY,Compatible HP 963XL High Capacity Yellow Ink Cartridge (3JA29AE)
CWC-H-963XLM,Compatible HP 963XL High Capacity Magenta Ink Cartridge (3JA28AE)
CWC-H-963XLC,Compatible HP 963XL High Capacity Cyan Ink Cartridge (3JA27AE)
CWC-H-963XLMP,"Compatible HP 963XL Original Black ,Cyan ,Magenta, Yellow 4 Pack (3YP35AE)"
CWC-H-912XLBK,Compatible HP 912XL Black Ink Cartridge (3YL84AE)
CWC-H-912XLC,Compatible HP 912XL Cyan Ink Cartridge (3Y81AE)
CWC-H-912XLM,Compatible HP 912XL Magenta Ink Cartridge (3YL82AE)
CWC-H-912XLY,Compatible HP 912XL Yellow Ink Cartridge (3YL83AE)
CWC-H-912XLMP,Compatible HP 912XL Multipack (3YP34AE)
CWC-C-GI-50BK,Compatible Canon GI-50BK Black Ink Bottle
CWC-C-GI-50C,Compatible Canon GI-50C Cyan Ink Bottle
CWC-C-GI-50M,Compatible Canon GI-50M Magenta Ink Bottle
CWC-C-GI-50Y,Compatible Canon Canon GI-50Y Yellow Ink Bottle
CWC-L-56F2000,Compatible Lexmark 56F2000 Black Toner Cartridge (52d2000)
CWC-L-56F2H00,Compatible Lexmark 56F2H00 Black High Capacity Toner Cartridge
CWC-H-W2210A,Compatible HP 207A Black Toner Cartridge (W2210A)
CWC-H-W2211A,Compatible HP 207A Cyan Toner Cartridge (W2211A)
CWC-H-W2212A,Compatible HP 207A Yellow Toner Cartridge (W2212A)
CWC-H-W2213A,Compatible HP 207A Magenta Toner Cartridge (W2213A)
CWC-H-W2213X,Compatible HP 207X High Yield Magenta Toner Cartridge (W2213X)
CWC-H-W2212X,Compatible HP 207X High Capacity Yellow Toner Cartridge (W2212X)
CWC-H-W2211X,Compatible HP 207X High Capacity Cyan Laser Toner Cartridge (W2211X)
CWC-H-207XMP,Compatible HP 207X High Capacity 4 Colour Laser Toner Cartridge Multipack (W2210X/W2211X/W2212X/W2213X)
CWC-H-207AMP,Compatible HP 207A 4 Colour Toner Cartridge Multipack (W2210A / W2211A / W2212A / W2213A)
CWC-L-C232HC0,Compatible Lexmark C232HC0 Cyan Laser Toner Cartridge
CWC-L-C232HK0,Compatible Lexmark C232HK0 Black Laser Toner Cartridge
CWC-L-C232HM0,Compatible Lexmark C232HM0 Magenta Laser Toner Cartridge
CWC-L-C232HY0,Compatible Lexmark C232HY0 Yellow Laser Toner Cartridge
CWC-H-CF289XNM,Compatible HP 89X (CF289X Non MPS)
CWC-B-DR241CL,Compatible Brother DR-241CL Printer Drum 4 Colour Pack
CWC-KY-TK8345MP,Compatible Kyocera TK-8345 4 Colour Toner Cartridge Pack
CWC-H-305XLC,Compatible HP 305XL Tri-Colour Ink Cartridge (3YM63AE)
CWC-H-305XLBK,Compatible HP305XL Black Ink Cartridge (3YM62AE)
CWC-KY-TK8515K,Compatible Kyocera TK-8515 Black
CWC-C-CL561XL,Compatible Canon CL-561XL (3730C001) Colour Ink Cartridge
CWC-C-PG560XL,Compatible Canon PG-560XL Black Ink Cartridge (3712C001)
CWC-C-PG560XLCL561XLMP,Compatible Canon PG-560XL/CL-561XL Black and Colour Pack
CWC-L-58D2H00,Compatible Lexmark 58D2H00 Black Toner Cartridge
CWC-L-58D2000,Compatible Lexmark 58D2000 Black Toner Cartridge
CWC-B-LC3237BK,Compatible Brother LC-3237BK Black Ink Cartridge
CWC-D-593-BBSF,Compatible DELL 593-BBSF Cyan Toner Cartridge
CWC-H-305XLMP,Compatible HP305XL High Capacity Black & Tri-Colour Ink Cartridge Pack (6ZA94AE)
46394902,"46394902 OKI Transfer Belt (Yield 60,000 Pages)"
OE-S80-A4-500-ARTWK-1,Artwork A4 White Copy Paper (80gsm) 2 Reams (1000 Sheets)
OE-S80-A4-500-ARTWK,Artwork A4 White Copy Paper (80gsm) 5 Reams (2500 Sheets)
LC229XLVALBP,Brother Black Cyan Magenta Yellow High Capacity Ink Cartridge 48ml 3x12ml Multipack - LC229XLVALBP
LC129XLVALBP,Brother Black Cyan Magenta Yellow High Capacity Ink Cartridge 50ml 3 x 8ml 4 Pack - LC129XLVALBP
LC3217VAL,Brother Black Cyan Magenta Yellow Ink Cartridge 15ml 3x9ml Multipack - LC3217VAL
LC426VAL,Brother Black Cyan Magenta Yellow Standard Capacity Ink Cartridge 3k & 3 x 1.5k pages - LC426VAL
LC426XLBK,Brother Black High Capacity Ink Cartridge 6k pages LC426XLBK
LC1280XLBKBP2,Brother Black High Capacity Ink Cartridge 2x55ml Twinpack - LC1280XLBK
LC3235XLBK,Brother Black High Capacity Ink Cartridge 6K pages - LC3235XLBK
TN7600,Brother Black High Capacity Toner Cartridge 6.5k pages - TN7600
LC22EBK,Brother Black Ink Cartridge 2.4k pages - LC22EBK
LC1100BKBP2,Brother Black Ink Cartridge 2x10ml Twinpack - LC1100BK
LC123BKBP2,Brother Black Ink Cartridge 2x11ml Twinpack - LC123BK
LC1240BKBP2,Brother Black Ink Cartridge 2x14ml Twinpack - LC1240BK
LC1000BKBP2,Brother Black Ink Cartridge 2x19ml Twinpack - LC1000BK
LC985BKBP2,Brother Black Ink Cartridge 2x9ml Twinpack - LC985BK
LC421BK,Brother Black Standard Capacity Ink Cartridge 200 pages - LC421BK
LC3233BK,Brother Black Standard Capacity Ink Cartridge 3k pages - LC3233BK
LC426BK,Brother Black Standard Capacity Ink Cartridge 3k pages - LC426BK
LC424BK,Brother Black Standard Capacity Ink Cartridge 750 pages - LC424BK
TN3380TWIN,Brother Black Toner Cartridge 2 x 8k Twinpack - TN3380
TN2000,Brother Black Toner Cartridge 2.5k pages - TN2000
TN3030,Brother Black Toner Cartridge 3.5k pages - TN3030
TN3060,Brother Black Toner Cartridge 6.7k pages - TN3060
TN4100,Brother Black Toner Cartridge 7.5k pages - TN4100
TN-02BK,Brother Black Toner Cartridge for HL3400 Original
BU100CL,Brother BU-100CL Original Black
BU-220CL,Brother BU-220CL
LC426XLC,Brother Cyan High Capacity Ink Cartridge 5k pages LC426XLC
LC225XLC,Brother Cyan High Capacity Ink Cartridge 12ml - LC225XLC
LC1280XLC,Brother Cyan High Capacity Ink Cartridge 13ml - LC1280XLC
LC3219XLC,Brother Cyan High Capacity Ink Cartridge 16.5ml - LC3219XLC
LC3235XLC,Brother Cyan High Capacity Ink Cartridge 5K pages - LC3235XLC
LC125XLC,Brother Cyan High Capacity Ink Cartridge 8ml - LC125XLC
LC1280XLRBWBP,Brother Cyan Magenta Yellow High Capacity Ink Cartridge 3 x 13ml Multipack - LC1280XLRBWBP
LC125XLRBWBP,Brother Cyan Magenta Yellow High Capacity Ink Cartridge 3 x 8ml Multipack - LC125XLRBWBP
LC123RBWBP,Brother Cyan Magenta Yellow Ink Cartridge 3 x 6ml 4 pack - LC123RBWBP
LC1000RBWBP,Brother Cyan Magenta Yellow Ink Cartridge 3 x 7ml Multipack - LC1000RBWBP
LC1240RBWBP,Brother Cyan Magenta Yellow Ink Cartridge 3 x 7ml Multipack - LC1240RBWBP
LC1100RBWBP,Brother Cyan Magenta Yellow Ink Cartridge 3x6ml Multipack - LC1100RBWBP
LC3233C,Brother Cyan Standard Capacity Ink Cartridge 1.5k pages - LC3233C
LC426C,Brother Cyan Standard Capacity Ink Cartridge 1.5k pages - LC426C
LC421C,Brother Cyan Standard Capacity Ink Cartridge 200 pages - LC421C
LC424C,Brother Cyan Standard Capacity Ink Cartridge 750 pages - LC424C
TN230C,Brother Cyan Toner Cartridge
TN-01C,Brother Cyan Toner Cartridge for HL2400 Original
TN-03C,Brother Cyan Toner Cartridge for HL2600CN Original
TN-02C,Brother Cyan Toner Cartridge for HL3400 Original
DR-1050,Brother DR-1050 Mono Laser Drum
DR-130CL,Brother DR130CL Original 17000 pages
DR-2005,Brother DR-2005 Printer Drum Original
DR-2100,Brother DR2100 Printer Drum Original
DR-2200,Brother DR2200 Printer Drum Original
DR-2300,Brother DR-2300 Drum Unit
DR-230CL,Brother DR-230CL Printer Drum Original 15000 pages
DR-241CL,Brother DR-241CL Printer Drum Original
DR-243CL,Brother DR-243CL Colour Drum Unit (DR243)
DR-3000,Brother DR-3000 drum unit Printer Drum Original
DR-3100,Brother DR3100 Original 25000 pages
DR-3200,Brother DR-3200 Printer Drum Original 25000 pages
DR-3300,Brother DR-3300 Printer Drum Original
DR-3400,Brother DR-3400 Printer Drum Original
DR-6000,Brother DR6000 Printer Drum Original
DR-7000,Brother DR-7000 Printer Drum Original
DR-5500,Brother Drum for Laser Printer DR5500
DR-300,Brother Drum for Laser Printer Original 8000 pages
DR-2000,Brother Drum Unit DR2000
DR-320CL,Brother Drum unit DR320CL
DR-321CL,Brother Drum unit DR321CL
DR-4000,Brother Drum Unit DR4000
LC421XLBK,Brother High Yield Black Ink Cartridge 500 pages - LC421XLBK
LC421XLC,Brother High Yield Cyan Ink Cartridge 500 pages - LC421XLC
LC421XLM,Brother High Yield Magenta Ink Cartridge 500 pages - LC421XLM
LC421XLY,Brother High Yield Yellow Ink Cartridge 500 pages - LC421XLY
LC-800M,Brother Ink Cartridge magenta Fax1820C/MFC3220C/3320CN/3420C/3820CN
LC-03BC,Brother LC-03 Black/Cyan Ink Cartridge Original
LC-03MY,Brother LC-03 Magenta/Yellow Original Ink Cartridge
LC1000VALBP,"Brother LC-1000 Ink Cartridge Original Black,Cyan,Magenta,Yellow Multipack"
LC-1000HYBK,Brother LC1000BK
LC1000BK,Brother LC-1000BK Ink Cartridge Original Black
LC1000C,Brother LC1000C Ink Cartridge Original Cyan
LC1000M,Brother LC1000M Original Magenta
LC1000Y,Brother LC1000Y Ink Cartridge Original Yellow
LC1100BK,Brother LC-1100BK Black Original Ink Cartridge
LC1100C,Brother LC-1100C Original Cyan Ink Cartridge
LC1100HYBK,Brother LC-1100HYBK Ink Cartridge Original Black
LC1100HYC,Brother LC-1100HYC Ink Cartridge Original Cyan
LC1100HYM,Brother LC-1100HYM Ink Cartridge Original magenta
LC1100HYY,Brother LC-1100HYY Ink Cartridge Original yellow
LC1100M,Brother LC-1100M Original Magenta Ink Cartridge
LC1100VALBP,"Brother LC-1100VALBP Ink Cartridge Original Black, Cyan, magenta, yellow Multipack 4 pc(s)"
LC1100Y,Brother LC-1100Y Original yellow Ink Cartridge
LC-121BK,Brother LC-121BK Ink Cartridge Original Black
LC121C,Brother LC-121C Ink Cartridge Cyan
LC121M,Brother LC-121M Ink Cartridge Magenta
LC121VALBP,"Brother LC-121VALBP Ink Cartridge Black,Cyan,Magenta,Yellow"
LC121Y,Brother LC-121Y Ink Cartridge Yellow
LC1220BK,Brother LC-1220BK Ink Cartridge Original Black
LC1220C,Brother LC-1220C Ink Cartridge Original Cyan
LC1220VALBP,"Brother LC-1220VALBP Ink Cartridge Original Black,Cyan,Magenta,Yellow Multipack 4 pc(s)"
LC123BK,Brother LC-123BK Original Black Ink Cartridge
LC-123,Brother LC-123BKBP Ink Cartridge Original Black
LC123C,Brother LC-123C Original Cyan Ink Cartridge
LC123M,Brother LC-123M Original Magenta Ink Cartridge
LC123VALBP,"Brother LC-123VALBP Ink Cartridge Original Black,Cyan,Magenta,Yellow Multipack 4 pc(s)"
LC123Y,Brother LC-123Y Original Yellow Ink Cartridge
LC1240VALBP,Brother LC1240 Ink Cartridge Pack: Cyan / Magenta / Yellow / Black
LC1240BK,Brother LC-1240BK Original Black Ink Cartridge
LC1240C,Brother LC-1240C Original Cyan Ink Cartridge
LC1240M,Brother LC-1240M Original Magenta Ink Cartridge
LC1240Y,Brother LC-1240Y Original Yellow Ink Cartridge
LC125XLM,Brother LC-125XLM Original Magenta Ink Cartridge
LC125XLY,Brother LC-125XLY Original Yellow Ink Cartridge
LC127XLVALBP,"Brother LC-127XL Ink Cartridge Original Black,Cyan,Magenta,Yellow Multipack"
LC127XLBK,Brother LC-127XLBK Original Black Ink Cartridge
LC1280XLVALBP,Brother LC1280 High Yield Ink Cartridge Pack: Cyan / Magenta / Yellow / Black
LC1280XLBK,Brother LC1280XLBK Original Black Ink Cartridge
LC1280XLM,Brother LC1280XLM Original Magenta Ink Cartridge
LC1280XLY,Brother LC1280XLY Original Yellow Ink Cartridge
LC129XLBK,Brother LC-129XL Black Inkjet Cartridge Ink Cartridge
LC-221BK,Brother LC-221BK Ink Cartridge Original Black
LC-221C,Brother LC-221C Ink Cartridge Original Cyan
LC-221M,Brother LC-221M Ink Cartridge Original Magenta
LC-221VALBP,"Brother LC-221VALBP Ink Cartridge Original Photo black,Photo Cyan,Photo magenta Multipack 4 pc(s)"
LC-221Y,Brother LC-221Y Ink Cartridge Original Yellow
LC223BK,Brother LC-223BK Original Black Ink Cartridge
LC223C,Brother LC-223C Original Cyan Ink Cartridge
LC223M,Brother LC-223M Original Magenta Ink Cartridge
LC223VALBP,"Brother LC-223VALBP Ink Cartridge Original Black,Cyan,Magenta,Yellow Multipack 4 pc(s)"
LC223Y,Brother LC-223Y Original Yellow Ink Cartridge
LC225XLM,Brother LC-225XLM Original Magenta Ink Cartridge
LC225XLY,Brother LC-225XLY Original Yellow Ink Cartridge
LC227XLBK,Brother LC-227XLBK Original Black Ink Cartridge
LC227XLVALBP,"Brother LC-227XLVALBP Ink Cartridge Original Black,Cyan,Magenta,Yellow Multipack 4 pc(s)"
LC229XLBK,Brother LC-229XLBK Original Black Ink Cartridge
LC22UBK,Brother LC-22UBK Ink Cartridge Original Black
LC22UC,Brother LC-22UC Ink Cartridge Original Cyan
LC22UM,Brother LC-22UM Ink Cartridge Original Magenta
LC22UY,Brother LC-22UY Ink Cartridge Original Yellow
LC3211BK,Brother LC-3211BK Ink Cartridge Original Black
LC3211C,Brother LC-3211C Ink Cartridge Original Cyan
LC3211M,Brother LC-3211M Ink Cartridge Original Magenta
LC3211VAL,"Brother LC-3211VAL Ink Cartridge Original Black,Cyan,Magenta,Yellow Multipack"
LC3211Y,Brother LC-3211Y Ink Cartridge Original Yellow
LC3213BK,Brother LC-3213BK Ink Cartridge Original Black
LC3213C,Brother LC-3213C Ink Cartridge Original Cyan
LC3213M,Brother LC-3213M Ink Cartridge Original Magenta
LC3213VAL,"Brother LC-3213VAL Ink Cartridge Original Black,Cyan,Magenta,Yellow Multipack"
LC3213Y,Brother LC-3213Y Ink Cartridge Original Yellow
LC3217BK,Brother LC-3217BK Original Black Ink Cartridge
LC3217C,Brother LC-3217C Original Cyan Ink Cartridge
LC3217M,Brother LC-3217M Original Magenta Ink Cartridge
LC3217Y,Brother LC-3217Y Original Yellow Ink Cartridge
LC3219XLBK,Brother LC-3219XLBK Ink Cartridge Original Black
LC3219XLM,Brother LC-3219XLM Ink Cartridge Original Magenta
LC3219XLVAL,"Brother LC-3219XLVAL Ink Cartridge Original Black,Cyan,Magenta,Yellow Multipack"
LC3219XLY,Brother LC-3219XLY Ink Cartridge Original Yellow
LC3237BK,Brother LC-3237BK Ink Cartridge Original Black
LC3237C,Brother LC-3237C Ink Cartridge Original Cyan
LC3237M,Brother LC-3237M Ink Cartridge Original Magenta
LC3237Y,Brother LC-3237Y Ink Cartridge Original Yellow
LC3239XLBK,Brother LC-3239XLBK Ink Cartridge Original Black
LC3239XLC,Brother LC-3239XLC Ink Cartridge Original Cyan
LC3239XLM,Brother LC-3239XLM Ink Cartridge Original Magenta
LC3239XLY,Brother LC-3239XLY Ink Cartridge Original Yellow
LC970VALBP,"Brother LC-970 Ink Cartridge Original black,Cyan,magenta,yellow Multipack"
LC970BK,Brother LC970BK Original Black
LC970C,Brother LC970C Ink Cartridge Original Cyan
LC970M,Brother LC970M Original Magenta
LC970Y,Brother LC970Y Original Yellow
LC980BK,Brother LC-980BK Ink Cartridge Original Black
LC980C,Brother LC-980C Ink Cartridge Original Cyan
LC980M,Brother LC-980M Ink Cartridge Original magenta
LC980VALBP,"Brother LC-980VALBP Ink Cartridge Original black,Cyan,magenta,yellow Multipack 4 pc(s)"
LC980Y,Brother LC-980Y Ink Cartridge Original yellow
LC985BK,Brother LC985BK Original Black Ink Cartridge
LC985C,Brother LC985C Original Cyan Ink Cartridge
LC985M,Brother LC985M Original Magenta Ink Cartridge
LC-985RBWBP,"Brother LC-985RBWBP Ink Cartridge Original Cyan,magenta,yellow 3 pc(s)"
LC985VALBP,"Brother LC-985VALBP Ink Cartridge Original black,Cyan,magenta,yellow Multipack 4 pc(s)"
LC985Y,Brother LC985Y Original Yellow Ink Cartridge
LC426XLM,Brother Magenta High Capacity Ink Cartridge 5k pages - LC426XLM
LC3235XL,Brother Magenta High Capacity Ink Cartridge 5K pages - LC3235XLM
LC1220M,Brother Magenta Inkjet Cartridge
LC3233M,Brother Magenta Standard Capacity Ink Cartridge 1.5k pages - LC3233M
LC426M,Brother Magenta Standard Capacity Ink Cartridge 1.5k pages - LC426M
LC421M,Brother Magenta Standard Capacity Ink Cartridge 200 pages - LC421M
LC424M,Brother Magenta Standard Capacity Ink Cartridge 750 pages - LC424M
LC421Y,Brother Standard Capacity Yellow Ink Cartridge 200 pages - LC421Y
PC75,Brother Thermal Transfer Ribbon 144 pages with Cartridge Holder - PC75
TN1050,Brother TN-1050 Toner Cartridge Original Black
TN130BK,Brother TN130BK Original Black Toner Cartridge
TN130C,Brother TN130C Original Cyan Toner Cartridge
TN130M,Brother TN130M Original magenta Toner Cartridge
TN130Y,Brother TN130Y Original Yellow Toner Cartridge
TN-135BK,Brother TN135BK Original Black Toner Cartridge
TN-135C,Brother TN135C Original Cyan Toner Cartridge
TN-135M,Brother TN135M Original Magenta Toner Cartridge
TN-135Y,Brother TN135Y Original Yellow Toner Cartridge
TN-200,Brother TN-200 Toner Cartridge Original Black
TN2005,Brother TN-2005 Toner Cartridge Original Black
TN2010,Brother TN-2010 Toner Cartridge Original Black
TN2110,Brother TN-2110 Toner Cartridge Original Black
TN2120,Brother TN-2120 Toner Cartridge Original Black
TN2210,Brother TN-2210 Toner Cartridge Original Black
TN2220,Brother TN-2220 Toner Cartridge Original Black
TN230BK,Brother TN-230BK Toner Cartridge Original Black
TN230M,Brother TN-230M Toner Cartridge Original magenta
TN230Y,Brother TN-230Y Toner Cartridge Original Yellow
TN2310,Brother TN-2310 Toner Cartridge Original Black
TN2320,Brother TN-2320 Toner Cartridge Original Black
TN2410,Brother TN-2410 Toner Cartridge Original Black
TN241BK,Brother TN-241BK Toner Cartridge Original Black
TN241C,Brother TN-241C Toner Cartridge Original Cyan
TN241M,Brother TN-241M Toner Cartridge Original Magenta
TN241Y,Brother TN-241Y Toner Cartridge Original Yellow
TN2420,Brother TN-2420 Toner Cartridge Original Black
TN243BK,Brother TN-243BK Toner Cartridge Original Black
TN243C,Brother TN-243C Toner Cartridge Original Cyan
TN243CMYK,"Brother TN-243CMYK Toner Cartridge Original Black,Cyan,Magenta,Yellow"
TN243M,Brother TN-243M Toner Cartridge Original Magenta
TN243Y,Brother TN-243Y Toner Cartridge Original Yellow
TN245C,Brother TN-245C Toner Cartridge Original Cyan
TN245M,Brother TN-245M Toner Cartridge Original Magenta
TN245Y,Brother TN-245Y Toner Cartridge Original Yellow
TN-247BKCMY,Brother TN-247 Toner Cartridge 4 Colour Pack
TN247BK,"Brother TN-247BK (Yield: 3,000 Pages) Black Toner Cartridge"
TN247C,"Brother TN-247C (Yield: 2,300 Pages) Cyan Toner Cartridge"
TN247M,"Brother TN-247M (Yield: 2,300 Pages) Magenta Toner Cartridge"
TN247Y,"Brother TN-247Y (Yield: 2,300 Pages) Yellow Toner Cartridge"
TN3130,Brother TN3130 Original Black
TN3170,Brother TN-3170 Toner Cartridge Original Black
TN320BK,Brother TN320BK Original Black
TN320C,Brother TN-320C Toner Cartridge Original Cyan
TN320M,Brother TN-320M Toner Cartridge Original Magenta
TN320Y,Brother TN-320Y Toner Cartridge Original Yellow
TN321BK,Brother TN-321BK Toner Cartridge Original Black
TN321C,Brother TN-321C Toner Cartridge Original Cyan
TN321M,Brother TN-321M Toner Cartridge Original Magenta
TN321Y,Brother TN-321Y Toner Cartridge Original Yellow
TN3230,Brother TN-3230 Toner Cartridge Original Black
TN325BK,Brother TN325BK Original Black
TN325C,Brother TN-325C Toner Cartridge Original Cyan
TN325M,Brother TN-325M Toner Cartridge Original Magenta
TN325Y,Brother TN-325Y Toner Cartridge Original Yellow
TN326BK,Brother TN-326BK Toner Cartridge Original Black
TN326C,Brother TN-326C Toner Cartridge Original Cyan
TN326M,Brother TN-326M Toner Cartridge Original Magenta
TN326Y,Brother TN-326Y Toner Cartridge Original Yellow
TN3280,Brother TN-3280 Toner Cartridge Original Black
TN328BK,Brother TN-328BK Toner Cartridge Original Black
TN328C,Brother TN-328C Toner Cartridge Original Cyan
TN328M,Brother TN-328M Toner Cartridge Original Magenta
TN328Y,Brother TN-328Y Toner Cartridge Original yellow
TN329BK,Brother TN-329BK Toner Cartridge Original Black
TN329C,Brother TN-329C Toner Cartridge Original Cyan
TN329M,Brother TN-329M Toner Cartridge Original Magenta
TN329Y,Brother TN-329Y Toner Cartridge Original Yellow
TN3330,Brother TN-3330 Toner Cartridge Original Black
TN3380,Brother TN-3380 Toner Cartridge Original Black
TN3390,Brother TN-3390 Toner Cartridge Original Black
TN3430,Brother TN-3430 Toner Cartridge Original Black
TN3480,Brother TN-3480 Toner Cartridge Original Black
TN3512,Brother TN-3512 Toner Cartridge Original Black
TN3520,Brother TN-3520 Toner Cartridge Original Black
TN421BK,Brother TN-421BK Toner Cartridge Original Black
TN421C,Brother TN-421C Toner Cartridge Original Cyan
TN421M,Brother TN-421M Toner Cartridge Original Magenta
TN421Y,Brother TN-421Y Toner Cartridge Original Yellow
TN423BK,Brother TN-423BK Toner Cartridge Original Black
TN423C,Brother TN-423C Toner Cartridge Original Cyan
TN423M,Brother TN-423M Toner Cartridge Original Magenta
TN423Y,Brother TN-423Y Toner Cartridge Original Yellow
TN426BK,Brother TN-426BK Toner Cartridge Original Black
TN426C,Brother TN-426C Toner Cartridge Original Cyan
TN426M,Brother TN-426M Toner Cartridge Original Magenta
TN426Y,Brother TN-426Y Toner Cartridge Original Yellow
TN6300,Brother TN6300 Original Black
TN6600,Brother TN6600 Original Black
TN900BK,Brother TN-900BK Toner Cartridge Original Black
TN900C,Brother TN-900C Toner Cartridge Original Cyan
TN900M,Brother TN-900M Toner Cartridge Original Magenta
TN900Y,Brother TN-900Y Toner Cartridge Original Yellow
TN910BK,Brother TN-910BK Toner Cartridge Original Black
TN910C,Brother TN-910C Toner Cartridge Original Cyan
TN910M,Brother TN-910M Toner Cartridge Original Magenta
TN910Y,Brother TN-910Y Toner Cartridge Original Yellow
LC421VAL,Brother Value Pack Black Cyan Magenta Yellow Standard Capacity Ink Cartridge 200 pages - LC421VAL
LC421XLVAL,Brother Value Pack Black Cyan Magenta Yellow Standard Capacity Ink Cartridge 500 pages - LC421XLVAL
LC424VAL,Brother Value Pack Black Cyan Magenta Yellow Standard Capacity Ink Cartridge 750 pages - LC424VAL
WT-100CL,Brother WT100CL Original
WT-200CL,Brother WT-200CL Original Waste Toner
WT-220CL,Brother WT-220CL Original Toner Cartridge Wastebox
WT-300CL,Brother WT-300CL Toner Cartridge Wastebox
WT-320CL,Brother WT-320CL Waste Toner Cartridge Box
LC426XLY,Brother Yellow High Capacity Ink Cartridge 5k pages - LC426XLY
LC3235XLY,Brother Yellow High Capacity Ink Cartridge 5K pages - LC3235XLY
LC1220Y,Brother Yellow Ink Cartridge
LC3233Y,Brother Yellow Standard Capacity Ink Cartridge 1.5k pages - LC3233Y
LC426Y,Brother Yellow Standard Capacity Ink Cartridge 1.5k pages - LC426Y
LC424Y,Brother Yellow Standard Capacity Ink Cartridge 750 pages LC424Y
4371B002,Canon 029 Original Black
0287C001,Canon 039 Original Black
0288C001,Canon 039H Original Black
0460C001,Canon 040 Original Black
0458C001,Canon 040 Original Cyan
0456C001,Canon 040 Original Magenta
0454C001,Canon 040 Original Yellow
0461C001,Canon 040H Original Black
0459C001,Canon 040H Original Cyan
0457C001,Canon 040H Original Magenta
0455C001,Canon 040H Original Yellow
1242C002,Canon 045BK Black Standard Capacity Toner Cartridge 1.4k pages - 1242C002
1241C002,Canon 045C Cyan Standard Capacity Toner Cartridge 1.3k pages - 1241C002
1246C002,Canon 045HBK Black High Capacity Toner Cartridge 2.8k pages - 1246C002
1245C002,Canon 045HC Cyan High Capacity Toner Cartridge 2.2k pages - 1245C002
1244C002,Canon 045HM Magenta High Capacity Toner Cartridge 2.2k pages - 1244C002
1243C002,Canon 045HY Yellow High Capacity Toner Cartridge 2.2k pages - 1243C002
1240C002,Canon 045M Magenta Standard Capacity Toner Cartridge 1.3k pages - 1240C002
1239C002,Canon 045Y Yellow Standard Capacity Toner Cartridge 1.3k pages - 1239C002
1250C002,Canon 046BK Black Standard Capacity Toner Cartridge 2.2k pages - 1250C002
1249C002,Canon 046C Cyan Standard Capacity Toner Cartridge 2.3k pages - 1249C002
1254C002,Canon 046HBK Black High Capacity Toner Cartridge 6.3k pages - 1254C002
1253C002,Canon 046HC Cyan High Capacity Toner Cartridge 5k pages - 1253C002
1252C002,Canon 046HM Magenta High Capacity Toner Cartridge 5k pages - 1252C002
1251C002,Canon 046HY Yellow High Capacity Toner Cartridge 5k pages - 1251C002
1248C002,Canon 046M Magenta Standard Capacity Toner Cartridge 2.3k pages - 1248C0020
1247C002,Canon 046Y Yellow Standard Capacity Toner Cartridge 2.3k pages - 1247C0020
2164C002,Canon 047BK Black Standard Capacity Toner Cartridge 1.6k pages - 2164C002
2169C002,Canon 051HBK Black Standard Capacity Toner Cartridge 4k pages - 2169C002
2200C002,Canon 052BK Black High Capacity Toner Cartridge 9.2k pages - 2200C002
2199C002,Canon 052BK Black Standard Capacity Toner Cartridge 3.1k pages - 2199C002
3024C002,Canon 054 Black Toner Cartridge (3024C002)
3023C002,Canon 054 Cyan Toner Cartridge (3023C002)
3022C002,Canon 054 Magenta Toner Cartridge (3022C002)
3021C002,Canon 054 Yellow Toner Cartridge (3021C002)
3028C002,Canon 054HB Black High Capacity Toner Cartridge 3.1k pages - 3028C002
3027C002,Canon 054HC Cyan High Capacity Toner Cartridge 2.3k pages - 3027C002
3026C002,Canon 054HM Magenta High Capacity Toner Cartridge 2.3k pages - 3026C002
3025C002,Canon 054HY Yellow High Capacity Toner Cartridge 2.3k pages - 3025C002
3016C002,Canon 055BK Black Standard Capacity Toner Cartridge 2.3k pages - 3016C002
3015C002,Canon 055C Cyan Standard Capacity Toner Cartridge 2.1k pages - 3015C002
3020C002,Canon 055HBK Black High Capacity Toner Cartridge 7.6k pages - 3020C002
3019C002,Canon 055HC Cyan High Capacity Toner Cartridge 5.9k pages - 3019C002
3018C002,Canon 055HM Magenta High Capacity Toner Cartridge 5.9k pages - 3018C002
3017C002,Canon 055HY Yellow High Capacity Toner Cartridge 5.9k pages - 3017C002
3014C002,Canon 055M Magneta Standard Capacity Toner Cartridge 2.1k pages - 3014C002
3013C002,Canon 055Y Yellow Standard Capacity Toner Cartridge 2.1k pages - 3013C002
3009C002,Canon 057BK Black Standard Capacity Toner Cartridge 3.1k pages - 3009C002
3010C002,Canon 057HBK Black High Capacity Toner Cartridge 10k pages - 3010C002
1657B002,Canon 1657B002 Original Yellow Toner Cartridge
1658B002,Canon 1658B002 Original Magenta Toner Cartridge
1658B006,Canon 1658B006 Toner Cartridge Original Magenta
1659B002,Canon 1659B002 Original Cyan Toner Cartridge
1660B002,Canon 1660B002 Original Black Toner Cartridge
1660B006,Canon 1660B006 Toner Cartridge Original Black
1870B002,Canon 1870B002 Original Black Toner Cartridge
9422A004,Canon 307 M Original Magenta Toner Cartridge
9287A003,Canon 701 Original Black (9287A003)
9286A003,Canon 701 Original Cyan (9286A003)
9285A003,Canon 701 Original magenta (9285A003)
9284A003,Canon 701 Original Yellow (9284A003)
9290A003,Canon 701L Original Cyan (9290A003)
9289A003,Canon 701L Original Magenta (9289A003)
7616A005,Canon 703 Original Black Toner Cartridge (7616A005)
0264B002,Canon 706 Original Black (0264B002)
9424A004,Canon 707 Black Original Toner Cartridge (9424A004)
9423A004,Canon 707 Original Cyan Toner Cartridge (9423A004)
0266B002,Canon 708 Original Black Toner Cartridge (0266B002)
0917B002,Canon 708H Original Black Toner Cartridge (0917B002)
0985B001,Canon 710 Original Black (0985B001)
0986B001,Canon 710H Original Black (0986B001)
1153B002,Canon 714 Toner Cartridge (1153B002)
1975B002,Canon 715 Original Black Toner Cartridge (1975B002)
1976B002,Canon 715H Original Black (1976B002)
1979B002,Canon 716 Cyan Original Toner Cartridge (1979B002)
1978B002,Canon 716 Original magenta Toner Cartridge (1978B002)
1977B002,Canon 716 Y Original Yellow Toner Cartridge (1977B002)
2577B002,Canon 717 Original Cyan (2577B002)
2576B002,Canon 717 Original Magenta (2576B002)
2575B002,Canon 717Y Original Yellow (2575B002)
2662B002AA,Canon 718BK Black Standard Capacity Toner Cartridge 3.4k pages - 2662B002
2661B002AA,Canon 718C Cyan Standard Capacity Toner Cartridge 2.9k pages - 2661B002
2660B002AA,Canon 718M Magenta Standard Capacity Toner Cartridge 2.9k pages - 2660B002
2659B002AA,Canon 718Y Yellow Standard Capacity Toner Cartridge 2.9k pages - 2659B002
3479B002AA,Canon 719 Black Standard Capacity Toner Cartridge 2.1k pages - 3479B002
2617B002,Canon 720 Original Black Toner Cartridge (2617B002) (2617B002)
2644B002,Canon 723BK Original Black (2644B002) (2644B002)
2643B002,Canon 723C Original Cyan (2643B002) (2643B002)
2645B002,Canon 723H Original Black (2645B002) (2645B002)
2642B002,Canon 723M Original Magenta (2642B002) (2642B002)
2641B002,Canon 723Y Original Yellow (2641B002) (2641B002)
4370B002,Canon 729 BK Original Black Toner Cartridge (4370B002) (4370B002)
4368B002,Canon 729 M Original Magenta Toner Cartridge (4368B002) (4368B002)
4367B002,Canon 729 Y Original Yellow Toner Cartridge (4367B002) (4367B002)
6272B002,Canon 731 Original Black Toner Cartridge (6272B002) (6272B002)
6271B002,Canon 731 Original Cyan Toner Cartridge (6271B002) (6271B002)
6270B002,Canon 731 Original Magenta Toner Cartridge (6270B002) (6270B002)
6269B002,Canon 731 Original Yellow Toner Cartridge (6269B002) (6269B002)
6273B002,Canon 731H Original Black Toner Cartridge (6273B002) (6273B002)
6262B002,Canon 732C Original Cyan Toner Cartridge (6262B002) (6262B002)
6264B002,Canon 732H Original Black (6264B002) (6264B002)
6263B002,Canon 732K Original Black Toner Cartridge (6263B002) (6263B002)
6261B002,Canon 732M Original Magenta Toner Cartridge (6261B002) (6261B002)
6260B002,Canon 732Y Original Yellow Toner Cartridge (6260B002) (6260B002)
9435B002,Canon 737 Original Black Toner Cartridge (9435B002) (9435B002)
9421A004,Canon 9421A004 Original yellow Toner Cartridge (9421A004) (9421A004)
4479A002,Canon BCI-3eBk Original Black (4479A002) (4479A002)
4705A002,Canon BCI-6 BK Original Black (4705A002) (4705A002)
4706A002,Canon BCI-6C Original Cyan (4706A002) (4706A002)
4707A002,Canon BCI-6M Original Magenta (4707A002) (4707A002)
4709A002,Canon BCI-6PC Ink Cartridge Original Photo Cyan (4709A002) (4709A002)
8891A002,Canon BCI-6R Ink Cartridge Original Red (8891A002) (8891A002)
4708A002,Canon BCI-6Y Original Yellow (4708A002) (4708A002)
2798B002,"Canon C5030 5035, C-EXV29, Magenta Original Toner Cartridge (2798B002) (2798B002)"
2796B002,"Canon C7055 7065, C-EXV31 Toner, Cyan Original (2796B002) (2796B002)"
2792B002,"Canon C7055 7065, C-EXV31 Toner, Noir Original Black (2792B002) (2792B002)"
9288A003,Canon Cartridge 701L Original Yellow (9288A003) (9288A003)
1980B002,Canon Cartridge 716 Black Original Toner Cartridge (1980B002) (1980B002)
8190A002,Canon Cartridge BCI-15 Black Original Multipack 2 pc(s) (8190A002) (8190A002)
9818A002,Canon Cartridge BCI-16 3-Color Ink Cartridge Original Multipack (9818A002) (9818A002)
0384B002,Canon C-EXV 14 Toner Cartridge Black Original (0384B002) (0384B002)
0452B002,Canon C-EXV 21 Original Black (0452B002) (0452B002)
0453B002,Canon C-EXV 21 Original Cyan (0453B002) (0453B002)
1872B002,Canon C-EXV 22 Original Black (1872B002) (1872B002)
1657B006,Canon C-EXV 26 Original Yellow (1657B006) (1657B006)
2789B002,Canon C-EXV 28 Original Black (2789B002) (2789B002)
2793B002,Canon C-EXV 28 Original Cyan (2793B002) (2793B002)
2797B002,Canon C-EXV 28 Original Magenta (2797B002) (2797B002)
2801B002,Canon C-EXV 28 Original Yellow (2801B002) (2801B002)
2786B002,Canon C-EXV 32 Original Black (2786B002) (2786B002)
2785B002,Canon C-EXV 33 Original Black (2785B002) (2785B002)
3782B002,Canon C-EXV 34 Original Black Toner Cartridge (3782B002) (3782B002)
3783B002,Canon C-EXV 34 Original Cyan Toner Cartridge (3783B002) (3783B002)
3784B002,Canon C-EXV 34 Original Magenta Toner Cartridge (3784B002) (3784B002)
3785B002,Canon C-EXV 34 Original Yellow Toner Cartridge (3785B002) (3785B002)
3766B002,Canon C-EXV 36 Original Black (3766B002) (3766B002)
4792B002,Canon C-EXV 39 Original Black (4792B002) (4792B002)
3480B006,Canon C-EXV 40 Original Black (3480B006) (3480B006)
9629A002,Canon C-EXV11 Original Black Toner Cartridge (9629A002) (9629A002)
9634A002,Canon C-EXV12 Toner Cartridge Black for iR3570/3530/4570 Original (9634A002) (9634A002)
0388B002,Canon C-EXV18 Printer Drum Original (0388B002) (0388B002)
0455B002,Canon C-EXV21 Original Yellow (0455B002) (0455B002)
1659B006,Canon C-EXV26 Original Cyan (1659B006) (1659B006)
2790B002,Canon C-EXV29 Original Black Toner Cartridge (2790B002) (2790B002)
2794B002,Canon C-EXV29 Original Cyan Toner Cartridge (2794B002) (2794B002)
2802B002,Canon C-EXV29 Original Yellow Toner Cartridge (2802B002) (2802B002)
2800B002,Canon CEXV31 Original magenta (2800B002) (2800B002)
2804B002,Canon C-EXV31 Original yellow (2804B002) (2804B002)
2787B002,Canon C-EXV37 Original Black (2787B002) (2787B002)
6836A002,Canon C-EXV5 Original Black 2 pc(s) Toner Cartridge (6836A002) (6836A002)
7814A002,Canon C-EXV7 Original Black (7814A002) (7814A002)
2146B001,"Canon CL-38 Ink Cartridge Original Cyan,Magenta,Yellow (2146B001) (2146B001)"
0617B001,"Canon CL-41 Ink Cartridge Original Cyan,Magenta,Yellow (0617B001) (0617B001)"
0618B001,"Canon CL-51 Original Cyan,Magenta,Yellow (0618B001) (0618B001)"
2972B001,"Canon CL-511 Colour Original Cyan, Magenta, Yellow Tri-Colour Ink Cartridge (2972B001) (2972B001)"
2971B001,Canon CL-513 Colour Ink Cartridge Ink Cartridge (2971B001) (2971B001)
0619B001,"Canon CL-52 Ink Cartridge Original Black,Cyan,Magenta,Yellow (0619B001) (0619B001)"
8289B001,"Canon CL-546 Original Cyan,Magenta,Yellow (8289B001) (8289B001)"
8288B001,"Canon CL-546XL Original Cyan, Magenta, Yellow Tri-Colour Ink Cartridge (8288B001) (8288B001)"
3731C001,Canon CL561 Cyan Magenta Yellow Standard Capacity Ink Cartridge 8ml - 3731C001
3730C001,"Canon CL-561XL (3730C001) Ink Cartridge Original Cyan, Magenta, Yellow"
1423A002,Canon CLC1100 Toner Cartridge Black Original
1441A002,Canon CLC1100 Toner Cartridge Yellow Original
1511B001,"Canon CLI-36 Col Original Cyan,Magenta,Yellow"
6384B001,Canon CLI-42 BK Ink Cartridge Original Photo black
6384B010,"Canon CLI-42 BK/C/M/Y/PM/PC/GY/LGY Ink Cartridge Original Black,Cyan,Grey,Light grey,Magenta,Photo Cyan,Photo magenta,Yellow Multipack 8 pc(s)"
6385B001,Canon CLI-42 C Ink Cartridge Original Photo Cyan
6390B001,Canon CLI-42 GY Ink Cartridge Original Grey
6391B001,Canon CLI-42 LGY Ink Cartridge Original Light grey
6386B001,Canon CLI-42 M Ink Cartridge Original Photo magenta
6388B001,Canon CLI-42 PC Ink Cartridge Original Photo Cyan
6389B001,Canon CLI-42 PM Ink Cartridge Original Photo magenta
6387B001,Canon CLI-42 Y Ink Cartridge Original Yellow
2933B001,Canon CLI-521 BK Original Black
2934B001,Canon CLI-521 C Ink Cartridge Original Cyan
2934B007,"Canon CLI-521 CMY Ink Cartridge Original Cyan,Magenta,Yellow 3 pc(s)"
2937B001,Canon CLI-521 GY Ink Cartridge Original Grey
2935B001,Canon CLI-521 M Original Magenta
2936B001,Canon CLI-521 Y Ink Cartridge Original Yellow
2934B010,Canon CLI521CMY Cyan Magenta Yellow Standard Capacity Ink Cartridge 3 x 9ml Multipack - 2934B010
4540B001,Canon CLI-526 BK Original Black Ink Cartridge
4541B001,Canon CLI-526 C Original Cyan Ink Cartridge
4544B001,Canon CLI-526 GY Original Grey
4542B001,Canon CLI-526 M Original Magenta Ink Cartridge
4540B017,Canon CLI526 Photo Black Cyan Magenta Yellow Standard Capacity Ink Cartridge 4 x 9ml Multipack - 4540B017
4543B001,Canon CLI-526 Y Original Yellow Ink Cartridge
4541B009,Canon CLI526CMY Cyan Magenta Yellow Standard Capacity Ink Cartridge 3 x 9ml Multipack - 4541B009
6508B001,Canon CLI-551 BK Original Photo black
6508B005,Canon CLI551 Black Cyan Magenta Yellow Standard Capacity Ink Cartridge 4 x 7ml Multipack - 6508B005
6509B001,Canon CLI-551 C Original Photo Cyan
6512B001,Canon CLI-551 GY Original Grey
6510B001,Canon CLI-551 M Original Photo magenta
6511B001,Canon CLI-551 Y Original Yellow
6443B001,Canon CLI-551XL BK Original Photo black Ink Cartridge
6444B001,Canon CLI-551XL C Original Photo Cyan Ink Cartridge
6447B001,Canon CLI-551XL GY Original Grey Ink Cartridge
6445B001,Canon CLI-551XL M Original Photo Magenta Ink Cartridge
6446B001,Canon CLI-551XL Y Original Yellow Ink Cartridge
0386C006,Canon CLI571 Photo Black Cyan Magenta Yellow Standard Capacity Ink Cartridge 4 x 7ml Multipack - 0386C006
0385C001,Canon CLI-571BK Ink Cartridge Original Black
0331C001,Canon CLI-571BK XL Original Black Ink Cartridge
0386C001,Canon CLI-571C Ink Cartridge Original Cyan
0332C001,Canon CLI-571C XL Original Cyan Ink Cartridge
0389C001,Canon CLI-571GY Original Photo grey Ink Cartridge
0335C001,Canon CLI-571GY XL Ink Cartridge Original Grey
0387C001,Canon CLI-571M Ink Cartridge Original Magenta
0333C001,Canon CLI-571M XL Original Magenta Ink Cartridge
CACLI571XLMULTI,Canon CLI571XL Black Cyan Magenta Yellow High Yield Ink Cartridge 4 x 7ml - 0332C001
0388C001,Canon CLI-571Y Ink Cartridge Original Yellow
0334C001,Canon CLI-571Y XL Original Yellow Ink Cartridge
2106C001,Canon CLI-581BK Ink Cartridge Black 5.6 ml
2052C001,Canon CLI-581BK XL Ink Cartridge Original Black
1998C001,Canon CLI-581BK XXL Ink Cartridge Black 11.7 ml
2103C001,Canon CLI-581C Ink Cartridge Cyan 5.6 ml
2049C001,Canon CLI-581C XL Ink Cartridge Cyan 8.3 ml
1995C001,Canon CLI-581C XXL Ink Cartridge Cyan 11.7 ml
2104C001,Canon CLI-581M Ink Cartridge Magenta 5.6 ml
2050C001,Canon CLI-581M XL Ink Cartridge Magenta 8.3 ml
1996C001,Canon CLI-581M XXL Ink Cartridge Magenta 11.7 ml
2103C004,"Canon CLI-581Multipack Ink Cartridge BK, C, M, Y (2103C004) 5.6 ml"
2107C001,Canon CLI-581PB Ink Cartridge 5.6 ml
2053C001,Canon CLI-581PB XL Ink Cartridge 8.3 ml
1999C001,Canon CLI-581PB XXL Ink Cartridge 11.7 ml
2052C004,Canon CLI581XL Black Cyan Magenta Yellow High Yield Ink Cartridge 4 x 8ml Multipack - 2052C004
1998C005,Canon CLI581XXL Black Cyan Magenta Yellow Extra High Yield Ink Cartridge 4 x 12ml Multipack - 2052C005
2105C001,Canon CLI-581Y Ink Cartridge Yellow 5.6 ml
2051C001,Canon CLI-581Y XL Ink Cartridge Yellow 8.3 ml
1997C001,Canon CLI-581Y XXL Ink Cartridge Yellow 11.7 ml
4215C001,Canon CLI65BK Black Standard Capacity Ink Cartridge 13ml - 4215C001
4216C001,Canon CLI65C Cyan Standard Capacity Ink Cartridge 13ml - 4216C001
4219C001,Canon CLI65GY Grey Standard Capacity Ink Cartridge 13ml - 4219C002
4222C001,Canon CLI65LGY Light Grey Standard Capacity Ink Cartridge 13ml - 4222C001
4217C001,Canon CLI65M Magenta Standard Capacity Ink Cartridge 13ml - 4217C001
4220C001,Canon CLI65PC Photo Cyan Standard Capacity Ink Cartridge 13ml - 4220C002
4221C001,Canon CLI65PM Photo Magenta Standard Capacity Ink Cartridge 13ml - 4221C002
4218C001,Canon CLI65Y Yellow Standard Capacity Ink Cartridge 13ml - 4218C001
0620B001,Canon CLI-8 BK w/Sec Original Black Ink Cartridge
0620B027,Canon CLI8 Black Cyan Magenta Red Green Standard Capacity Ink Cartridge 5 x 13ml Multipack - 0620B027
0621B029,Canon CLI8 Cyan Magenta Yellow Standard Capacity Ink Cartridge 3 x 13ml Multipack - 0621B029
0621B001,Canon CLI-8C Original Cyan Ink Cartridge
0627B001,Canon CLI-8G Ink Cartridge Green
0622B001,Canon CLI-8M Original Magenta Ink Cartridge
0624B001,Canon CLI-8PC Ink Cartridge Original Photo Cyan
0625B001,Canon CLI-8PM Ink Cartridge Original magenta
0626B001,Canon CLI-8R Ink Cartridge Original Red
0623B001,Canon CLI-8Y Yellow Ink Cartridge
3479B002,Canon CRG 719 BK Original Black
3480B002,Canon CRG 719H BK Original Black
3484B002,Canon CRG 725 Original Black Toner Cartridge
3500B002,Canon CRG 728 Original Black Toner Cartridge
1871B002,Canon CRG-713 Original Black Toner Cartridge
2662B002,Canon CRG-718 Bk Original Black Toner Cartridge
2662B005,Canon CRG-718 Bk VP Original Black 2 pc(s)
2661B002,Canon CRG-718 C Original Cyan Toner Cartridge
2660B002,Canon CRG-718 M Original Magenta Toner Cartridge
2659B002,Canon CRG-718 Y Original Yellow Toner Cartridge
3481B002,Canon CRG-724H Original Black
3483B002,Canon CRG-726 Original Black
4369B002,Canon CRG-729 C Original Cyan Toner Cartridge
1491A003,Canon E30 Original Black
1550A003,Canon EP-22 Original Black Toner Cartridge
5773A004,Canon EP-25 Original Black
5773A003,Canon EP-25 Original Black Toner Cartridge
8489A002,Canon EP-27 Original Black
0384B006AA,Canon EXV14 Black Standard Capacity Toner Cartridge 8.3k pages - 0384B006
6647A002,Canon EXV3 Black Standard Capacity Toner Cartridge 15k pages - 6647A002
3764B002,Canon EXV35BK Black Standard Capacity Toner Cartridge 70k pages - 3764B002
2788B002,Canon EXV43BK Black Standard Capacity Toner Cartridge 15.2k pages - 2788B002
6942B002,Canon EXV45BK Black Standard Capacity Toner Cartridge 80k pages - 6942B002
6944B002,Canon EXV45C Cyan Standard Capacity Toner Cartridge 52k pages - 6944B002
6946B002,Canon EXV45M Magenta Standard Capacity Toner Cartridge 52k pages - 6946B002
6948B002,Canon EXV45Y Yellow Standard Capacity Toner Cartridge 52k pages - 6948B002
8516B002,Canon EXV47BK Black Standard Capacity Toner Cartridge 19k pages - 8516B002
8517B002,Canon EXV47C Cyan Standard Capacity Toner Cartridge 21.5k pages - 8517B002
8518B002,Canon EXV47M Magenta Standard Capacity Toner Cartridge 21.5k pages - 8518B002
8519B002,Canon EXV47Y Yellow Standard Capacity Toner Cartridge 21.k pages - 8519B002
9106B002,Canon EXV48BK Black Standard Capacity Toner Cartridge 16.5k pages - 9106B002
9107B002,Canon EXV48C Cyan Standard Capacity Toner Cartridge 11.5k pages - 9107B002
9108B002,Canon EXV48M Magenta Standard Capacity Toner Cartridge 11.5k pages - 9108B002
9109B002,Canon EXV48Y Yellow Standard Capacity Toner Cartridge 11.5k pages - 9109B002
8524B002AA,Canon EXV49BK Black Standard Capacity Toner Cartridge 36k pages - 8524B002
8525B002AA,Canon EXV49C Cyan Standard Capacity Toner Cartridge 19k pages - 8525B002
8526B002AA,Canon EXV49M Magenta Standard Capacity Toner Cartridge 19k pages - 8526B002
8527B002AA,Canon EXV49Y Yellow Standard Capacity Toner Cartridge 19k pages - 8527B002
0481C002,Canon EXV51BK Black Standard Capacity Toner Cartridge 69k pages - 0481C002
0482C002,Canon EXV51C Cyan Standard Capacity Toner Cartridge 60k pages - 0482C002
0483C002,Canon EXV51M Magenta Standard Capacity Toner Cartridge 60k pages - 0483C002
0484C002,Canon EXV51Y Yellow Standard Capacity Toner Cartridge 60k pages - 0484C002
0998C002,Canon EXV52BK Black Standard Capacity Toner Cartridge 82k pages - 0998C002
0999C002,Canon EXV52C Cyan Standard Capacity Toner Cartridge 66.5k pages - 0999C002
1000C002,Canon EXV52M Magenta Standard Capacity Toner Cartridge 66.5k pages - 1000C002
1001C002,Canon EXV52Y Yellow Standard Capacity Toner Cartridge 66.5k pages - 1001C002
1394C002,Canon EXV54BK Black Standard Capacity Toner Cartridge 15.5k pages - 1394C002
1395C002,Canon EXV54C Cyan Standard Capacity Toner Cartridge 8.5k pages - 1395C002
1396C002,Canon EXV54M Magenta Standard Capacity Toner Cartridge 8.5k pages - 1396C002
1397C002,Canon EXV54Y Yellow Standard Capacity Toner Cartridge 8.5k pages - 1397C002
0263B002,Canon FX10 Black Original Toner Cartridge
1557A003,Canon FX-3 Original Black Toner Cartridge
1558A002,Canon FX-4 Original Black
3403C001,Canon GI-50 C Original Cyan (3403C001)
3404C001,Canon GI-50 M Original Magenta (3404C001)
3386C001,Canon GI-50 PGBK Original Black (3386C001)
3405C001,Canon GI-50 Y Original Yellow (3405C001)
0775B003,Canon GP-501 photo paper Gloss
1033A002,Canon HR101N PAPER A4 printing paper
7739A001,Canon KC-36IP Inkjet Cartridge Original
7737A001,Canon KP-36IP
6211B007,"Canon LU-101 Pro Luster, A3, 20 shts photo paper White Satin"
6211B006,"Canon LU-101 Pro Luster, A4, 20 shts photo paper White Satin"
0454B002,Canon Magenta Laser Printer Toner Cartridge Original
7981A008,Canon MP-101 A3 Paper photo 40sh photo paper
0555C001,Canon PFI1000B Blue Standard Capacity Ink Cartridge 80ml - 0555C001
0547C001,Canon PFI1000C Cyan Standard Capacity Ink Cartridge 80ml - 0547C001
0556C001,Canon PFI1000CO Chroma Optimiser Standard Capacity Ink Cartridge 80ml - 0556C001
0552C001,Canon PFI1000GY Grey Standard Capacity Ink Cartridge 80ml - 0552C001
0548C001,Canon PFI1000M Magenta Standard Capacity Ink Cartridge 80ml - 0548C001
0545C001,Canon PFI1000MBK Matte Black Standard Capacity Ink Cartridge 80ml - 0545C001
0546C001,Canon PFI1000PBK Photo Black Standard Capacity Ink Cartridge 80ml - 0546C001
0550C001,Canon PFI1000PC Photo Cyan Standard Capacity Ink Cartridge 80ml - 0550C001
0553C001,Canon PFI1000PGY Photo Grey Standard Capacity Ink Cartridge 80ml - 0553C001
0551C001,Canon PFI1000PM Photo Magenta Standard Capacity Ink Cartridge 80ml - 0551C001
0554C001,Canon PFI1000R Red Standard Capacity Ink Cartridge 80ml - 0554C001
0549C001,Canon PFI1000Y Yellow Standard Capacity Ink Cartridge 80ml - 0549C001
0891B001,Canon PFI-101B Ink Cartridge Original Blue
0883B001,Canon PFI-101BK Ink Cartridge Original Black
0884B001,Canon PFI-101C Ink Cartridge Original Cyan
0890B001,Canon PFI-101G Ink Cartridge Original Green
0892B001,Canon PFI-101GY Ink Cartridge Original Grey
0885B001,Canon PFI-101M Ink Cartridge Original Magenta
0882B001,Canon PFI-101MBK Ink Cartridge Original Black
0887B001,Canon PFI-101PC Ink Cartridge Original Photo Cyan
0893B001,Canon PFI-101PGY Ink tank Pigment Photo Grey Ink Cartridge Original
0888B001,Canon PFI-101PM Ink Cartridge Original Magenta
0889B001,Canon PFI-101R Ink Cartridge Original Red
0886B001,Canon PFI-101Y Ink Cartridge Original Yellow
0895B001,Canon PFI-102BK Ink Cartridge Black 130 ml
0896B001,Canon PFI-102C Ink Cartridge Cyan 130 ml
0897B001,Canon PFI-102M Ink Cartridge Original Magenta
0894B001,Canon PFI-102MBK Ink Cartridge Matte black 130 ml
0898B001,Canon PFI-102Y Ink Cartridge Original Yellow
3631B001,Canon PFI-104M Ink Cartridge Original Magenta
6629B001AA,Canon PFI106B Blue Standard Capacity Ink Cartridge 130ml - 6629B001
6621B001AA,Canon PFI106BK Black Standard Capacity Ink Cartridge 130ml - 6621B001
6622B001,Canon PFI106C Cyan Standard Capacity Ink Cartridge 130ml - 6622B001
6628B001AA,Canon PFI106G Green Standard Capacity Ink Cartridge 130ml - 6628B001
6630B001AA,Canon PFI106GY Grey Standard Capacity Ink Cartridge 130ml - 6630B001
6623B001,Canon PFI106M Magenta Standard Capacity Ink Cartridge 130ml - 6623B001
6620B001,Canon PFI106MBK Matte Black Standard Capacity Ink Cartridge 130ml - 6620B001
6625B001AA,Canon PFI106PC Photo Cyan Standard Capacity Ink Cartridge 130ml - 6625B001
6631B001AA,Canon PFI106PGY Photo Grey Standard Capacity Ink Cartridge 130ml - 6631B001
6626B001AA,Canon PFI106PM Photo Magenta Standard Capacity Ink Cartridge 130ml - 6626B001
6627B001AA,Canon PFI106R Red Standard Capacity Ink Cartridge 130ml - 6627B001
6624B001AA,Canon PFI106Y Yellow Standard Capacity Ink Cartridge 130ml - 6624B001
6705B001AA,Canon PFI107BK Black Standard Capacity Ink Cartridge 130ml - 6705B001
6705B001,Canon PFI-107BK Ink Cartridge Original Black
6706B001,Canon PFI-107C Ink Cartridge Original Cyan
6707B001,Canon PFI-107M Ink Cartridge Original Magenta
6704B001,Canon PFI-107MBK Ink Cartridge Original Matte black
6708B001,Canon PFI-107Y Ink Cartridge Original Yellow
2885C001AA,Canon PFI120BK Black Standard Capacity Ink Cartridge 130ml - 2885C001AA
2886C001AA,Canon PFI120C Cyan Standard Capacity Ink Cartridge 130ml - 2886C001AA
2887C001AA,Canon PFI120M Magenta Standard Capacity Ink Cartridge 130ml - 2887C001AA
2884C001AA,Canon PFI120MBK Matte Black Standard Capacity Ink Cartridge 130ml - 2884C001AA
2888C001AA,Canon PFI120Y Yellow Standard Capacity Ink Cartridge 130ml - 2888C001AA
4194C001,Canon PFI300C Cyan Standard Capacity Ink Cartridge 14ml - 4194C001
4201C001,Canon PFI300CO Chroma Standard Capacity Ink Cartridge 14ml - 4201C001
4200C001,Canon PFI300GY Grey Standard Capacity Ink Cartridge 14ml - 4200C001
4195C001,Canon PFI300M Magenta Standard Capacity Ink Cartridge 14ml - 4195C001
4192C001,Canon PFI300MBK Matte Black Standard Capacity Ink Cartridge 14ml - 4192C001
4193C001,Canon PFI300PBK Photo Black Standard Capacity Ink Cartridge 14ml - 4193C001
4197C001,Canon PFI300PC Photo Cyan Standard Capacity Ink Cartridge 14ml - 4197C001
4198C001,Canon PFI300PM Photo Magenta Standard Capacity Ink Cartridge 14ml - 4198C001
4199C001,Canon PFI300R Red Standard Capacity Ink Cartridge 14ml - 4199C001
4196C001,Canon PFI300Y Yellow Standard Capacity Ink Cartridge 14ml - 4196C001
2145B001,Canon PG-37 Original Black
0615B043,Canon PG40 CL41 Black Cyan Magenta Yellow Standard Capacity Ink Cartridge Multipack 2 x 16ml 12ml - 0615B043
0615B001,Canon PG-40 Original Black
0616B001,Canon PG-50 Original Black
2970B001,Canon PG-510 Original Photo black
2970B010,"Canon PG-510/CL-511 Multi Pack Ink Cartridge Original Black,Cyan,Magenta,Yellow Multipack 2 pc(s)"
2969B001,Canon PG-512 Original Black Ink Cartridge
5222B005,Canon PG-540 XL Original Black Ink Cartridge
5225B006,"Canon PG-540/CL-541 Multi pack Ink Cartridge Original Black,Cyan,Magenta,Yellow Multipack 2 pc(s)"
5222B013,"Canon PG-540XL/CL-541XL 50x Photo Paper Value Pack Ink Cartridge Original Black,Cyan,Yellow,Magenta Multipack"
8287B001,Canon PG-545 Original Black
8286B001,Canon PG-545XL Original Black Ink Cartridge
8286B006,"Canon PG-545XL/CL546XL Ink Cartridge Original Black,Cyan,Yellow,Magenta Multipack 2 pc(s)"
3712C001,Canon PG-560XL Ink Cartridge Original Black (3712C001)
9182B001,Canon PGI-1500XL BK Original Black Ink Cartridge
9193B001,Canon PGI-1500XL C Original Cyan Ink Cartridge
9194B001,Canon PGI-1500XL M Original Magenta Ink Cartridge
9195B001,Canon PGI-1500XL Y Original Yellow Ink Cartridge
9290B001,Canon PGI2500BK Black Standard Capacity Ink Cartridge 1k pages - 9290B001
9301B001,Canon PGI2500C Cyan Standard Capacity Ink Cartridge 700 pages - 9301B001
9302B001,Canon PGI2500M Magenta Standard Capacity Ink Cartridge 700 pages - 9302B001
9254B001,Canon PGI-2500XL BK Original Black Ink Cartridge
9265B001,Canon PGI-2500XL C Original Cyan Ink Cartridge
9254B004,"Canon PGI-2500XL C/M/Y/BK Ink Cartridge Original Black,Cyan,Magenta,Yellow Multipack"
9266B001,Canon PGI-2500XL M Original Magenta Ink Cartridge
9267B001,Canon PGI-2500XL Y Original Yellow Ink Cartridge
9303B001,Canon PGI2500Y Yellow Standard Capacity Ink Cartridge 700 pages - 9303B001
4868B018,Canon PGI29 Black Grey Dark Grey Light Grey Matte Black Photo Black Standard Capacity Ink Cartridge 6 x 36ml Multipack - 4868B018
4873B005,Canon PGI29 Cyan Magenta Yellow Photo Cyan Photo Magenta Red Standard Capacity Ink Cartridge 6 x 9ml Multipack - 4873B005
4873B001,Canon PGI29C Ink Cartridge Original Cyan
4879B001,Canon PGI29CO Ink Cartridge Original
4870B001,Canon PGI-29DGY Dark Grey Ink Cartridge
4871B001,Canon PGI-29GY Grey Ink Cartridge
4872B001,Canon PGI-29LGY Light Grey Ink Cartridge
4874B001,Canon PGI-29M Ink Cartridge Original Photo magenta
4868B001,Canon PGI-29MBK Ink Cartridge Original Photo black
4869B001,Canon PGI-29PBK Ink Cartridge Original Photo black
4876B001,Canon PGI-29PC Ink Cartridge Original Photo Cyan
4877B001,Canon PGI-29PM Original Photo magenta
4878B001,Canon PGI-29R Red Ink Cartridge
4875B001,Canon PGI-29Y Yellow Ink Cartridge
1509B001,Canon PGI-35 Ink Cartridge Original Black
0628B001,Canon PGI-5 BK Original Photo black Ink Cartridge
2932B001,Canon PGI-520BK Original Photo black
4529B001,Canon PGI-525 PGBK Original Black Ink Cartridge
6496B001,Canon PGI-550 PGBK Original
6431B001,Canon PGI-550XL PGBK Original Ink Cartridge
8049B001,Canon PGI-555PGBK XXL Black Ink Cartridge
0372C004,"Canon PGI-570/CLI-571 PGBK/C/M/Y/BK Ink Cartridge Original Photo black,Photo Cyan,Black,Photo yellow,Photo magenta Multipack 5 pc(s)"
0372C001,Canon PGI-570PGBK Ink Cartridge Original Black
0318C001,Canon PGI-570PGBK XL Original Black Ink Cartridge
2078C005,"Canon PGI-580/CLI-581 Ink Cartridge Black,Cyan,Magenta,Yellow 11.2 ml 5.6 ml"
2078C001,Canon PGI-580PGBK Ink Cartridge Black 11.2 ml
2024C001,Canon PGI-580PGBK XL Ink Cartridge Black 18.5 ml
1970C001,Canon PGI-580PGBK XXL Ink Cartridge Black 25.7 ml
0628B025,Canon PGI-5BK Twin Pack Ink Cartridge Black
6404B001,Canon PGI-72 C Ink Cartridge Original Photo Cyan
6411B001,Canon PGI-72 CO Ink Cartridge Original
6409B001,Canon PGI-72 GY Ink Cartridge Original Grey
6405B001,Canon PGI-72 M Ink Cartridge Original Photo magenta
6402B001,Canon PGI-72 MBK Ink Cartridge Original Photo black
6402B009,"Canon PGI-72 MBK/C/M/Y/R Ink Cartridge Original Cyan,Magenta,Matte black,Red,Yellow Multipack 5 pc(s)"
6403B001,Canon PGI-72 PBK Ink Cartridge Original Photo black
6403B007,"Canon PGI-72 PBK/GY/PM/PC/CO Ink Cartridge Original Grey,Photo black,Photo Cyan,Photo magenta Multipack 5 pc(s)"
6407B001,Canon PGI-72 PC Ink Cartridge Original Photo Cyan
6408B001,Canon PGI-72 PM Ink Cartridge Original Photo magenta
6410B001,Canon PGI-72 R Ink Cartridge Original Red
6406B001,Canon PGI-72 Y Ink Cartridge Original Yellow
2444B001,Canon PGI-7BK Ink Cartridge Original Black
1034B013,Canon PGI9 Black Cyan Magenta Yellow Standard Capacity Ink Cartridge 5 x 14ml Multipack - 1034B013
2442B001,Canon PGI-9 Clear Ink Cartridge Original
1033B013,Canon PGI9 Green Matte Black Red Photo Cyan Magenta Standard Capacity Ink Cartridge 5 x 14ml Multipack - 1033B013
1035B001,Canon PGI-9C Ink Cartridge Original Cyan
1041B001,Canon PGI-9G Ink Cartridge Original Green
1042B001,Canon PGI-9G Ink Cartridge Original Grey
1036B001,Canon PGI-9M Ink Cartridge Original Magenta
1033B001,Canon PGI-9MBK Ink Cartridge Original Matte black
1034B001,Canon PGI-9PBK Ink Cartridge Original
1038B001,Canon PGI-9PC Ink Cartridge Original Photo Cyan
1039B001,Canon PGI-9PM Ink Cartridge Original Photo magenta
1040B001,Canon PGI-9R Ink Cartridge Original Red
1037B001,Canon PGI-9Y Ink Cartridge Original Yellow
1686B015,"Canon Plus SG-201, 10x15, 50sheets photo paper"
2311B020,Canon PP-201 photo paper High-gloss A3
2311B003,Canon PP-201 photo paper Red High-gloss
2311B019,Canon PP-201 photo paper White Gloss A4
0896A002,Canon Printhead BX-20 Ink Cartridge Original Black
2768B017,Canon PT-101 photo paper
2768B016,Canon PT-101 photo paper Black High-gloss
1686B021,Canon SG-201 photo paper Satin A4
0386B002,Canon Toner Cartridge C-EVX 18 for iR1018/iR1022 Black Original
6751A003,Canon Toner Cartridge EP-65 black 10000sh f LBP2000 Original
1556A003,Canon Toner Cartridge FX-2 black 5500sh f L500 L550 L600 Original
0361B009,Canon WT-98C Waste Toner Cartridge Box for LBP-5960 Toner Cartridge collector
593-10118,DELL 05C8C Original Cyan Toner Cartridge
593-BBSE,DELL 0CX53 Original Yellow Toner Cartridge
593-10094,DELL 1100 - Black - Standard Capacity Original Toner Cartridge
593-10931,"DELL 150000 Page Yield Maintenance Kit (TransBelt, TransRoll, Separate/Feed/Pick-upRoll and TS)"
593-11039,DELL 2FV35 Original Black Toner Cartridge
593-10961,DELL 2MMJP Original Black Toner Cartridge
593-BBLV,DELL 3581G Original Yellow Toner Cartridge
593-10962,DELL 3J11D Original Black Toner Cartridge
593-11034,DELL 3JVHD Original Cyan Toner Cartridge
593-BBMH,DELL 47GMH Original Black
593-11128,DELL 4J0X7 Original Magenta Toner Cartridge
592-11811,DELL 592-11811 Toner Cartridge Original Black
593-10007,DELL 593-10007 Toner Cartridge Original Black
593-10101,DELL 593-10040 Toner Cartridge Original Black
593-10051,DELL 593-10051 Original Cyan Toner Cartridge
593-10052,DELL 593-10052 Original Magenta Toner Cartridge
593-10053,DELL 593-10053 Original yellow Toner Cartridge
593-10054,DELL 593-10054 Original Black Toner Cartridge
593-10061,DELL 593-10061 Original Cyan Toner Cartridge
593-10062,DELL 593-10062 Original Magenta Toner Cartridge
593-10066,DELL 593-10066 Standard Capacity Toner Cartridge
593-10067,DELL 593-10067 Original Black Toner Cartridge
593-10102,DELL 593-10102 Toner Cartridge Original Black
593-10109,DELL 593-10109 Toner Cartridge Original Black
593-10120,DELL 593-10120 Original Black Toner Cartridge
593-10121,DELL 59310121 Original Black Toner Cartridge
593-10124,DELL 593-10124 Original Magenta Toner Cartridge
593-10125,DELL 593-10125 Original Magenta Toner Cartridge
593-10152,DELL 593-10152 Toner Cartridge Original Black
593-10153,DELL 593-10153 Toner Cartridge Original Black
593-10154,DELL 593-10154 Original Black Toner Cartridge
593-10155,DELL 593-10155 Original Cyan Toner Cartridge
593-10166,DELL 593-10166 Original Cyan Toner Cartridge
593-10167,DELL 593-10167 Original Magenta Toner Cartridge
593-10168,DELL 59310168 Original yellow Toner Cartridge
593-10169,DELL 593-10169 Original Black Toner Cartridge
593-10172,DELL 593-10172 Original magenta Toner Cartridge
593-10237,DELL 59310237 Original Black
593-10238,DELL 593-10238 Toner Cartridge Original Black
593-10239,DELL 593-10239 Toner Cartridge Original Black
593-10240,DELL 593-10240 Original Black Toner Cartridge
593-10258,DELL 593-10258 Toner Cartridge Original Black
593-10259,DELL 593-10259 Toner Cartridge Original Cyan
593-10260,DELL 593-10260 Toner Cartridge Original yellow
593-10261,DELL 593-10261 Toner Cartridge Original magenta
593-10263,DELL 593-10263 Toner Cartridge Original Cyan
593-10289,DELL 593-10289 Original Black Toner Cartridge
593-10290,DELL 593-10290 Original Cyan Toner Cartridge
593-10292,DELL 593-10292 Original Magenta Toner Cartridge
593-10293,DELL 593-10293 Toner Cartridge Original Black
593-10295,DELL 59310295 Original Yellow
593-10296,DELL 593-10296 Toner Cartridge Original Magenta
593-10312,DELL 593-10312 Original Black Toner Cartridge
593-10313,DELL 593-10313 Original Cyan Toner Cartridge
593-10314,DELL 593-10314 Original yellow Toner Cartridge
593-10322,DELL 593-10314 Toner Cartridge Original yellow
593-10315,DELL 593-10315 Original magenta Toner Cartridge
593-10316,DELL 593-10316 Toner Cartridge Original Black
593-10317,DELL 593-10317 Toner Cartridge Original Cyan
593-10318,DELL 593-10318 Toner Cartridge Original Yellow
593-10319,DELL 593-10319 Toner Cartridge Original Magenta
593-10320,DELL 593-10320 Toner Cartridge Original Black
593-10324,DELL 59310324 Original Black
593-10330,DELL 593-10330 Original Black Toner Cartridge
593-10331,DELL 593-10331 Original Black Toner Cartridge
593-10332,DELL 593-10332 Toner Cartridge Original Black
593-10329,DELL 593-10335 Original Black Toner Cartridge
593-10335,DELL 593-10335 Toner Cartridge Original Black
593-10337,DELL 593-10337 Toner Cartridge Original Black
593-10369,DELL 593-10369 High Capacity Toner Cartridge
593-10373,DELL 593-10373 Toner Cartridge Original Cyan
593-10494,DELL 593-10494 Original Cyan Toner Cartridge
593-10496,DELL 593-10496 Standard Capacity Toner Cartridge
593-10838,DELL 593-10838 Original Black Toner Cartridge
593-10839,DELL 593-10839 Original Black Toner Cartridge
593-10840,DELL 593-10840 Toner Cartridge Original Black
593-10841,DELL 593-10841 Toner Cartridge Original Black
593-10873,DELL 593-10873 Original Black Toner Cartridge
593-10874,DELL 593-10874 Toner Cartridge Original Black
593-10875,DELL 593-10875 Original Magenta Toner Cartridge
593-10876,DELL 593-10876 Original Cyan Toner Cartridge
593-10877,DELL 593-10877 Toner Cartridge Original Yellow
593-10878,DELL 593-10878 Original yellow Toner Cartridge
593-10879,DELL 593-10879 Toner Cartridge Original magenta
593-10881,DELL 593-10881 Toner Cartridge Original Black
593-10919,DELL 593-10919 Printer Drum Original
593-10920,DELL 593-10920 Printer Drum Original 50000 pages
593-10921,DELL 593-10921 Printer Drum Original
593-10922,DELL 593-10922 Original Cyan Toner Cartridge
593-10923,DELL 593-10923 Original Magenta Toner Cartridge
593-10924,DELL 59310924 Original Yellow Toner Cartridge
593-10925,DELL 59310925 Original Black Toner Cartridge
593-10926,DELL 593-10926 Toner Cartridge Original Cyan
593-10928,DELL 593-10928 Toner Cartridge Original Yellow
593-10929,DELL 593-10929 Toner Cartridge Original Black
593-10933,DELL 59310933 Original Cyan
593-11018,DELL 59311018 Original Magenta Toner Cartridge
593-11019,DELL 593-11019 Original yellow Toner Cartridge
593-11021,DELL 593-11021 Original Cyan Toner Cartridge
593-11022,DELL 593-11022 Original Magenta Toner Cartridge
593-11023,DELL 593-11023 Original yellow Toner Cartridge
593-11033,DELL 593-11033 Original magenta Toner Cartridge
593-11037,DELL 593-11037 Original yellow Toner Cartridge
593-11041,DELL 593-11041 Original Cyan Toner Cartridge
593-11043,DELL 593-11043 Toner Cartridge Original Black
593-11046,DELL 593-11046 Toner Cartridge Original Black
593-11050,DELL 593-11050 Toner Cartridge Original Black
593-11056,DELL 593-11056 Toner Cartridge Original Black
593-11108,DELL 593-11108 Original Black Toner Cartridge
593-11109,DELL 593-11109 Original Black Toner Cartridge
593-11110,DELL 593-11110 Original Black Toner Cartridge
593-11111,DELL 593-11111 Toner Cartridge Original Black
593-11112,DELL 593-11112 Toner Cartridge Original Yellow
593-11113,DELL 593-11113 Toner Cartridge Original Magenta
593-11114,DELL 593-11114 Toner Cartridge Original Cyan
593-11115,DELL 593-11115 Toner Cartridge Original Black
593-11116,DELL 593-11116 Toner Cartridge Original Yellow
593-11117,DELL 593-11117 Toner Cartridge Original Magenta
593-11118,DELL 593-11118 Toner Cartridge Original Cyan
593-11119,DELL 593-11119 Original Black Toner Cartridge
593-11120,DELL 593-11120 Original Yellow Toner Cartridge
593-11121,DELL 593-11121 Original Magenta Toner Cartridge
593-11122,DELL 593-11122 Original Cyan Toner Cartridge
593-11140,DELL 593-11140 Original Black Toner Cartridge
593-11141,DELL 593-11141 Original Cyan Toner Cartridge
593-11142,DELL 593-11142 Original Magenta Toner Cartridge
593-11143,DELL 593-11143 Original Yellow Toner Cartridge
593-11144,DELL 593-11144 Original Black Toner Cartridge
593-11145,DELL 593-11145 Original Cyan Toner Cartridge
593-11146,DELL 593-11146 Original Magenta Toner Cartridge
593-11147,DELL 593-11147 Original Yellow Toner Cartridge
593-11165,DELL 593-11165 Original Black Toner Cartridge
593-11167,DELL 593-11167 Original Black Toner Cartridge
593-11168,DELL 593-11168 Toner Cartridge Original Black
593-11171,DELL 593-11171 Toner Cartridge Original Black
593-11172,DELL 593-11172 Toner Cartridge Original Black
593-11183,DELL 593-11183 Toner Cartridge Original Black
593-11184,DELL 593-11184 Toner Cartridge Original Black
593-11185,DELL 593-11185 Toner Cartridge Original Black
593-11186,DELL 593-11186 Toner Cartridge Original Black
593-11187,DELL 593-11187 Original Black Toner Cartridge
593-11188,DELL 593-11188 Original Black Toner Cartridge
593-11190,DELL 593-11190 Original Black Toner Cartridge
593-11193,DELL 593-11193 Toner Cartridge Original Black
593-11194,DELL 593-11194 Toner Cartridge Original Black
593-BBBI,DELL 593-BBBI Original Black Toner Cartridge
593-BBBU,DELL 593-BBBU Original Black Toner Cartridge
593-BBDD,DELL 593-BBDD Toner Cartridge Original Black
593-BBEL,DELL 593-BBEL
593-BBRT,DELL 593-BBRT Toner Cartridge Original Magenta
593-BBRU,DELL 593-BBRU Toner Cartridge Original Black
593-BBRW,DELL 593-BBRW Toner Cartridge Original Yellow
593-BBRX,DELL 593-BBRX Toner Cartridge Original Magenta
593-BBRY,DELL 593-BBRY Toner Cartridge Original Yellow
593-BBRZ,DELL 593-BBRZ Toner Cartridge Original Black
593-BBSB,DELL 593-BBSB Original Black Toner Cartridge
593-BBSC,DELL 593-BBSC Toner Cartridge Original Cyan
593-BBSD,DELL 593-BBSD Original Cyan Toner Cartridge
593-BBSF,DELL 593-BBSF Toner Cartridge Original Cyan
593-BBSG,DELL 593-BBSG Toner Cartridge Original Black
593-BCBI,Dell 593-BCBI Black High Capacity Toner Cartridge 45k pages for B5460dn - 03YNJ
593-11129,DELL 5R6J0 Original Cyan Toner Cartridge
724-10071,DELL 724-10071
724-10352,DELL 724-10352 Printer Drum Original
724-10491,DELL 724-10491 Printer Drum Original 60000 pages
724-10492,DELL 724-10492 Printer Drum Original
724-10525,DELL 724-10525 Printer Drum Original
724-BBDK,DELL 724-BBDK Toner Cartridge collector
724-BBKG,DELL 724-BBKG Printer Drum Original 85000 pages
724-BBND,DELL 724-BBND Toner Cartridge Original Magenta
724-BBNE,DELL 724-BBNE Toner Cartridge Original Black
724-BBNG,DELL 724-BBNG Toner Cartridge Original Cyan
724-BBNI,DELL 724-BBNI Toner Cartridge Original Yellow
593-11130,DELL 7C6F7 Original Black Toner Cartridge
593-10010,DELL 7Y610 Original Black
593-BBBJ,DELL 8PTH4 Original Black Toner Cartridge
592-10260,"DELL 928 Standard Capacity Colour Ink Cartridge Original Cyan,magenta,yellow"
592-10043,DELL A940/A960 Black Ink Original
592-11327,DELL Black Ink Cartridge Original (DISCONTINUED)
593-11020,DELL Black Standard Capacity 593-11020 Original Toner Cartridge
593-BBLR,DELL CVXGF Original Black Toner Cartridge
593-10078,DELL D4283 Printer Drum Original
593-11038,DELL D6FXJ Original Magenta Toner Cartridge
593-10336,DELL DM254 Original Black
593-BBLN,DELL DPV4T Original Black Toner Cartridge
593-11016,DELL DV16F Original Black Toner Cartridge
593-BBMM,DELL F9G3N Original Black
593-BBBP,DELL FXKGW Original Magenta
593-BBLZ,DELL G20VW Original Magenta Toner Cartridge
593-10294,DELL G907C Toner Cartridge Original Cyan
593-10119,DELL GD900 Original Cyan Toner Cartridge
593-10122,DELL GD908 Original Yellow Toner Cartridge
593-10291,DELL H515C Original Yellow Toner Cartridge
593-BBLL,DELL H5WFX Original Cyan Toner Cartridge
592-10227,DELL High Capacity Ink Cartridge
593-11054,DELL High Capacity Toner Cartridge Original Black
593-10334,"DELL High Capacity Toner Cartridge , 6000 Pages"
593-10371,"DELL High Capacity, 10000 Pages Toner Cartridge"
593-10370,"DELL High Capacity, 5000 Pages Toner Cartridge"
593-10368,"DELL High Capacity, 5500 Pages Toner Cartridge"
593-10171,"DELL High Capacity, 8000 Pages Toner Cartridge"
593-10191,"DELL Imaging Drum and Transfer Roller, 35000 Pages"
593-10504,"DELL Imaging Drum, 24000 Pages"
593-10338,"DELL Imaging Drum, 30000 Pages"
592-10228,DELL Ink f/ 966 Ink Cartridge Original Black
593-10123,DELL JD750 Original Yellow Toner Cartridge
593-BBCL,DELL JXDHD Original Yellow
595-10002,DELL K2885 Toner Cartridge Original Black
K3756,DELL K3756 Toner Cartridge Original Black
593-10044,DELL K4671 Original Black
593-10063,DELL K4974 Original Yellow Toner Cartridge
593-BBBM,DELL KWJ3T Original Black
593-BBCS,DELL M3TD7 Original Cyan
593-10157,DELL Magenta Original Toner Cartridge
593-BBCX,DELL MPJ42 Original Magenta
593-11040,DELL MY5TJ Original Black Toner Cartridge
593-10173,DELL NF556 Original Yellow Toner Cartridge
593-11036,DELL NT6X2 Original yellow Toner Cartridge
593-BBDB,DELL NW88H Original Black
593-10038,DELL Original Black Toner Cartridge
593-10082,DELL P4210 Original Black Toner Cartridge
593-10927,DELL P615N Toner Cartridge Original Magenta
593-10918,DELL P623N Printer Drum Original
593-BBLH,DELL P7RMX Original Black Toner Cartridge
593-10170,DELL PF030 Original Black Toner Cartridge
593-BBRV,DELL R6C4D Original Magenta Toner Cartridge
593-BBBO,DELL RP5V1 Original Yellow
592-10224,DELL Series 7 Zwarte Inkt GR280 - InktCartridge
592-10278,DELL Standard Capacity Cartridge
592-10225,DELL Standard Capacity Ink Cartridge
593-11055,DELL Standard Capacity Toner Cartridge Original Black
595-10001,"DELL Standard Capacity Toner Cartridge , 12000 Pages"
593-10375,"DELL Standard Capacity Toner Cartridge , 2000 Pages"
593-10372,"DELL Standard Capacity Toner Cartridge , 2500 Pages"
593-10099,"DELL Standard Capacity Toner Cartridge , 3000 Pages"
593-10501,"DELL Standard Capacity Toner Cartridge , Use & Return, 3500 Pages"
593-10495,"DELL Standard Capacity, 1000 Pages Toner Cartridge"
593-10065,"DELL Standard Capacity, 2000 Pages Toner Cartridge"
592-10306,DELL Standard Colour Ink Cartridge
592-10305,DELL Standard Ink Cartridge
592-10040,DELL T0530 Color Cartridge Ink Cartridge Original
592-11313,DELL T106N Cartridge Ink Cartridge Original red
593-10064,DELL T6412 Original Cyan Toner Cartridge
593-10500,DELL Toner Cartridge f/ 2230d Original Black
595-10011,DELL Toner Cartridge f/ 5210n/5310n Original Black
593-10358,DELL Toner Cartridge f/ 7330dn Original Black
595-10000,DELL Toner Cartridge f/ M5200n Original Black
593-10930,"DELL Toner Cartridge Waste Container, 25000 Pages Toner Cartridge collector"
593-BBBT,DELL TW3NN Original Cyan Toner Cartridge
593-11052,DELL Use/Return High Capacity Toner Cartridge Original Black
593-BBBS,DELL VXCWK Original Magenta Toner Cartridge
593-BBCR,DELL W53Y2 Original Black
593-11131,DELL XY7N4 Original Yellow Toner Cartridge
593-BBBQ,DELL Y5CW4 Original Black
593-10493,DELL Y924J Original Black Toner Cartridge
593-10156,DELL Yellow Original Toner Cartridge
593-11017,DELL YPXY8 Original Cyan Toner Cartridge
593-BBBR,DELL1VC Original Yellow Toner Cartridge
59911-Box,Discovery Paper 75gsm A3 Box of 5 reams (59911-Box)
34182GP,Discovery Paper 75gsm A4 (Box of 10 reams)
C13T03R640,Epson 102 Black Cyan Magenta Yellow Ink Cartridge 1 x 127ml + 3 x 70ml Eco Tank - C13T03R640
C13T03R240,Epson 102 EcoTank Cyan Ink bottle
C13T03R340,Epson 102 EcoTank Magenta Ink bottle
C13T03R140,Epson 102 EcoTank Pigment Black Ink bottle
C13T03R440,Epson 102 EcoTank Yellow Ink bottle
EPS-103MP,Epson 103 4 Colour Ink Bottle Multipack
C13T00S14A,Epson 103 Black EcoTank 65ml (C13T00S14A)
C13T00S24A,Epson 103 EcoTank Cyan Ink Bottle (C13T00S24A)
C13T00S34A,Epson 103 Ecotank Magenta Ink Bottle - (C13T00S34A)
C13T00S44A,Epson 103 Ecotank Yellow Ink Bottle (C13T00S44A)
C13T00Q140,Epson 105 EcoTank Pigment Black Ink bottle (C13T00Q140) EcoTank ET-7750 - EcoTank ET-7700
C13T03M140,Epson 111 Black Ink Cartridge 120ml - C13T03M140
C13T06B440,Epson 113 EcoTank Yellow Ink (C13T06B440)
C13T07A140,Epson 114 Black EcoTank Standard Capacity Ink Cartridge 70ml - C13T07A140
C13T07B240,Epson 114 Cyan EcoTank Standard Capacity Ink Cartridge 70ml - C13T07B240
C13T07B540,Epson 114 Grey EcoTank Standard Capacity Ink Cartridge 70ml - C13T07B540
C13T07B340,Epson 114 Magenta EcoTank Standard Capacity Ink Cartridge 70ml - C13T07B340
C13T07B140,Epson 114 Photo Black EcoTank Standard Capacity Ink Cartridge 70ml - C13T07B140
C13T07B440,Epson 114 Yellow EcoTank Standard Capacity Ink Cartridge 70ml - C13T07B440
C13T16264012,Epson 16 Pen and Crossword Black CMY Colour Standard Capacity Ink Cartridge 5ml 3x3ml Multipack - C13T16264012
C13T16214012,Epson 16 Pen and Crossword Black Standard Capacity Ink Cartridge 5ml - C13T16214012
C13T16224012,Epson 16 Pen and Crossword Cyan Standard Capacity Ink Cartridge 3ml - C13T16224012
C13T16234012,Epson 16 Pen and Crossword Magenta Standard Capacity Ink Cartridge 3ml - C13T16234012
C13T16244012,Epson 16 Pen and Crossword Yellow Standard Capacity Ink Cartridge 3ml - C13T16244012
C13T16364012,Epson 16XL Pen and Crossword Black CMY Colour High Yield Ink Cartridge 13ml 3 x 6.5ml Multipack - C13T16364012
C13T16314012,Epson 16XL Pen and Crossword Black High Yield Ink Cartridge 13ml - C13T16314012
C13T16324012,Epson 16XL Pen and Crossword Cyan High Yield Ink Cartridge 6.5ml - C13T16324012
C13T16334012,Epson 16XL Pen and Crossword Magenta High Yield Ink Cartridge 6.5ml - C13T16334012
C13T16344012,Epson 16XL Pen and Crossword Yellow High Yield Ink Cartridge 6.5ml - C13T16344012
C13T16814012,Epson 16XXL Pen and Crossword Black Extra High Yield Ink Cartridge 22ml - C13T16814012
C13T18064012,Epson 18 Daisy Black CMY Colour Standard Capacity Ink Cartridge 5ml 3x3ml Multipack - C13T18064012
C13T18014012,Epson 18 Daisy Black Standard Capacity Ink Cartridge 5ml - C13T18014012
C13T18024012,Epson 18 Daisy Cyan Standard Capacity Ink Cartridge 3ml - C13T18024012
C13T18034012,Epson 18 Daisy Magenta Standard Capacity Ink Cartridge 3ml - C13T18034012
C13T18044012,Epson 18 Daisy Yellow Standard Capacity Ink Cartridge 3ml - C13T18044012
C13T18164012,Epson 18XL Daisy Black CMY Colour High Yield Ink Cartridge 11.5ml 3x7ml Multipack - C13T18164012
C13T18114012,Epson 18XL Daisy Black High Yield Ink Cartridge 11.5ml - C13T18114012
C13T18124012,Epson 18XL Daisy Cyan High Yield Ink Cartridge 7ml - C13T18124012
C13T18134012,Epson 18XL Daisy Magenta High Yield Ink Cartridge 7ml - C13T18134012
C13T18144012,Epson 18XL Daisy Yellow High Yield Ink Cartridge 7ml - C13T18144012
C13T02E74510,Epson 202 Kiwi Photo Black Black Cyan Magenta Yellow Standard Capacity Ink Cartridge 6.9ml x 2 4.1ml x 3 - C13T02F14010
C13T02H14010,Epson 202Xl Premium Photo Bk Ink Cartridge 7.9ml (Kiwi)
C13T24214012,Epson 24 Elephant Black Standard Capacity Ink Cartridge 5ml - C13T24214012
C13T24284011,Epson 24 Elephant Colour Standard Capacity Ink Cartridge 6 x 5ml Multipack - C13T24284011
C13T24224012,Epson 24 Elephant Cyan Standard Capacity Ink Cartridge 5ml - C13T24224012
C13T24254012,Epson 24 Elephant Light Cyan Standard Capacity Ink Cartridge 5ml - C13T24254012
C13T24264012,Epson 24 Elephant Light Magenta Standard Capacity Ink Cartridge 5ml - C13T24264012
C13T24234012,Epson 24 Elephant Magenta Standard Capacity Ink Cartridge 5ml - C13T24234012
C13T24244012,Epson 24 Elephant Yellow Standard Capacity Ink Cartridge 5ml - C13T24244012
C13T24384011,Epson 24XL Elephant Black CMY Colour High Yield Ink Cartridge 10ml 3 x 9ml 2 x 10ml - C13T24384011
C13T24314012,Epson 24XL Elephant Black High Yield Ink Cartridge 10ml - C13T24314012
C13T24324012,Epson 24XL Elephant Cyan High Yield Ink Cartridge 9ml - C13T24324012
C13T24354012,Epson 24XL Elephant Light Cyan High Yield Ink Cartridge 10ml - C13T24354012
C13T24364012,Epson 24XL Elephant Light Magenta High Yield Ink Cartridge 10ml - C13T24364012
C13T24334012,Epson 24XL Elephant Magenta High Yield Ink Cartridge 9ml - C13T24334012
C13T24344012,Epson 24XL Elephant Yellow High Yield Ink Cartridge 9ml - C13T24344012
C13T26014012,Epson 26 Polar Bear Black Standard Capacity Ink Cartridge 6ml - C13T26014012
C13T26124012,Epson 26 Polar Bear Cyan Standard Capacity Ink Cartridge 4.5ml - C13T26124012
C13T26134012,Epson 26 Polar Bear Magenta Standard Capacity Ink Cartridge 4.5ml - C13T26134012
C13T26114012,Epson 26 Polar Bear Photo Black Standard Capacity Ink Cartridge 5ml - C13T26114012
C13T26144012,Epson 26 Polar Bear Yellow Standard Capacity Ink Cartridge 4.5ml - C13T26144012
C13T26214012,Epson 26XL Polar Bear Black High Yield Ink Cartridge 12ml - C13T26214012
C13T26324012,Epson 26XL Polar Bear Cyan High Yield Ink Cartridge 10ml - C13T26324012
C13T26334012,Epson 26XL Polar Bear Magenta High Yield Ink Cartridge 10ml - C13T26334012
C13T26314012,Epson 26XL Polar Bear Photo Black High Yield Ink Cartridge 9ml - C13T26314012
C13T26344012,Epson 26XL Polar Bear Yellow High Yield Ink Cartridge 10ml - C13T26344012
C13T27014012,Epson 27 Alarm Clock Black Standard Capacity Ink Cartridge 6ml - C13T27014012
C13T27054012,Epson 27 Alarm Clock Colour Standard Capacity Ink Cartridge 3x4ml Multipack - C13T27054012
C13T27024012,Epson 27 Alarm Clock Cyan Standard Capacity Ink Cartridge 4ml - C13T27024012
C13T27034012,Epson 27 Alarm Clock Magenta Standard Capacity Ink Cartridge 4ml - C13T27034012
C13T27044012,Epson 27 Alarm Clock Yellow Standard Capacity Ink Cartridge 4ml - C13T27044012
C13T27114012,Epson 27XL Alarm Clock Black High Yield Ink Cartridge 18ml - C13T27114012
C13T27154012,Epson 27XL Alarm Clock Colour High Yield Ink Cartridge 3x10ml Multipack - C13T27154012
C13T27124012,Epson 27XL Alarm Clock Cyan High Yield Ink Cartridge 10ml - C13T27124012
C13T27134012,Epson 27XL Alarm Clock Magenta High Yield Ink Cartridge 10ml - C13T27134012
C13T27144012,Epson 27XL Alarm Clock Yellow High Yield Ink Cartridge 10ml - C13T27144012
C13T27914012,Epson 27XXL Alarm Clock Black Extra High Yield Ink Cartridge 34ml - C13T27914012
C13T29864012,Epson 29 Strawberry Black CMY Colour Standard Capacity Ink Cartridge 5ml 3 x 3ml Multipack - C13T29864012
C13T29814012,Epson 29 Strawberry Black Standard Capacity Ink Cartridge 5ml - C13T29814012
C13T29824012,Epson 29 Strawberry Cyan Standard Capacity Ink Cartridge 3ml - C13T29824012
C13T29834012,Epson 29 Strawberry Magenta Standard Capacity Ink Cartridge 3ml - C13T29834012
C13T29844012,Epson 29 Strawberry Yellow Standard Capacity Ink Cartridge 3ml - C13T29844012
C13T29964511,Epson 29XL Black CMY High Yield Ink Cartridge Easymail - C13T29964511
C13T29914012,Epson 29XL Strawberry Black High Yield Ink Cartridge 11ml - C13T29914012
C13T29924012,Epson 29XL Strawberry Cyan High Yield Ink Cartridge 6ml - C13T29924012
C13T29934012,Epson 29XL Strawberry Magenta High Yield Ink Cartridge 6ml - C13T29934012
C13T29944012,Epson 29XL Strawberry Yellow High Yield Ink Cartridge 6ml - C13T29944012
C13T33374011,Epson 33 Oranges Black CMY Colour Standard Capacity Ink Cartridge 6ml 4 x 4.5ml Multi - C13T33374011
C13T33314012,Epson 33 Oranges Black Standard Capacity Ink Cartridge 6ml - C13T33314012
C13T33424012,Epson 33 Oranges Cyan Standard Capacity Ink Cartridge 4.5ml - C13T33424012
C13T33434012,Epson 33 Oranges Magenta Standard Capacity Ink Cartridge 4.5ml - C13T33434012
C13T33414012,Epson 33 Oranges Photo Black Standard Capacity Ink Cartridge 4.5ml - C13T33414012
C13T33444012,Epson 33 Oranges Yellow Standard Capacity Ink Cartridge 4.5ml - C13T33444012
C13T33574011,Epson 33XL Oranges Black CMY Colour High Yield Ink Cartridge 12ml 8ml 4x9ml - C13T33574011
C13T33514012,Epson 33XL Oranges Black High Yield Ink Cartridge 12ml - C13T33514012
C13T33624012,Epson 33XL Oranges Cyan High Yield Ink Cartridge 9ml - C13T33624012
C13T33634012,Epson 33XL Oranges Magenta High Yield Ink Cartridge 9ml - C13T33634012
C13T33614012,Epson 33XL Oranges Photo Black High Yield Ink Cartridge 8ml - C13T33614012
C13T33644012,Epson 33XL Oranges Yellow High Yield Ink Cartridge 9ml - C13T33644012
C13T37984010,Epson 378XL Squirrel Black CMY Colour High Yield Ink Cartridge 11ml 3 x 9ml 2 x 10ml - C13T37984010
C13T37914010,Epson 378XL Squirrel Black High Yield Ink Cartridge 11ml - C13T37914010
C13T37924010,Epson 378XL Squirrel Cyan High Yield Ink Cartridge 9ml - C13T37924010
C13T37954010,Epson 378XL Squirrel Light Cyan High Yield Ink Cartridge 10ml - C13T37954010
C13T37964010,Epson 378XL Squirrel Light Magenta High Yield Ink Cartridge 10ml - C13T37964010
C13T37934010,Epson 378XL Squirrel Magenta High Yield Ink Cartridge 9ml - C13T37934010
C13T37944010,Epson 378XL Squirrel Yellow High Yield Ink Cartridge 9ml - C13T37944010
C13T05G14010,Epson 405 Durabrite Black Ink Inkjet Suitcase
C13T05G24010,Epson 405 Durabrite Cyan Ink Inkjet Suitcase
C13T05G34010,Epson 405 Durabrite Magenta Inkjet Suitcase
C13T05G64010,Epson 405 Durabrite Multi Pack Inkjet Suitcase 4 Colours
C13T05G44010,Epson 405 Durabrite Yellow Inkjet Suitcase
C13T05H64010,Epson 405XL Black CMY High Yield Ink Cartridge 63ml - C13T05H64010
C13T05H14010,Epson 405Xl Durabrite Black Inkjet Suitcase
C13T05H24010,Epson 405Xl Durabrite Cyan Inkjet Suitcase
C13T05H34010,Epson 405Xl Durabrite Magenta Inkjet Suitcase
C13T05H44010,Epson 405Xl Durabrite Yellow Inkjet Suitcase
C13T02J14010,Epson 405XXL Black High Yield Ink Cartridge 37.2ml - C13T02J14010
C13T02V64510,Epson 502 Black Cyan Magenta Yellow Ink Cartridge 1 x 4.6ml + 3 x 3.3ml 4 Pack Easymail - C13T02V64510
C13T379D4010,Epson 378XL Squirrel Colours High Yield Ink Cartridge Multipack - C13T379D4010
C13T03U64510,Epson 603 Black Cyan Magenta Yellow Ink Cartridge Multipack 4 x 4ml 4 Pack Easymail - C13T03U64510
C13T03U54510,Epson 603 Cyan Magenta Yellow Ink Cartridge 3 x 130 pages Easymail - C13T03U54510
C13T03U64010,Epson 603 Starfish Black Cyan Magenta Yellow Standard Capacity Ink Cartridge 1 x 3.4ml + 3 x 2.4ml Multipack - C13T03U64010
C13T03U14010,Epson 603 Starfish Black Standard Capacity Ink Cartridge 3.4ml - C13T03U14010
C13T03U54010,Epson 603 Starfish Cyan Magenta Yellow Standard Capacity Ink Cartridge 3 x 2.4ml Multipack - C13T03U54010
C13T03U24010,Epson 603 Starfish Cyan Standard Capacity Ink Cartridge 2.4ml - C13T03U24010
C13T03U34010,Epson 603 Starfish Magenta Standard Capacity Ink Cartridge 2.4ml - C13T03U34010
C13T03U44010,Epson 603 Starfish Yellow Standard Capacity Ink Cartridge 2.4ml - C13T03U44010
C13T03A64510,Epson 603Xl Black Cyan Magenta Yellow Ink Cartridge 1 x 8.9ml + 2 x 4ml Multipack Easymail - C13T03A64510
C13T664640,Epson 664 EcoTank 4 Colour Ink Cartridge 70ml Multipack - C13T664640
C13T664140,Epson 664 Ecotank Black Ink bottle (70ml)
C13T664240,Epson 664 Ecotank Cyan Ink bottle (70ml)
C13T664340,Epson 664 Ecotank Magenta Ink bottle (70ml)
C13T664440,Epson 664 Ecotank Yellow Ink bottle (70ml)
C13S050033,Epson AL-C1000/2000 Developer Cartridge Black 6k
C13S050035,Epson AL-C1000/2000 Developer Cartridge Magenta 6k
C13S050229,Epson AL-C2600 Toner Cartridge Black 5k
C13S050232,Epson AL-C2600 Toner Cartridge Cyan 2k
C13S050228,Epson AL-C2600 Toner Cartridge Cyan 5k
C13S050231,Epson AL-C2600 Toner Cartridge Magenta 2k
C13S050227,Epson AL-C2600 Toner Cartridge Magenta 5k
C13S050230,Epson AL-C2600 Toner Cartridge Yellow 2k
C13S050226,Epson AL-C2600 Toner Cartridge Yellow 5k
C13S050213,Epson AL-C3000 Toner Cartridge Black 4.5k
C13S050212,Epson AL-C3000 Toner Cartridge Cyan 3.5k
C13S050211,Epson AL-C3000 Toner Cartridge Magenta 3.5k
C13S050210,Epson AL-C3000 Toner Cartridge Yellow 3.5k
C13S050149,Epson AL-C4100 Toner Cartridge Black 10k
C13S050146,Epson AL-C4100 Toner Cartridge Cyan 8k
C13S050147,Epson AL-C4100 Toner Cartridge Magenta 8k
C13S050148,Epson AL-C4100 Toner Cartridge Yellow 8k
C13S050038,Epson AL-C8500/8600 Toner Cartridge Black 5.5k
C13S050041,Epson AL-C8500/8600 Toner Cartridge Cyan 6k
C13S050040,Epson AL-C8500/8600 Toner Cartridge Magenta 6k
C13S050039,Epson AL-C8500/8600 Toner Cartridge Yellow 6k
C13S050157,Epson AL-C900 Developer Cartridge Cyan 1.5k
C13S050156,Epson AL-C900 Developer Cartridge Magenta 1.5k
C13S050155,Epson AL-C900 Developer Cartridge Yellow 1.5k
C13S050100,Epson AL-C900/1900 Developer Cartridge Black 4.5k
C13S050099,Epson AL-C900/1900 Developer Cartridge Cyan 4.5k
C13S050098,Epson AL-C900/1900 Developer Cartridge Magenta 4.5k
C13S050097,Epson AL-C900/1900 Developer Cartridge Yellow 4.5k
C13S050198,Epson AL-C9100 Toner Cartridge Black 15k
C13S050197,Epson AL-C9100 Toner Cartridge Cyan 12k
C13S050196,Epson AL-C9100 Toner Cartridge Magenta 12k
C13S050195,Epson AL-C9100 Toner Cartridge Yellow 12k
C13S041342,Epson Archival Matte Paper - A4 - 50 Sheets
C13S041344,"Epson Archival Matte Paper, DIN A3, 189g, 50 Sheets"
C13S041340,"Epson Archival Matte Paper, DIN A3+, 189g, 50 Sheets"
C13T70314010,Epson Big Ben Ink Cartridge L Black 1.2k
C13T70324010,Epson Big Ben Ink Cartridge L Cyan 0.8k
C13T70334010,Epson Big Ben Ink Cartridge L Magenta 0.8k
C13T70344010,Epson Big Ben Ink Cartridge L Yellow 0.8k
C13T27054510,Epson C/M/Y Ink Cartridge 3 x 3.6ml Multipack Easymail - C13T27054510
C13T03A14010,Epson C13T03A14010 (603XL) Ink Cartridge Original Black
C13T03A24010,Epson C13T03A24010 (603XL) Ink Cartridge Original Cyan
C13T03A34010,Epson C13T03A34010 (603XL) Ink Cartridge Original Magenta
C13T03A44010,Epson C13T03A44010 (603XL) Ink Cartridge Original Yellow
C13T03A64010,"Epson C13T03A64010 (603XL) Ink Cartridges Original Black,Cyan,Magenta,Yellow Multipack"
C13T40C140,Epson C13T40C140 Black UltraChrome XD2 50ml Ink Cartridge
C13T40C240,Epson C13T40C240 Cyan UltraChrome XD2 26ml Ink Cartridge
C13T40C340,Epson C13T40C340 Magenta UltraChrome XD2 26ml Ink Cartridge
C13T40C440,Epson C13T40C440 Yellow UltraChrome XD2 26ml Ink Cartridge
C13T40D140,Epson C13T40D140 Black UltraChrome XD2 80ml Ink Cartridge
C13T40D240,Epson C13T40D240 Cyan UltraChrome XD2 50ml Ink Cartridge
C13T40D440,Epson C13T40D440 Yellow UltraChrome XD2 50ml Ink Cartridge
C13T41F240,Epson C13T41F240 Cyan UltraChrome XD2 350ml Ink Cartridge
C13T41F340,Epson C13T41F340 Magenta UltraChrome XD2 350ml Ink Cartridge
C13T44Q340,Epson C13T41F440 Vivid Magenta UltraChrome PRO 12 350ml Ink Cartridge
C13T41F440,Epson C13T41F440 Yellow UltraChrome XD2 350ml Ink Cartridge
C13T41F540,Epson C13T41F540 Black UltraChrome XD2 350ml Ink Cartridge
C13T41R340,Epson C13T41R340 Magenta UltraChrome XD2 110ml Ink Cartridge
C13T41R540,Epson C13T41R540 Black UltraChrome XD2 110ml Ink Cartridge
C13T44J140,Epson C13T44J140 Photo Black UltraChrome PRO 12 700ml Ink Cartridge
C13T44J240,Epson C13T44J240 P7560 Cyan UltraChrome PRO 12 700ml Ink Cartridge
C13T44J340,Epson C13T44J340 P7560 Magenta UltraChrome PRO 12 700ml Ink Cartridge
C13T44J440,Epson C13T44J440 P7560 Yellow UltraChrome PRO 12 700ml Ink Cartridge
C13T44J540,Epson C13T44J540 P7560 Bright Cyan UltraChrome PRO 12 700ml Ink Cartridge
C13T44J640,Epson C13T44J640 P7560 Light Magenta UltraChrome PRO 12 700ml Ink Cartridge
C13T44J740,Epson C13T44J740 P7560 Bright Black UltraChrome PRO 12 700ml Ink Cartridge
C13T44J840,Epson C13T44J840 P7560 Matte Black UltraChrome PRO 12 700ml Ink Cartridge
C13T44J940,Epson C13T44J940 Light Light Black UltraChrome PRO 12 700ml Ink Cartridge
C13T44JA40,Epson C13T44JA40 P7560 Orange UltraChrome PRO 12 700ml Ink Cartridge
C13T44JB40,Epson C13T44JB40 P7560 Green UltraChrome PRO 12 700ml Ink Cartridge
C13T44JD40,Epson C13T44JD40 P7560 Violet UltraChrome PRO 12 700ml Ink Cartridge
C13T44Q140,Epson C13T44Q140 Photo Black UltraChrome PRO 12 350ml Ink Cartridge
C13T44Q240,Epson C13T44Q240 Cyan UltraChrome PRO 12 350ml Ink Cartridge
C13T44Q440,Epson C13T44Q440 Yellow UltraChrome PRO 12 350ml Ink Cartridge
C13T44Q540,Epson C13T44Q540 Light Cyan UltraChrome PRO 12 350ml Ink Cartridge
C13T44Q640,Epson C13T44Q640 Vivid Light Magenta UltraChrome PRO 12 350ml Ink Cartridge
C13T44Q740,Epson C13T44Q740 Light Black UltraChrome PRO 12 350ml Ink Cartridge
C13T44Q840,Epson C13T44Q840 Matte Black UltraChrome PRO 12 350ml Ink Cartridge
C13T44Q940,Epson C13T44Q940 Light Light Black UltraChrome PRO 12 350ml Ink Cartridge
C13T44QA40,Epson C13T44QA40 Orange UltraChrome PRO 12 350ml Ink Cartridge
C13T44QB40,Epson C13T44QB40 Green UltraChrome PRO 12 350ml Ink Cartridge
C13T44QD40,Epson C13T44QD40 Violet UltraChrome PRO 12 350ml Ink Cartridge
C13T49H100,Epson C13T49H100 Black 140ml Ink Cartridge
C13T49H200,Epson C13T49H200 Cyan 140ml Ink Cartridge
C13T642000,Epson C13T642000 Cleaning Cartridge WT7900 150ml
C13T642700,Epson C13T642700 Light Light Black X700 X900 X890 150ml Ink Cartridge
C13T642800,Epson C13T642800 Matte Black 150ml X700 X900 X890 Ink Cartridge
C13T642900,Epson C13T642900 Light Light Black X700 X900 X890 150ml Ink Cartridge
C13T800000,Epson C13T800000 Light Grey UltraChrome PRO 700ml Ink Cartridge
C13T800100,Epson C13T800100 Photo Black UltraChrome PRO 700ml Ink Cartridge
C13T800200,Epson C13T800200 Cyan UltraChrome PRO 700ml Ink Cartridge
C13T800300,Epson C13T800300 Vivid Magenta UltraChrome PRO 700ml Ink Cartridge
C13T800400,Epson C13T800400 Yellow UltraChrome PRO 700ml Ink Cartridge
C13T800500,Epson C13T800500 Light Cyan UltraChrome PRO 700ml Ink Cartridge
C13T800600,Epson C13T800600 Vivid Light Magenta UltraChrome PRO 700ml Ink Cartridge
C13T800700,Epson C13T800700 Dark Grey UltraChrome PRO 700ml Ink Cartridge
C13T800800,Epson C13T800800 Matte Black UltraChrome PRO 700ml Ink Cartridge
C13T800900,Epson C13T800900 Grey UltraChrome PRO 700ml Ink Cartridge
C13T824D00,Epson C13T824D00 Violet UltraChrome HDX 350ml Ink Cartridge
C13S050166,Epson Developer Cartridge HC 6k
C13S050167,Epson Developer Cartridge SC 3k
C13S041569,Epson Double Sided Matte Paper - A4 - 50 Sheets
C13T05564010,Epson Duck Multipack 4-colours T0556
C13T70214010,Epson Eiffel Tower XL Black 2.4k Ink Cartridge
C13T70224010,Epson Eiffel Tower XL Cyan 2k Ink Cartridge
C13T70234010,Epson Eiffel Tower XL Magenta 2k Ink Cartridge
C13T70244010,Epson Eiffel Tower XL Yellow 2k Ink Cartridge
C13S050010,Epson EPL-5700 Drum Cartridge 6k
C13S050087,Epson EPL-5900 /6100 Developer Cartridge Black 6k
C13S050095,Epson EPL-5900/6100 Developer Cartridge Black 3k
C43S015369,"Epson ERC31B Ribbon Cartridge for TM-H5000/II, -U930/II, -U950/925, -U590, black printer ribbon"
C43S015376,Epson ERC-38BR Ribbon Black/Red (C43S015376)
C13T04D000,Epson ET-7700 Series Maintenance Box
C13T08724010,Epson Flamingo Singlepack Cyan T0872 Ultra Gloss High-Gloss 2
C13T08734010,Epson Flamingo Singlepack Magenta T0873 Ultra Gloss High-Gloss 2
C13T08784010,Epson Flamingo Singlepack Matte Black T0878 Ultra Gloss High-Gloss 2
C13T08774010,Epson Flamingo Singlepack Red T0877 Ultra Gloss High-Gloss 2
C13T08744010,Epson Flamingo Singlepack Yellow T0874 Ultra Gloss High-Gloss 2
C13T07114H10,Epson Giraffe Twinpack Black T0711H DURABrite Ultra Ink
C13T26614010,Epson Globe Singlepack Black 266 Ink Cartridge (C13T26614010)
C13T26704010,Epson Globe Singlepack Colour 267 Ink Cartridge
C13T34664010,Epson Golf ball Multipack 4-colours 34 DURABrite Ultra Ink
C13T34764010,Epson Golf ball Multipack 4-colours 34XL DURABrite Ultra Ink
C13T34614010,Epson Golf ball Singlepack Black 34 DURABrite Ultra Ink
C13T34714010,Epson Golf ball Singlepack Black 34XL DURABrite Ultra Ink
C13T34624010,Epson Golf ball Singlepack Cyan 34 DURABrite Ultra Ink
C13T34724010,Epson Golf ball Singlepack Cyan 34XL DURABrite Ultra Ink
C13T34634010,Epson Golf ball Singlepack Magenta 34 DURABrite Ultra Ink
C13T34734010,Epson Golf ball Singlepack Magenta 34XL DURABrite Ultra Ink
C13T34644010,Epson Golf ball Singlepack Yellow 34 DURABrite Ultra Ink
C13T34744010,Epson Golf ball Singlepack Yellow 34XL DURABrite Ultra Ink
C13T804B00,Epson Green Ink Cartridge 700ml - C13T804B00
C13S050689,Epson High Capacity Toner Cartridge Black
C13S050190,Epson High Capacity Toner Cartridge Black 4k
C13S050189,Epson High Capacity Toner Cartridge Cyan 4k
C13S050188,Epson High Capacity Toner Cartridge Magenta 4k
C13S050187,Epson High Capacity Toner Cartridge Yellow 4k
C13T08014011,Epson Hummingbird Singlepack Black T0801 Claria Photographic Ink Ink Cartridge
C13T08024011,Epson Hummingbird Singlepack Cyan T0802 Claria Photographic Ink Ink Cartridge
C13T08054011,Epson Hummingbird Singlepack Light Cyan T0805 Claria Photographic Ink Ink Cartridge
C13T08064011,Epson Hummingbird Singlepack Light Magenta T0806 Claria Photographic Ink Ink Cartridge
C13T08034011,Epson Hummingbird Singlepack Magenta T0803 Claria Photographic Ink Ink Cartridge
C13T08044011,Epson Hummingbird Singlepack Yellow T0804 Claria Photographic Ink Ink Cartridge
C13T09624010,Epson Husky Singlepack Cyan T0962
C13T09674010,Epson Husky Singlepack Light Black T0967
C13T09654010,Epson Husky Singlepack Light Cyan T0965
C13T09694010,Epson Husky Singlepack Light Light Black T0969
C13T09684010,Epson Husky Singlepack Matte Black T0968
C13T09614010,Epson Husky Singlepack Photo Black T0961
C13T09634010,Epson Husky Singlepack Vivid Magenta T0963
C13T09644010,Epson Husky Singlepack Yellow T0964
C13T865140,Epson Ink Cartridge Black 10K
C13T866140,Epson Ink Cartridge Black 2.5K
C13T756140,Epson Ink Cartridge L Black
C13T756240,Epson Ink Cartridge L Cyan
C13T756340,Epson Ink Cartridge L Magenta
C13T756440,Epson Ink Cartridge L Yellow
C13T908140,Epson Ink Cartridge XL Black
C13T908240,Epson Ink Cartridge XL Cyan
C13T908340,Epson Ink Cartridge XL Magenta
C13T908440,Epson Ink Cartridge XL Yellow
C13T789140,Epson Ink Cartridge XXL Black
C13T70114010,Epson Ink Cartridge XXL Black 3.4k
C13T789240,Epson Ink Cartridge XXL Cyan
C13T70124010,Epson Ink Cartridge XXL Cyan 3.4k
C13T789340,Epson Ink Cartridge XXL Magenta
C13T70134010,Epson Ink Cartridge XXL Magenta 3.4k
C13T789440,Epson Ink Cartridge XXL Yellow
C13T70144010,Epson Ink Cartridge XXL Yellow 3.4k
C13T02E74010,Epson Kiwi Multipack 5-colours 202 Claria Premium Ink
C13T02G74010,Epson Kiwi Multipack 5-colours 202XL Claria Premium Ink
C13T02E14010,Epson Kiwi Singlepack Black 202 Claria Premium Ink
C13T02G14010,Epson Kiwi Singlepack Black 202XL Claria Premium Ink
C13T02F24010,Epson Kiwi Singlepack Cyan 202 Claria Premium Ink
C13T02H24010,Epson Kiwi Singlepack Cyan 202XL Claria Premium Ink
C13T02F34010,Epson Kiwi Singlepack Magenta 202 Claria Premium Ink
C13T02H34010,Epson Kiwi Singlepack Magenta 202XL Claria Premium Ink
C13T02F14010,Epson Kiwi Singlepack Photo Black 202 Claria Premium Ink
C13T02F44010,Epson Kiwi Singlepack Yellow 202 Claria Premium Ink
C13T02H44010,Epson Kiwi Singlepack Yellow 202XL Claria Premium Ink
C13T05924010,Epson Lily Singlepack Cyan T0592 Ultra Chrome K3
C13T05974010,Epson Lily Singlepack Light Black T0597 UltraChrome K3
C13T05954010,Epson Lily Singlepack Light Cyan T0595 Ultra Chrome K3
C13T05994010,Epson Lily Singlepack Light Light Black T0599 UltraChrome K3
C13T05964010,Epson Lily Singlepack Light Magenta T0596 UltraChrome K3
C13T05934010,Epson Lily Singlepack Magenta T0593 Ultra Chrome K3
C13T05914010,Epson Lily Singlepack Photo Black T0591 Ultra Chrome K3
C13T05944010,Epson Lily Singlepack Yellow T0594 UltraChrome K3
C13T40D340,Epson Magenta UltraChrome XD2 50ml Ink Cartridge
C13T04D100,Epson Maintenance Box for EcoTank ET-4750/ ET-3750/ET-2750/ET-2700 Printers XP5100/WF2860DWF/ET2700/L6000
C13T671100,Epson Maintenance Box for Workforce WF-3010DW / WF-3540DTWF / WF-7610DWF
C13S041256,Epson Matte Paper Heavy Weight - A4 - 50 Sheets
C13S041261,"Epson Matte Paper Heavy Weight, DIN A3, 167g, 50 Sheets"
C13S041264,"Epson Matte Paper Heavy Weight, DIN A3+, 167g, 50 Sheets"
C13T08954010,Epson Monkey Multipack 4-colours T0895 DURABrite Ultra Ink
C13T08914011,Epson Monkey Singlepack Black T0891 DURABrite Ultra Ink
C13T08924011,Epson Monkey Singlepack Cyan T0892 DURABrite Ultra Ink
C13T08934011,Epson Monkey Singlepack Magenta T0893 DURABrite Ultra Ink
C13T02V64010,Epson Multipack 4-colours 502 Ink
C13T02W64010,Epson Multipack 4-colours 502XL Ink
C13T804A00,Epson Orange Ink Cartridge 700ml - C13T804A00
C13T07914010,Epson Owl Singlepack Black T0791 Claria Photographic Ink Ink Cartridge
C13T07924010,Epson Owl Singlepack Cyan T0792 Claria Photographic Ink Ink Cartridge
C13T07954010,Epson Owl Singlepack Light Cyan T0795 Claria Photographic Ink Ink Cartridge
C13T07964010,Epson Owl Singlepack Light Magenta T0796 Claria Photographic Ink Ink Cartridge
C13T07934010,Epson Owl Singlepack Magenta T0793 Claria Photographic Ink Ink Cartridge
C13T07944010,Epson Owl Singlepack Yellow T0794 Claria Photographic Ink Ink Cartridge
C13T35864010,Epson Padlock Multipack 4-colours 35 DURABrite Ultra Ink
C13T35964010,Epson Padlock Multipack 4-colours 35XL DURABrite Ultra Ink
C13T35814010,Epson Padlock Singlepack Black 35 DURABrite Ultra Ink
C13T35914010,Epson Padlock Singlepack Black 35XL DURABrite Ultra Ink
C13T35824010,Epson Padlock Singlepack Cyan 35 DURABrite Ultra Ink
C13T35924010,Epson Padlock Singlepack Cyan 35XL DURABrite Ultra Ink
C13T35834010,Epson Padlock Singlepack Magenta 35 DURABrite Ultra Ink
C13T35934010,Epson Padlock Singlepack Magenta 35XL DURABrite Ultra Ink
C13T35844010,Epson Padlock Singlepack Yellow 35 DURABrite Ultra Ink
C13T35944010,Epson Padlock Singlepack Yellow 35XL DURABrite Ultra Ink
C13T06624010,Epson Paperclip Multipack 4-colours T0662
C13S042548,Epson Photo Paper Glossy - 10x15cm - 100 sheets
C13S042547,Epson Photo Paper Glossy - 10x15cm - 50 sheets
C13S042549,Epson Photo Paper Glossy - 10x15cm - 500 sheets
C13S042545,Epson Photo Paper Glossy - 13x18cm - 50 sheets
C13S042538,Epson Photo Paper Glossy - A4 - 20 sheets
C13S042539,Epson Photo Paper Glossy - A4 - 50 sheets
C13S041061,Epson Photo Quality Inkjet Paper - A4 - 100 Sheets
C13T26164010,Epson Polar bear Multipack 4-colours 26 Claria Premium Ink
C13T26364010,Epson Polar bear Multipack 4-colours 26XL Claria Premium Ink
C13S042153,Epson Premium Glossy Photo Paper - 10x15cm - 40 Sheets
C13S042155,Epson Premium Glossy Photo Paper - A4 - 15 Sheets
C13S041287,Epson Premium Glossy Photo Paper - A4 - 20 Sheets
C13S041390,"Epson Premium Glossy Photo Paper Roll, 24"" x 30,5 m, 166g"
C13S041315,"Epson Premium Glossy Photo Paper, DIN A3, 255g, 20 Sheets"
C13S041316,"Epson Premium Glossy Photo Paper, DIN A3+, 250g, 20 Sheets"
C13S042123,"Epson Premium Luster Photo Paper, DIN A2, 250g, 25 Sheets"
C13S041765,Epson Premium Semi-Gloss Photo Paper - 10x15cm - 50 Sheets
C13S041393,"Epson Premium Semigloss Photo Paper Roll, 24"" x 30,5 m, 160g"
C13S041328,"Epson Premium Semigloss Photo Paper, DIN A3+, 250g, 20 Sheets"
C13S041220,"Epson Presentation Matte Paper Roll, 44"" x 25 m, 172g"
C13T32414010,Epson Puffin T3241 (14ml) Ultrachrome Hi-Gloss2 Photo Black Ink Cartridge for SureColor SC-P400 Printer
C13S050691,Epson Return High Capacity Toner Cartridge Black 10k
C13T10064010,Epson Rhino Multipack 3-colours T1006 DURABrite Ultra Ink
C13T10014010,Epson Rhino Singlepack Black T1001 DURABrite Ultra Ink
C13T04874010,Epson Seahorse Multipack 6-colours T0487
C13T04854010,Epson Seahorse Singlepack Light Cyan T0485
C13S015637,Epson SIDM Black Ribbon Cartridge
C13S015055,Epson SIDM Black Ribbon Cartridge for DFX-5000/+/8000/8500 (C13S015055)
C13S015384,Epson SIDM Black Ribbon Cartridge for DFX-9000 (C13S015384)
C13S015066,Epson SIDM Black Ribbon Cartridge for DLQ-3000/+/3500 (C13S015066)
C13S015020,Epson SIDM Black Ribbon Cartridge for FX/LX/MX-100/105/10xx/11xx (C13S015020) #8755
C13S015327,Epson SIDM Black Ribbon Cartridge for FX-2190 (C13S015327)
C13S015329,"Epson SIDM Black Ribbon Cartridge for FX-890, FX-890A (C13S015329)"
C13S015091,Epson SIDM Black Ribbon Cartridge for FX-980 (C13S015091)
C13S015022,Epson SIDM Black Ribbon Cartridge for LQ-1000/1050/1070/+/1170/1180/+ (C13S015022)
C13S015336,Epson SIDM Black Ribbon Cartridge for LQ-2090 (C13S015336)
C13S015086,Epson SIDM Black Ribbon Cartridge for LQ-2x70/2x80/FX-2170/2180 (C13S015086)
C13S015021,Epson SIDM Black Ribbon Cartridge for LQ-300/+/570/+/580/8xx (C13S015021) #7753
C13S015337,Epson SIDM Black Ribbon Cartridge for LQ-590 (C13S015337)
C13S015262,Epson SIDM Black Ribbon Cartridge for LQ-670/680/pro/860/1060/25xx (C13S015262)
C13S015047,Epson SIDM Black Ribbon Cartridge for LX-100 (C13S015047)
C13S015339,"Epson SIDM Black Ribbon Cartridge for PLQ-20/22, 3-Pack (C13S015339)"
C13S015077,Epson SIDM Colour Ribbon Cartridge for LQ-300/300+II (C13S015077)
C13S015073,Epson SIDM Colour Ribbon Cartridge for LX-300/300+II (C13S015073)
C13T02V14010,Epson Singlepack Black 502 Ink
C13T02W14010,Epson Singlepack Black 502XL Ink
C13T06614010,Epson Singlepack Black T0661
C13T06704010,Epson Singlepack Colour T0670
C13T02V24010,Epson Singlepack Cyan 502 Ink
C13T02W24010,Epson Singlepack Cyan 502XL Ink
C13T05424010,Epson Singlepack Cyan T0542 Ultra Chrome Hi-Gloss
C13T580200,Epson Singlepack Cyan T580200
C13T591200,Epson Singlepack Cyan T591200
C13T596200,Epson Singlepack Cyan T596200 UltraChrome HDR 350 ml
C13T603200,Epson Singlepack Cyan T603200 220 ml
C13T636200,Epson Singlepack Cyan T636200 UltraChrome HDR 700 ml
C13T804200,Epson Singlepack Cyan T804200 UltraChrome HDX/HD 700ml
C13T824200,Epson Singlepack Cyan T824200 UltraChrome HDX/HD 350ml
C13T850200,Epson Singlepack Cyan T850200
C13T596B00,Epson Singlepack Green T596B00 UltraChrome HDR 350 ml
C13T636B00,Epson Singlepack Green T636B00 UltraChrome HDR 700 ml
C13T824B00,Epson Singlepack Green T824B00 UltraChrome HDX 350ml
C13T580700,Epson Singlepack Light Black T580700
C13T596700,Epson Singlepack Light Black T596700 UltraChrome HDR 350 ml
C13T603700,Epson Singlepack Light Black T603700 220 ml
C13T804700,Epson Singlepack Light Black T804700 UltraChrome HDX/HD 700ml
C13T824700,Epson Singlepack Light Black T824700 UltraChrome HDX/HD 350ml
C13T850700,Epson Singlepack Light Black T850700
C13T580500,Epson Singlepack Light Cyan T580500
C13T596500,Epson Singlepack Light Cyan T596500 UltraChrome HDR 350 ml
C13T603500,Epson Singlepack Light Cyan T603500 220 ml
C13T636500,Epson Singlepack Light Cyan T636500 UltraChrome HDR 700 ml
C13T804500,Epson Singlepack Light Cyan T804500 UltraChrome HDX/HD 700ml
C13T824500,Epson Singlepack Light Cyan T824500 UltraChrome HDX/HD 350ml
C13T850500,Epson Singlepack Light Cyan T850500
C13T580900,Epson Singlepack Light Light Black T580900
C13T591900,Epson Singlepack Light Light Black T591900
C13T596900,Epson Singlepack Light Light Black T596900 UltraChrome HDR 350 ml
C13T603900,Epson Singlepack Light Light Black T603900 220 ml
C13T804900,Epson Singlepack Light Light Black T804900 UltraChrome HDX/HD 700ml
C13T824900,Epson Singlepack Light Light Black T824900 UltraChrome HDX/HD 350ml
C13T850900,Epson Singlepack Light Light Black T850900
C13T580600,Epson Singlepack Light Magenta T580600
C13T603C00,Epson Singlepack Light Magenta T603C00 220 ml
C13T850600,Epson Singlepack Light Magenta T850600
C13T02V34010,Epson Singlepack Magenta 502 Ink
C13T02W34010,Epson Singlepack Magenta 502XL Ink
C13T580300,Epson Singlepack Magenta T580300
C13T603B00,Epson Singlepack Magenta T603B00 220 ml
C13T850300,Epson Singlepack Magenta T850300
C13T580800,Epson Singlepack Matte Black T580800
C13T596800,Epson Singlepack Matte Black T596800 UltraChrome HDR 350 ml
C13T804800,Epson Singlepack Matte Black T804800 UltraChrome HDX/HD 700ml
C13T824800,Epson Singlepack Matte Black T824800 UltraChrome HDX/HD 350ml
C13T850800,Epson Singlepack Matte Black T850800
C13T596A00,Epson Singlepack Orange T596A00 UltraChrome HDR 350 ml
C13T636A00,Epson Singlepack Orange T636A00 UltraChrome HDR 700 ml
C13T824A00,Epson Singlepack Orange T824A00 UltraChrome HDX 350ml
C13T580100,Epson Singlepack Photo Black T580100
C13T591100,Epson Singlepack Photo Black T591100
C13T596100,Epson Singlepack Photo Black T596100 UltraChrome HDR 350 ml
C13T603100,Epson Singlepack Photo Black T603100 220 ml
C13T636100,Epson Singlepack Photo Black T636100 UltraChrome HDR 700 ml
C13T804100,Epson Singlepack Photo Black T804100 UltraChrome HDX/HD 700ml
C13T824100,Epson Singlepack Photo Black T824100 UltraChrome HDX/HD 350ml
C13T850100,Epson Singlepack Photo Black T850100
C13T596C00,Epson Singlepack T596C00 UltraChrome HDR White 350 ml
C13T692200,Epson Singlepack UltraChrome XD CyanT692200(110ml)
C13T693200,Epson Singlepack UltraChrome XD CyanT693200(350ml)
C13T694200,Epson Singlepack UltraChrome XD CyanT694200(700ml)
C13T692300,Epson Singlepack UltraChrome XD MagentaT692300(110ml)
C13T693300,Epson Singlepack UltraChrome XD MagentaT693300(350ml)
C13T694300,Epson Singlepack UltraChrome XD MagentaT694300(700ml)
C13T692500,Epson Singlepack UltraChrome XD Matte BlackT692500(110ml)
C13T693500,Epson Singlepack UltraChrome XD Matte BlackT693500(350ml)
C13T694500,Epson Singlepack UltraChrome XD Matte BlackT694500(700ml)
C13T692100,Epson Singlepack UltraChrome XD Photo Black T692100 (110ml)
C13T693100,Epson Singlepack UltraChrome XD Photo BlackT693100(350ml)
C13T694100,Epson Singlepack UltraChrome XD Photo BlackT694100(700ml)
C13T692400,Epson Singlepack UltraChrome XD YellowT692400(110ml)
C13T693400,Epson Singlepack UltraChrome XD YellowT693400(350ml)
C13T694400,Epson Singlepack UltraChrome XD YellowT694400(700ml)
C13T580B00,Epson Singlepack Vivid Light Magenta T580B00
C13T603600,Epson Singlepack Vivid Light Magenta T603600 220 ml
C13T636600,Epson Singlepack Vivid Light Magenta T636600 UltraChrome HDR 700 ml
C13T804600,Epson Singlepack Vivid Light Magenta T804600 UltraChrome HDX/HD 700ml
C13T824600,Epson Singlepack Vivid Light Magenta T824600 UltraChrome HDX/HD 350ml
C13T580A00,Epson Singlepack Vivid Magenta T580A00
C13T591300,Epson Singlepack Vivid Magenta T591300
C13T596300,Epson Singlepack Vivid Magenta T596300 UltraChrome HDR 350 ml
C13T603300,Epson Singlepack Vivid Magenta T603300 220 ml
C13T636300,Epson Singlepack Vivid Magenta T636300 UltraChrome HDR 700 ml
C13T804300,Epson Singlepack Vivid Magenta T804300 UltraChrome HDX/HD 700ml
C13T824300,Epson Singlepack Vivid Magenta T824300 UltraChrome HDX/HD 350ml
C13T02V44010,Epson Singlepack Yellow 502 Ink
C13T02W44010,Epson Singlepack Yellow 502XL Ink
C13T580400,Epson Singlepack Yellow T580400
C13T596400,Epson Singlepack Yellow T596400 UltraChrome HDR 350 ml
C13T603400,Epson Singlepack Yellow T603400 220 ml
C13T636400,Epson Singlepack Yellow T636400 UltraChrome HDR 700 ml
C13T804400,Epson Singlepack Yellow T804400 UltraChrome HDX/HD 700ml
C13T824400,Epson Singlepack Yellow T824400 UltraChrome HDX/HD 350ml
C13T850400,Epson Singlepack Yellow T850400
C13S041746,"Epson Singleweight Matte Paper Roll, 17"" x 40 m, 120g"
C13T37884010,Epson Squirrel Multipack 6-colours 378 Claria Photo HD Ink
C13T37814010,Epson Squirrel Singlepack Black 378 Claria Photo HD Ink
C13T37824010,Epson Squirrel Singlepack Cyan 378 Claria Photo HD Ink
C13T04F64010,Epson Squirrel Singlepack Grey 478XL Claria Photo HD Ink
C13T37854010,Epson Squirrel Singlepack Light Cyan 378 Claria Photo HD Ink
C13T37864010,Epson Squirrel Singlepack Light Magenta 378 Claria Photo HD Ink
C13T37834010,Epson Squirrel Singlepack Magenta 378 Claria Photo HD Ink
C13T04F54010,Epson Squirrel Singlepack Red 478XL Claria Photo HD Ink
C13T37844010,Epson Squirrel Singlepack Yellow 378 Claria Photo HD Ink
C13S050690,Epson Standard Capacity Toner Cartridge Black
C13S050709,Epson Standard Capacity Toner Cartridge Black 2.5k
C13S050193,Epson Standard Capacity Toner Cartridge Cyan 1.5k
C13S050192,Epson Standard Capacity Toner Cartridge Magenta 1.5k
C13S050191,Epson Standard Capacity Toner Cartridge Yellow 1.5k
C13T29964012,Epson Strawberry Multipack 4-colours 29XL Claria Home Ink
C13T699700,Epson SureColor Maintenance Box T699700
C13T32424010,Epson SureColor T3242 Cyan
C13T07114012,Epson T0711 Cheetah Black Standard Capacity Ink Cartridge 7ml - C13T07114012
C13T07124012,Epson T0712 Cheetah Cyan Standard Capacity Ink Cartridge 6ml - C13T07124012
C13T07134012,Epson T0713 Cheetah Magenta Standard Capacity Ink Cartridge 6ml - C13T07134012
C13T07144012,Epson T0714 Cheetah Yellow Standard Capacity Ink Cartridge 6ml - C13T07144012
C13T07154012,Epson T0715 Cheetah Black CMY Standard Capacity Ink Cartridge 24ml Multipack - C13T07154012
C13T08074011,Epson T0807 Hummingbird 6 Colour Standard Capacity Ink Cartridge 6x7ml Multipack - C13T08074011
C13T12814012,Epson T1281 Fox Black Standard Capacity Ink Cartridge 6ml - C13T12814012
C13T12824012,Epson T1282 Fox Cyan Standard Capacity Ink Cartridge 3.5ml - C13T12824012
C13T12834012,Epson T1283 Fox Magenta Standard Capacity Ink Cartridge 3.5ml - C13T12834012
C13T12844012,Epson T1284 Fox Yellow Standard Capacity Ink Cartridge 3.5ml - C13T12844012
C13T12854012,Epson T1285 Fox Black CMY Colour Standard Capacity Ink Cartridge 6ml 3x3.5ml Multipack - C13T12854012
C13T12914012,Epson T1291 Apple Black Standard Capacity Ink Cartridge 11ml - C13T12914012
C13T12924012,Epson T1292 Apple Cyan Standard Capacity Ink Cartridge 7ml - C13T12924012
C13T12934012,Epson T1293 Apple Magenta Standard Capacity Ink Cartridge 7ml - C13T12934012
C13T12944012,Epson T1294 Apple Yellow Standard Capacity Ink Cartridge 7ml - C13T12944012
C13T12954012,Epson T1295 Apple Black CMY Colour Standard Capacity Ink Cartridge 11ml 3x7ml Multipack - C13T12954012
C13T13014012,Epson T1301 Stag Black High Yield Ink Cartridge 25ml - C13T13014012
C13T13024012,Epson T1302 Stag Cyan High Yield Ink Cartridge 10ml - C13T13024012
C13T13034012,Epson T1303 Stag Magenta High Yield Ink Cartridge 10ml - C13T13034012
C13T13044012,Epson T1304 Stag Yellow High Yield Ink Cartridge 10ml - C13T13044012
C13T13064012,Epson T1306 Stag Colour High Yield Ink Cartridge 3x10ml Multipack - C13T13064012
C13T15924010,Epson T1592 Cyan
C13T15934010,Epson T1593 Magenta
C13T15944010,Epson T1594 Yellow
C13T15974010,Epson T1597 Red
C13T15984010,Epson T1598 Matte Black
C13T15994010,Epson T1599 Orange
C13T32434010,Epson T3243 Magenta
C13T32444010,Epson T3244 Yellow
C13T32474010,Epson T3247 Red
C13T32484010,Epson T3248 Matte Black
C13T32494010,Epson T3249 Orange
C13T46S200,Epson T46S2 Cyan Pro10 Ink Cartridge 25ml - C13T46S200
C13T46S100,Epson T46S1 Photo Black Pro10 Ink Cartridge 25ml - C13T46S100
C13T46S300,Epson T46S3 Vivid Magenta Pro10 Ink Cartridge 25ml - C13T46S300
C13T46S400,Epson T46S4 Yellow Pro10 Ink Cartridge 25ml - C13T46S400
C13T46S500,Epson T46S5 Light Cyan Pro10 Ink Cartridge 25ml - C13T46S500
C13T46S700,Epson T46S7 Grey Pro10 Ink Cartridge 25ml - C13T46S700
C13T46S600,Epson T46S6 Vivid Light Magenta Pro10 Ink Cartridge 25ml - C13T46S600
C13T46S800,Epson T46S8 Matte Black Pro10 Ink Cartridge 25ml - C13T46S800
C13T46S900,Epson T46S9 Light Grey Pro10 Ink Cartridge 25ml - C13T46S900
C13T46SD00,Epson T46SD Violet Pro10 Ink Cartridge 25ml - C13T46SD00
C13T47A200,Epson T47A2 Cyan Pro10 Ink Cartridge 50ml - C13T47A200
C13T47A100,Epson T47A1 Photo Black Pro10 Ink Cartridge 50ml - C13T47A100
C13T47A300,Epson T47A3 Vivid Magenta Pro10 Ink Cartridge 50ml - C13T47A300
C13T47A400,Epson T47A4 Yellow Pro10 Ink Cartridge 50ml - C13T47A400
C13T47A500,Epson T47A5 Light Cyan Pro10 Ink Cartridge 50ml - C13T47A500
C13T47A600,Epson T47A6 Vivid Light Magenta Pro10 Ink Cartridge 50ml - C13T47A600
C13T47A700,Epson T47A7 Grey Pro10 Ink Cartridge 50ml - C13T47A700
C13T47A800,Epson T47A8 Matte Black Pro10 Ink Cartridge 50ml - C13T47A800
C13T47A900,Epson T47A9 Light Grey Pro10 Ink Cartridge 50ml - C13T47A900
C13T47AD00,Epson T47AD Violet Pro10 Ink Cartridge 50ml - C13T47AD00
C13T642100,Epson T6421 Photo Black Ink Cartridge (150ml)
C13T642200,Epson T6422 Cyan Ink Cartridge (150ml)
C13T642300,Epson T6423 Vivid Magenta Ink Cartridge (150ml)
C13T642500,Epson T6425 Light Cyan Ink Cartridge (150ml)
C13T642600,Epson T6426 Vivid Light Magenta Ink Cartridge (150ml)
C13T653100,Epson T6531 Photo Black Ink Cartridge (200ml)
C13T653200,Epson T6532 Cyan Ink Cartridge (200ml)
C13T653400,Epson T6534 Yellow Ink Cartridge (200ml)
C13T653500,Epson T6535 Light Cyan Ink Cartridge (200ml)
C13T653600,Epson T6536 Vivid Light Magenta Ink Cartridge (200ml)
C13T653700,Epson T6537 Light Black Ink Cartridge (200ml)
C13T653800,Epson T6538 Matte Black Ink Cartridge (200ml)
C13T653900,Epson T6539 Light Light Black Ink Cartridge (200ml)
C13T653A00,Epson T653A Orange Ink Cartridge (200ml)
C13T653B00,Epson T653B Green Ink Cartridge (200ml)
C13T67314A,Epson T6731 Black Standard Capacity Ink Cartridge 70ml - C13T67314A
C13T67324A,Epson T6732 Cyan Standard Capacity Ink Cartridge 70ml - C13T67324A
C13T67334A,Epson T6733 Magenta Standard Capacity Ink Cartridge 70ml - C13T67334A
C13T67344A,Epson T6734 Yellow Standard Capacity Ink Cartridge 70ml - C13T67344A
C13T67354A,Epson T6735 Light Cyan Standard Capacity Ink Cartridge 70ml - C13T67354A
C13T67364A,Epson T6736 Light Magenta Standard Capacity Ink Cartridge 70ml - C13T67364A
C13T76014010,Epson T7601 Photo Black
C13T76024010,Epson T7602 Cyan
C13T76034010,Epson T7603 Vivid Magenta
C13T76044010,Epson T7604 Yellow
C13T76054010,Epson T7605 Light Cyan
C13T76064010,Epson T7606 Vivid Light Magenta
C13T76074010,Epson T7607 Light Black
C13T76084010,Epson T7608 Matte Black
C13T76094010,Epson T7609 Light Light Black
C13T774140,Epson T7741 Pigment Black Ink bottle 1x 140ml
C13T913100,Epson T9131 Photo Black Ink Cartridge (200ml)
C13T913200,Epson T9132 Cyan Ink Cartridge (200ml)
C13T913300,Epson T9133 Vivid Magenta Ink Cartridge (200ml)
C13T913400,Epson T9134 Yellow Ink Cartridge 200ml - C13T913400
C13T913500,Epson T9135 Light Cyan Ink Cartridge (200ml)
C13T913600,Epson T9136 Vivid Light Magenta Ink Cartridge (200ml)
C13T913700,Epson T9137 Light Black Ink Cartridge (200ml)
C13T913800,Epson T9138 Matte Black Ink Cartridge (200ml)
C13T913900,Epson T9139 Light Light Black Ink Cartridge (200ml)
C13T913A00,Epson T913A Orange Ink Cartridge (200ml)
C13T913B00,Epson T913B Green Ink Cartridge (200ml)
C13T913D00,Epson T913D Violet Ink Cartridge (200ml)
C13T945440,Epson T9454 Yellow Ink Cartridge 38ml - C13T945440
C13T946140,Epson T9461 Black Ink Cartridge 137ml - C13T946140
C13T06154010,Epson Teddybear Multipack 4-colours T0615 DURABrite Ultra Ink
C13T06114010,Epson Teddybear Singlepack Black T0611 DURABrite Ultra Ink Ink Cartridge
C13T06124010,Epson Teddybear Singlepack Cyan T0612 DURABrite Ultra Ink Ink Cartridge
C13T06134010,Epson Teddybear Singlepack Magenta T0613 DURABrite Ultra Ink Ink Cartridge
C13T06144010,Epson Teddybear Singlepack Yellow T0614 DURABrite Ultra Ink Ink Cartridge
C13S050630,Epson Toner Cartridge Black 3k
C13S050629,Epson Toner Cartridge Cyan2.5k
C13S050628,Epson Toner Cartridge Magenta 2.5k
C13S050627,Epson Toner Cartridge Yellow 2.5k
C13T79114010,Epson Tower of Pisa Singlepack Black 79 DURABrite Ultra Ink
C13T79014010,Epson Tower of Pisa Singlepack Black 79XL DURABrite Ultra Ink Ink Cartridge
C13T79124010,Epson Tower of Pisa Singlepack Cyan 79 DURABrite Ultra Ink
C13T79024010,Epson Tower of Pisa Singlepack Cyan 79XL DURABrite Ultra Ink Ink Cartridge
C13T79134010,Epson Tower of Pisa Singlepack Magenta 79 DURABrite Ultra Ink
C13T79034010,Epson Tower of Pisa Singlepack Magenta 79XL DURABrite Ultra Ink Ink Cartridge
C13T79144010,Epson Tower of Pisa Singlepack Yellow 79 DURABrite Ultra Ink
C13T79044010,Epson Tower of Pisa Singlepack Yellow 79XL DURABrite Ultra Ink Ink Cartridge
C13T15714010,Epson Turtle T1571 Photo Black
C13T15724010,Epson Turtle T1572 Cyan
C13T15734010,Epson Turtle T1573 Vivid Magenta
C13T15744010,Epson Turtle T1574 Yellow
C13T15754010,Epson Turtle T1575 Light Cyan
C13T15764010,Epson Turtle T1576 Vivid Light Magenta
C13T15774010,Epson Turtle T1577 Light Black
C13T15784010,Epson Turtle T1578 Matte Black
C13T15794010,Epson Turtle T1579 Light Light Black
C13S041943,Epson Ultra Glossy Photo Paper - 10x15cm - 50 Sheets
C13S400039,Epson Value Glossy Photo Paper - 10x15cm - 100 sheets
C13S400035,Epson Value Glossy Photo Paper - A4 - 20 sheets
C13S400036,Epson Value Glossy Photo Paper - A4 - 50 sheets
C13T671500,Epson Waste Ink Cartridge Box - C13T671500
C13T07U140,Epson WF4745 Black High Yield Ink Cartridge 41ml - C13T07U140
C13T07U240,Epson WF4745 Cyan High Yield Ink Cartridge 41ml - C13T07U240
C13T07U340,Epson WF4745 Magenta High Yield Ink Cartridge 41ml - C13T07U340
C13T07U440,Epson WF4745 Yellow High Yield Ink Cartridge 41ml - C13T07U440
C13T907140,Epson WF-6xxx Ink Cartridge Black XXL
C13T907240,Epson WF-6xxx Ink Cartridge Cyan XXL
C13T907340,Epson WF-6xxx Ink Cartridge Magenta XXL
C13T907440,Epson WF-6xxx Ink Cartridge Yellow XXL
C13T754140,Epson WF-8090 / WF-8590 Ink Cartridge XXL Black
C13T754240,Epson WF-8090 / WF-8590 Ink Cartridge XXL Cyan
C13T754340,Epson WF-8090 / WF-8590 Ink Cartridge XXL Magenta
C13T754440,Epson WF-8090 / WF-8590 Ink Cartridge XXL Yellow
C13T945140,Epson WF-C5710 Series Ink Cartridge XL Black (T9451)
C13T945240,Epson WF-C5710 Series Ink Cartridge XL Cyan (T9452)
C13T945340,Epson WF-C5710 Series Ink Cartridge XL Magenta (T9453)
C13T9454440,Epson WF-C5710 Series Ink Cartridge XL Yellow (T9454)
C13T944140,Epson WF-C5xxx Series Ink Cartridge L Black
C13T944240,Epson WF-C5xxx Series Ink Cartridge L Cyan
C13T944340,Epson WF-C5xxx Series Ink Cartridge L Magenta
C13T944440,Epson WF-C5xxx Series Ink Cartridge L Yellow
C13T04A140,Epson WF-C8190 / WF-C8690 Ink Cartridge XXL Black
C13T04A240,Epson WF-C8190 / WF-C8690 Ink Cartridge XXL Cyan
C13T04A340,Epson WF-C8190 / WF-C8690 Ink Cartridge XXL Magenta
C13T04A440,Epson WF-C8190 / WF-C8690 Ink Cartridge XXL Yellow
C13T04C140,Epson WF-C81xx / WF-C86xx Ink Cartridge L Black
C13T04C240,Epson WF-C81xx / WF-C86xx Ink Cartridge L Cyan
C13T04C340,Epson WF-C81xx / WF-C86xx Ink Cartridge L Magenta
C13T04C440,Epson WF-C81xx / WF-C86xx Ink Cartridge L Yellow
C13T04B140,Epson WF-C81xx / WF-C86xx Ink Cartridge XL Black
C13T04B240,Epson WF-C81xx / WF-C86xx Ink Cartridge XL Cyan
C13T04B340,Epson WF-C81xx / WF-C86xx Ink Cartridge XL Magenta
C13T04B440,Epson WF-C81xx / WF-C86xx Ink Cartridge XL Yellow
C13T18064511,Epson XP30/202/302/405 Ink Cartridge 4 Pack 175 pages + 3 x 180 pages Multipack Easymail - C13T18064511
CE505D,HP 05A Original Black 2 pc(s)
CE505A,HP 05A Original Black Toner Cartridge
CE505XD,HP 05X Original Black 2 pc(s)
CE505X,HP 05X Original Black Toner Cartridge
C3906A,HP 06A Original Black Toner Cartridge
C3909A,HP 09A Original Black Toner Cartridge
C4844A,HP 10 Black Standard Capacity Ink Cartridge 69ml - C4844A
W1106A,"HP 106A (Yield: 1,000 Pages) Black Original Laser Toner Cartridge (W1106A)"
Q2610A,HP 10A Original Black Toner Cartridge
C4836A,HP 11 Cyan Standard Capacity Ink Cartridge 28ml - C4836A
C4837A,HP 11 Magenta Standard Capacity Ink Cartridge 28ml - C4837A
C4838A,HP 11 Yellow Standard Capacity Ink Cartridge 20ml - C4838A
W2070A,HP 117A Original Black (W2070A)
W2071A,HP 117A Original Cyan (W2071A)
W2073A,HP 117A Original Magenta (W2073A)
W2072A,HP 117A Original Yellow (W2072A)
Q6511A,HP 11A Original Black Toner Cartridge
Q6511X,HP 11X Original Black
Q3960A,HP 122A Original Black Toner Cartridge
Q3961A,HP 122A Original Cyan Toner Cartridge
Q3963A,HP 122A Original Magenta Toner Cartridge
Q3962A,HP 122A Original yellow Toner Cartridge
Q3972A,HP 123A Original Yellow
Q6000A,HP 124A Original Black Toner Cartridge
Q6001A,HP 124A Original Cyan Toner Cartridge
Q6003A,HP 124A Original Magenta Toner Cartridge
Q6002A,HP 124A Original Yellow Toner Cartridge
CF373AM,"HP 125A CYM Original Cyan,Magenta,Yellow 3 pc(s)"
CB540A,HP 125A Original Black Toner Cartridge
CB541A,HP 125A Original Cyan Toner Cartridge
CB543A,HP 125A Original Magenta Toner Cartridge
CB542A,HP 125A Original Yellow Toner Cartridge
CE310AD,HP 126A Original Black 2 pc(s)
CE310A,HP 126A Original Black Toner Cartridge
CE311A,HP 126A Original Cyan Toner Cartridge
CF341A,"HP 126A Original Cyan,Magenta,Yellow Multipack 3 pc(s)"
CE313A,HP 126A Original Magenta Toner Cartridge
CE312A,HP 126A Original Yellow Toner Cartridge
CE314A,HP 126A Printer Drum Original
CF371AM,"HP 128A CYM Original Cyan,Magenta,Yellow 3 pc(s)"
CE320AD,HP 128A Original Black 2 pc(s)
CE320A,HP 128A Original Black Toner Cartridge
CE321A,HP 128A Original Cyan Toner Cartridge
CE323A,HP 128A Original Magenta Toner Cartridge
CE322A,HP 128A Original Yellow Toner Cartridge
Q2612AD,HP 12A Original Black 2 pc(s)
Q2612A,HP 12A Original Black Toner Cartridge
CF350A,HP 130A Original Black Toner Cartridge
CF351A,HP 130A Original Cyan Toner Cartridge
CF353A,HP 130A Original Magenta Toner Cartridge
CF352A,HP 130A Original Yellow Toner Cartridge
CF210A,HP 131A Original Black Toner Cartridge
CF211A,HP 131A Original Cyan Toner Cartridge
U0SL1AM,"HP 131A Original Cyan,Magenta,Yellow 3 pc(s)"
CF213A,HP 131A Original Magenta Toner Cartridge
CF212A,HP 131A Original Yellow Toner Cartridge
CF210XD,HP 131X Original Black 2 pc(s)
CF210X,HP 131X Original Black Toner Cartridge
W1350A,Hp 135A Black Toner Cartridge (W1350A)
W1350X,Hp 135X Black Toner Cartridge (W1350X)
Q2613A,HP 13A Original Black Toner Cartridge
Q2613X,HP 13X Original Black Toner Cartridge
W1470A,HP 147A Black Standard Capacity Toner Cartridge 10.5K pages - W1470A
W1470X,HP 147X Black Standard Capacity Toner Cartridge 25.2K pages - W1470X
W1470Y,HP 147Y Black Standard Capacity Toner Cartridge 42K pages - W1470Y
CF214A,HP 14A Original Black Toner Cartridge
C7115A,HP 15A Original Black Toner Cartridge
C7115X,HP 15X Original Black Toner Cartridge
Q7516A,HP 16A Original Black Toner Cartridge
CF217A,HP 17A Original Black Toner Cartridge
CF219A,HP 19A Original Black
CF400A,HP 201A Original Black
CF401A,HP 201A Original Cyan
CF403A,HP 201A Original Magenta
CF402A,HP 201A Original Yellow
CF400XD,HP 201X Original Black 2 pc(s)
CF400X,HP 201X Original Black Toner Cartridge
CF401X,HP 201X Original Cyan Toner Cartridge
CF253XM,"HP 201X Original Cyan,Magenta,Yellow 3 pc(s)"
CF403X,HP 201X Original Magenta Toner Cartridge
CF402X,HP 201X Original Yellow Toner Cartridge
CF540A,HP 203A Original Black (CF540A)
CF541A,HP 203A Original Cyan
CF543A,HP 203A Original Magenta
CF542A,HP 203A Original Yellow
CF540X,HP 203X Original Black (CF540X)
CF541X,HP 203X Original Cyan
CF543X,HP 203X Original Magenta
CF542X,HP 203X Original Yellow
CF530A,HP 205A Original Black
CF531A,HP 205A Original Cyan
CF533A,HP 205A Original Magenta
W2210A,HP 207A Black Standard Capacity Toner Cartridge 1.35K pages - W2210A
W2211A,HP 207A Cyan Standard Capacity Toner Cartridge 1.25K pages - W2211A
W2213A,HP 207A Magenta Standard Capacity Toner Cartridge 1.25K pages - W2213A
W2212A,HP 207A Yellow Standard Capacity Toner Cartridge 1.25K pages - W2212A
W2210X,HP 207X High Yield Black LaserJet Toner Cartridge Original (W2210X)
W2211X,HP 207X Original Cyan (W2211X)
W2213X,HP 207X Original Magenta (W2213X)
W2212X,HP 207X Original Yellow (W2212X)
W2120A,HP 212A Black Standard Capacity Toner Cartridge 5.5K pages HP Colour LaserJet Enterprise M555 / M554 / M578 series - W2120A
W2121A,HP 212A Cyan High Yield Standard Capacity Toner Cartridge 4.5K pages HP Colour LaserJet Enterprise M555 / M554 / M578 series - W2121A
W2122A,HP 212A Yellow High Yield Toner Cartridge 4.5K pages HP Colour LaserJet Enterprise M555 / M554 / M578 series - W2122A
W2123A,HP 212A Magenta Standard Capacity Toner Cartridge 4.5K pages HP Colour LaserJet Enterprise M555 / M554 / M578 series - W2123A
W2410A,HP 216A Black Standard Capacity Toner Cartridge 1.05K pages for HP Color LaserJet Pro MFP M182/M183 series - W2410A
W2411A,HP 216A Cyan Standard Capacity Toner Cartridge 850 pages for HP Color LaserJet Pro MFP M182/M183 series - W2411A
W2413A,HP 216A Magenta Standard Capacity Toner Cartridge 850 pages for HP Color LaserJet Pro MFP M182/M183 series - W2413A
W2412A,HP 216A Yellow Standard Capacity Toner Cartridge 850 pages for HP Color LaserJet Pro MFP M182/M183 series - W2412A
C9352AE,"HP 22 Original Cyan, Magenta, Yellow Tri-Colour Ink Cartridge"
Q2624A,HP 24A Original Black Toner Cartridge
CF325X,HP 25X Original Black Toner Cartridge (CF325X)
CF226A,HP 26A Original Black Toner Cartridge
CF226XD,HP 26X Original Black 2 pc(s)
CF226X,HP 26X Original Black Toner Cartridge (CF226X)
C4127X,HP 27X Original Black Toner Cartridge
C4129X,HP 29X Original Black Toner Cartridge
CC643EE,"HP 300 Original Cyan, Magenta, Yellow Tri-Colour Ink Cartridge"
CH561EE,HP 301 Black Standard Capacity Ink Cartridge 3ml - CH561EE
CC530AD,HP 304A Original Black 2 pc(s)
CC530A,HP 304A Original Black Toner Cartridge
CC531A,HP 304A Original Cyan Toner Cartridge
CF372AM,"HP 304A Original Cyan,Magenta,Yellow"
CC533A,HP 304A Original Magenta Toner Cartridge
CC532A,HP 304A Original yellow Toner Cartridge
3YM61AE,HP 305 Black Standard Capacity Ink Cartridge - 3YM61AE
6ZD17AE,HP 305 Cyan Magenta Yellow Black Standard Capacity Ink Cartridge 2 pack - 6ZD17AE
3YM60AE,HP 305 Tricolour Standard Capacity Ink Cartridge - 3YM60AE
CE410A,HP 305A Original Black Toner Cartridge (CE410A)
CE411A,HP 305A Original Cyan Toner Cartridge (CE411A)
CF370AM,"HP 305A Original Cyan, Magenta, Yellow Multipack of Toner Cartridge s"
CE413A,HP 305A Original Magenta Toner Cartridge (CE413A)
CE412A,HP 305A Original Yellow Toner Cartridge (CE412A)
CE410XD,HP 305X Original Black (CE410X x 2)
CE410X,HP 305X Original Black Toner Cartridge (CE410X)
3YM62AE,HP 305XL High Yield Original Ink Cartridge Black 3YM62AE
3YM63AE,HP 305XL High Yield Original Ink Cartridge Tri Colour 3YM63AE
CE740A,HP 307A Original Black Toner Cartridge
CE741A,HP 307A Original Cyan Toner Cartridge
CE743A,HP 307A Original Magenta Toner Cartridge
CE742A,HP 307A Original Yellow Toner Cartridge
3YM64AE,HP 307XL Black Extra High Capacity Ink Cartridge 400 pages - 3YM64AE
Q2670A,HP 308A Original Black Toner Cartridge
Q2671A,HP 309A Original Cyan Toner Cartridge
Q2673A,HP 309A Original Magenta Toner Cartridge
Q2672A,HP 309A Original Yellow Toner Cartridge
CF230A,HP 30A Original Black
CF230X,HP 30X Original Black
Q2681A,HP 311A Original Cyan Toner Cartridge
Q2683A,HP 311A Original Magenta Toner Cartridge
Q2682A,HP 311A Original Yellow Toner Cartridge
CF380A,HP 312A Original Black Toner Cartridge
CF381A,HP 312A Original Cyan Toner Cartridge
CF440AM,"HP 312A Original Cyan,Magenta,Yellow 3 pc(s)"
CF383A,HP 312A Original Magenta Toner Cartridge
CF382A,HP 312A Original Yellow Toner Cartridge
CF380XD,HP 312X Original Black 2 pc(s)
CF380X,HP 312X Original Black Toner Cartridge
Q7561A,HP 314A Original Cyan Toner Cartridge
Q7562A,HP 314A Original Yellow Toner Cartridge
CF232A,HP 32A Printer Drum Original (CF232A)
C8766EE,"HP 343 Tri-colour Inkjet Print Cartridge with Vivera Inks Original Cyan, Magenta, Yellow Tri-Colour Ink Cartridge"
C9369EE,"HP 348 Original Black,Light Cyan,Light Magenta Ink Cartridge"
CB336EE,HP 350XL Original Photo black Ink Cartridge
CB337EE,"HP 351 Original Cyan, Magenta, Yellow Tri-Colour Ink Cartridge"
CB435AD,HP 35A Original Black 2 pc(s)
CB435A,HP 35A Original Black Toner Cartridge
CB317EE,HP 364 Original Photo black Ink Cartridge
CB436AD,HP 36A Original Black 2 pc(s)
CB436A,HP 36A Original Black Toner Cartridge
CF237A,HP 37A Original Black
CF237X,HP 37X Original Black High Capacity Toner Cartridge (CF237X)
CF237Y,HP 37Y Original Black
Q1338A,HP 38A Original Black Toner Cartridge
CF410A,HP 410A Original Black Toner Cartridge
CF411A,HP 410A Original Cyan Toner Cartridge
CF413A,HP 410A Original Magenta Toner Cartridge
CF412A,HP 410A Original Yellow Toner Cartridge
CF410XD,HP 410X Original Black 2 pc(s)
CF410X,HP 410X Original Black Toner Cartridge
CF411X,HP 410X Original Cyan Toner Cartridge
CF252XM,"HP 410X Original Cyan,Magenta,Yellow 3 pc(s)"
CF413X,HP 410X Original Magenta Toner Cartridge
CF412X,HP 410X Original Yellow Toner Cartridge
W2030A,HP 415A Black Original LaserJet Toner Cartridge (W2030A)
W2031A,HP 415A Original Cyan (W2031A)
W2033A,HP 415A Original Magenta (W2033A)
W2032A,HP 415A Original Yellow (W2032A)
W2030X,HP 415X Original Black (W2030X)
W2031X,HP 415X Original Cyan
W2033X,HP 415X Original Magenta )W2033X)
W2032X,HP 415X Original Yellow (W2032X)
Q5942A,HP 42A Original Black Toner Cartridge
Q5942XD,HP 42X Original Black 2 pc(s)
Q5942X,HP 42X Original Black Toner Cartridge
C8543X,HP 43X Original Black Toner Cartridge
CF244A,HP 44A Black Original LaserJet Toner Cartridge (CF244A)
Q5945A,HP 45A Original Black Toner Cartridge
51649AE,HP 49 Original Tri-Colour (51649A)
Q5949A,HP 49A Original Black Toner Cartridge
Q5949XD,HP 49X Original Black 2 pc(s)
Q5949X,HP 49X Original Black Toner Cartridge
Q6470A,HP 501A Original Black Toner Cartridge
Q6471A,HP 502A Original Cyan Toner Cartridge
Q6473A,HP 502A Original magenta Toner Cartridge
Q6472A,HP 502A Original Yellow Toner Cartridge
Q7581A,HP 503A Original Cyan Toner Cartridge
Q7583A,HP 503A Original Magenta Toner Cartridge
Q7582A,HP 503A Original Yellow Toner Cartridge
CE250A,HP 504A Original Black Toner Cartridge
CE251A,HP 504A Original Cyan Toner Cartridge
CE253A,HP 504A Original Magenta Toner Cartridge
CE252A,HP 504A Original Yellow Toner Cartridge
CE250XD,HP 504X Original Black 2 pc(s)
CE250X,HP 504X Original Black Toner Cartridge
CE400A,HP 507A Original Black Toner Cartridge
CE401A,HP 507A Original Cyan Toner Cartridge (CE401A)
CE403A,HP 507A Original Magenta Toner Cartridge (CE403A)
CE402A,HP 507A Original Yellow Toner Cartridge (CE402A)
CE400X,HP 507X Original Black Toner Cartridge (CE400X)
CF360A,HP 508A Original Black Toner Cartridge
CF361A,HP 508A Original Cyan Toner Cartridge
CF363A,HP 508A Original Magenta
CF362A,HP 508A Original Yellow Toner Cartridge
CF360X,HP 508X Original Black Toner Cartridge (CF360X)
CF361X,HP 508X Original Cyan Toner Cartridge (CF361X)
CF363X,HP 508X Original Magenta Toner Cartridge (CF363X)
CF362X,HP 508X Original Yellow Toner Cartridge (CF362X)
Q7551A,HP 51A Original Black Toner Cartridge
Q7551XD,HP 51X Original Black 2 pc(s)
Q7551X,HP 51X Original Black Toner Cartridge
Q7553A,HP 53A Original Black Toner Cartridge
Q7553XD,HP 53X Original Black 2 pc(s)
Q7553X,HP 53X Original Black Toner Cartridge
CE255A,HP 55A Original Black Toner Cartridge
CE255XD,HP 55X Original Black (CE255XD) Twin Pack
C6657AE,"HP 57 Original Cyan, Magenta, Yellow Tri-Colour Ink Cartridge"
CF259A,HP 59A Original Black (CF259)
CF259X,HP 59X High Capacity Black Toner Cartridge (CF259X)
C8061X,HP 61X Original Black Toner Cartridge
CB400A,HP 624A Original Black Toner Cartridge
CB401A,HP 624A Original Cyan Toner Cartridge
CB403A,HP 624A Original Magenta Toner Cartridge
CB402A,HP 624A Original Yellow Toner Cartridge
C9720A,HP 641A Original Black Toner Cartridge
C9721A,HP 641A Original Cyan Toner Cartridge
C9723A,HP 641A Original magenta Toner Cartridge
C9722A,HP 641A Original Yellow Toner Cartridge
Q5950A,HP 643A Original Black Toner Cartridge
Q5951A,HP 643A Original Cyan Toner Cartridge
Q5953A,HP 643A Original Magenta Toner Cartridge
Q5952A,HP 643A Original Yellow Toner Cartridge
Q6460A,HP 644A Original Black Toner Cartridge
Q6461A,HP 644A Original Cyan Toner Cartridge
Q6463A,HP 644A Original Magenta Toner Cartridge
Q6462A,HP 644A Original Yellow Toner Cartridge
C9730A,HP 645A Original Black Toner Cartridge
C9731A,HP 645A Original Cyan Toner Cartridge
C9733A,HP 645A Original Magenta Toner Cartridge
C9732A,HP 645A Original Yellow Toner Cartridge
CF031A,HP 646A Original Cyan Toner Cartridge
CF033A,HP 646A Original Magenta Toner Cartridge
CF032A,HP 646A Original Yellow Toner Cartridge
CE264X,HP 646X Original Black Toner Cartridge
CE260A,HP 647A Original Black Toner Cartridge
CE261A,HP 648A Original Cyan Toner Cartridge
CE263A,HP 648A Original Magenta Toner Cartridge
CE262A,HP 648A Original Yellow Toner Cartridge
CE265A,HP 648A Toner Cartridge collector 36000 pages
CC364XD,HP 64X Original Black Multipack 2pc(s)
CC364A,HP 64A Original Black Toner Cartridge
CC364X,HP 64X Original Black Toner Cartridge
CE270A,HP 650A Original Black Toner Cartridge
CE271A,HP 650A Original Cyan Toner Cartridge
CE273A,HP 650A Original Magenta Toner Cartridge
CE272A,HP 650A Original Yellow Toner Cartridge
CE340A,HP 651A Original Black Toner Cartridge
CE341A,HP 651A Original Cyan Toner Cartridge
CE343A,HP 651A Original Magenta Toner Cartridge
CE342A,HP 651A Ylw Contract LJ Original Yellow Toner Cartridge
CF320A,HP 652A Original Black Toner Cartridge
CF321A,HP 653A Original Cyan Toner Cartridge
CF323A,HP 653A Original Magenta Toner Cartridge
CF322A,HP 653A Original Yellow Toner Cartridge
CF320X,HP 653X Original Black Toner Cartridge
CF333A,HP 654A Original Magenta Toner Cartridge
CF332A,HP 654A Original Yellow Toner Cartridge
CF330X,HP 654X Original Black Toner Cartridge
CF450A,HP 655A Original Black
CF451A,HP 655A Original Cyan
CF453A,HP 655A Original Magenta
CF452A,HP 655A Original Yellow
CF460X,HP 656X Original Black
CF461X,HP 656X Original Cyan
CF463X,HP 656X Original Magenta
CF462X,HP 656X Original Yellow
CF470X,HP 657X Original Black
CF471X,HP 657X Original Cyan
CF473X,HP 657X Original Magenta
CF472X,HP 657X Original Yellow
W2010A,HP 659A Black Standard Capacity Toner Cartridge 16K pages for HP LaserJet Enterprise MFP M776 / M856 - W2010A
W2011A,HP 659A Cyan Standard Capacity Toner Cartridge 13K pages for HP LaserJet Enterprise MFP M776 / M856 - W2011A
W2013A,HP 659A Magenta Standard Capacity Toner Cartridge 13K pages for HP LaserJet Enterprise MFP M776 / M856 - W2013A
W2012A,HP 659A Yellow Standard Capacity Toner Cartridge 13K pages for HP LaserJet Enterprise MFP M776 / M856 - W2012A
HP-912MP,"HP 6ZC74AE (HP 912) Combo 4 Pack, Cyan, Magenta, Yellow, Black"
C9405A,HP 70 Light Magenta and Light Cyan DesignJet Printhead
Q7570A,HP 70A Original Black Toner Cartridge
3ED70A,HP 712 Black Standard Capacity Ink Cartridge 38ml - 3ED70A
3ED71A,HP 712 Black Standard Capacity Ink Cartridge 80ml - 3ED71A
3ED67A,HP 712 Cyan Standard Capacity Ink Cartridge 29ml - 3ED67A
3ED68A,HP 712 Magenta Standard Capacity Ink Cartridge 29ml - 3ED68A
3ED69A,HP 712 Yellow Standard Capacity Ink Cartridge 29ml - 3ED69A
B3P06A,HP 727 DesignJet Printhead
F9J67A,HP 728 Cyan Standard Capacity Ink Cartridge 130ml - F9J67A
F9J66A,HP 728 Magenta Standard Capacity Ink Cartridge 130ml - F9J66A
F9J68A,HP 728 Matte Black Standard Capacity Ink Cartridge 300ml - F9J68A
F9J65A,HP 728 Yellow Standard Capacity Ink Cartridge 130ml - F9J65A
F9J81A,HP 729 DesignJet Printhead Replacement Kit (F9J81A)
F9K03A,HP 745 Cyan Standard Capacity Ink Cartridge 300ml - F9K03A
F9K01A,HP 745 Magenta Standard Capacity Ink Cartridge 300ml - F9K01A
F9K05A,HP 745 Matte Black Standard Capacity Ink Cartridge 300ml - F9K05A
F9K04A,HP 745 Photo Black Standard Capacity Ink Cartridge 300ml - F9K04A
F9K02A,HP 745 Yellow Standard Capacity Ink Cartridge 300ml - F9K02A
P2V81A,HP 746 Chromatic Red Standard Capacity Ink Cartridge 300ml - P2V81A
P2V80A,HP 746 Cyan Standard Capacity Ink Cartridge 300ml - P2V80A
P2V78A,HP 746 Magenta Standard Capacity Ink Cartridge 300ml - P2V78A
P2V83A,HP 746 Matte Black Standard Capacity Ink Cartridge 300ml - P2V83A
P2V82A,HP 746 Photo Black Standard Capacity Ink Cartridge - P2V82A
P2V79A,HP 746 Yellow Standard Capacity Ink Cartridge 300ml - P2V79A
P2V85A,HP 747 Chromatic Blue Standard Capacity Ink Cartridge 300ml - P2V85A
P2V84A,HP 747 Chromatic Green Standard Capacity Ink Cartridge 300ml - P2V84A
P2V86A,HP 747 Grey Standard Capacity Ink Cartridge 300ml - P2V86A
CE278AD,HP 78A Original Black Multipack 2 pc(s)
CE278A,HP 78A Original Black Toner Cartridge
C6578AE,"HP 78XL Original Cyan, Magenta, Yellow Tri-Colour Ink Cartridge"
CF279A,HP 79A Original Black
CF280A,HP 80A Original Black Toner Cartridge
CF280XD,HP 80X Original Black 2 pc(s)
CF280X,HP 80X Original Black Toner Cartridge
CF281A,HP 81A Original Black Toner Cartridge
CF281X,HP 81X Original Black Toner Cartridge (CF281X)
CB380A,HP 823A Original Black Toner Cartridge
CB381A,HP 824A Original Cyan Toner Cartridge
CB383A,HP 824A Original Magenta Toner Cartridge
CB382A,HP 824A Original Yellow Toner Cartridge
CB387A,HP 824A printer drum
CB384A,HP 824A Printer Drum Original
CB390A,HP 825A Original Black Toner Cartridge
CF310A,HP 826A Original Black Toner Cartridge
CF311A,HP 826A Original Cyan Toner Cartridge
CF313A,HP 826A Original Magenta Toner Cartridge
CF312A,HP 826A Original Yellow Toner Cartridge
CF300A,HP 827A Original Black
CF301A,HP 827A Original Cyan
CF303A,HP 827A Original Magenta
CF302A,HP 827A Original Yellow
CF365A,HP 828A printer drum
C4182X,HP 82X Original Black Toner Cartridge
CF283AD,HP 83A Original Black 2 pc(s)
CF283A,HP 83A Original Black Toner Cartridge
CF283XD,HP 83X Original Black 2 pc(s)
CF283X,HP 83X Original Black Toner Cartridge
CE285AD,HP 85A Original Black Multipack 2 pc(s)
CE285A,HP 85A Original Black Toner Cartridge
CF287A,HP 87A Original Black
CF287AS,HP 87AS Original Black
CF287XD,HP 87X Original Black 2 pc(s)
CF287X,HP 87X Original Black High Capacity Toner Cartridge (CF287X)
CF289A,HP 89A Black Toner Cartridge (CF289A)
CF289X,HP 89X High Capacity Black Toner Cartridge (CF289X)
CF289Y,HP 89Y Black Extra High Yield Toner Cartridge 20K pages for HP LaserJet Enterprise M507 series and HP LaserJet Enterprise MFP M528 series - CF289Y
6ZC73AE,HP 903 Cyan Magenta Yellow Black Ink Cartridge Combo 4 pack for HP OfficeJet 6950/6960/6970 AiO - 6ZC73AE
T6M03AE,HP 903XL Original Cyan Ink Cartridge
T6M07AE,HP 903XL Original Magenta Ink Cartridge
T6M11AE,HP 903XL Original Yellow Ink Cartridge
CE390A,HP 90A Original Black Toner Cartridge
CE390XD,HP 90X Original Black 2 pc(s)
CE390X,HP 90X Original Black Toner Cartridge
C9461A,HP 91 Magenta and Yellow DesignJet Printhead
C9463A,HP 91 Photo Black and Light Gray DesignJet Printhead
6ZC74AE,HP 912 Cyan Magenta Yellow Black Ink Cartridge Combo 4 pack for HP OfficeJet Pro 8010/8020 series - 6ZC74AE
3YL80AE,HP 912 Original Black (3YL80AE)
3YL77AE,HP 912 Original Cyan Ink Cartridge (3YL77AE)
3YL78AE,HP 912 Original Magenta Ink Cartridge (3YL78AE)
3YL79AE,HP 912 Original Yellow Ink Cartridge (3YL79AE)
3YL84AE,HP 912XL Original Black (3YL84AE)
3YP34AE,"HP 912XL Original Black, Cyan, Magenta, Yellow (3YP34AE)"
3YL81AE,HP 912XL Original Cyan (3Y81AE)
3YL82AE,HP 912XL Original Magenta (3YL82AE)
3YL83AE,HP 912XL Original Yellow (3YL83AE)
3YL85AE,HP 917XL Black Extra High Yield Ink Cartridge 39ml for HP OfficeJet Pro 8020 series - 3YL85AE
C4092A,HP 92A Original Black Toner Cartridge
CN057AE,HP 932 Original Black Ink Cartridge
6ZC71AE,HP 932/933 Cyan Magenta Yellow Black Ink Cartridge Combo 4 pack for HP OfficeJet 6100/6600/6700/7110/7510/7612 - 6ZC71AE
CN058AE,HP 933 Cyan Standard Capacity Ink Cartridge for HP OfficeJet 6100/6600/6700/7110/7510/7612 - CN058AE
CN059AE,HP 933 Magenta Standard Capacity Ink Cartridge 4ml for HP OfficeJet 6100/6600/6700/7110/7510/7612 - CN059AE
CN060AE,HP 933 Yellow Standard Capacity Ink Cartridge 4ml for HP OfficeJet 6100/6600/6700/7110/7510/7612 - CN060AE
6ZC72AE,HP 934/935 Cyan Magenta Yellow Black Ink Cartridge Combo 4 pack for HP OfficeJet Pro 6230/6830 - 6ZC72AE
CF294A,HP 94A Black Standard Capacity Toner Cartridge 1.2K pages for HP LaserJet Pro M118/M148 - CF294A
CF294X,HP 94X High Yield Original Black
6ZC65AE,HP 950/951 Cyan Magenta Yellow Black Ink Cartridge Combo 4 pack for HP OfficeJet Pro 251/276/8100/8600/8610/8620 - 6ZC65AE
6ZC69AE,HP 953 Cyan Magenta Yellow Black Ink Cartridge Combo 4 pack for HP OfficeJet Pro 8210/8710/8720/8730/8740 - 6ZC69AE
6ZC70AE,"HP 963 Original Black ,Cyan ,Magenta, Yellow Combo 4 Pack (6ZC70AE)"
3JA26AE,HP 963 Original Ink Cartridge Black (3JA26AE) asas
3JA23AE,HP 963 Original Ink Cartridge Cyan (3JA23AE)
3JA24AE,HP 963 Original Ink Cartridge Magenta (3JA24AE)
3JA25AE,HP 963 Original Ink Cartridge Yellow (3JA25AE)
3YP35AE,"HP 963XL Original Black ,Cyan ,Magenta, Yellow 4 Pack (3YP35AE)"
3JA27AE,HP 963XL Original Cyan (3JA27AE)
3JA28AE,HP 963XL Original Magenta (3JA28AE)
3JA29AE,HP 963XL Original Yellow (3JA29AE)
3JA31AE,HP 967XL Original HP Ink Cartridge Black (3JA31AE)
C4096A,HP 96A Original Black Toner Cartridge
Q8692A,"HP Advanced Glossy photo paper Black,Blue,White Gloss"
W2120X,HP Black High Yield Toner Cartridge High Yield 13K pages W2120X HP Colour LaserJet Enterprise M555 / M554 / M578 series - W2120X
C4149A,HP C4149A Original Black Toner Cartridge
C4150A,HP C4150A Original Cyan Toner Cartridge
C4151A,HP C4151A Original Magenta Toner Cartridge
C4152A,HP C4152A Original Yellow Toner Cartridge
C4191A,HP C4191A Original Black Toner Cartridge
C4192A,HP C4192A Original Cyan Toner Cartridge
C4193A,HP C4193A Original Magenta Toner Cartridge
C4194A,HP C4194A Original Yellow Toner Cartridge
C4196A,HP C4196A printer kit
C8550A,HP C8550A Toner Cartridge Original Black
C8551A,HP C8551A Toner Cartridge Original Cyan
C8552A,HP C8552A Toner Cartridge Original Yellow
C8553A,HP C8553A Toner Cartridge Original Magenta
C9153A,HP C9153A printer kit
C9700A,HP C9700A Original Black Toner Cartridge
C9701A,HP C9701A Original Cyan Toner Cartridge
C9702A,HP C9702A Original Yellow Toner Cartridge
C9703A,HP C9703A Original Magenta Toner Cartridge
CB389A,HP CB389A printer kit
CB463A,HP CB463A printer roller 150000 pages
CB540AD,HP CB540AD Toner Cartridge Original Black 2 pc(s)
CE247A,HP CE247A fuser
CE249A,HP CE249A printer kit
CE254A,HP CE254A Toner Cartridge collector 36000 pages
CE255X,HP CE255X Original (55X) Black High Capacity Toner Cartridge
CE260X,HP CE260X Original Black Toner Cartridge
CE506A,HP CE506A printer kit
CE515A,HP CE515A printer kit
CE516A,HP CE516A printer kit
CE732A,HP CE732A printer kit
CE980A,HP CE980A Toner Cartridge collector 150000 pages
CF065A,HP CF065A printer kit
CF214X,HP CF214X (14X) Original Black High Capacity Toner Cartridge
CF331A,HP CF331A Original Cyan Toner Cartridge
CF532A,HP CF532A Toner Cartridge Original Yellow
C7978A,HP Cleaning Cartridge 12.65mm - C7978A
CLP-Y660A,Samsung CLP-Y660A Original Yellow Toner Cartridge s
CLT-R406,HP CLT-R406 printer drum
CB459A,HP Color LaserJet CB459A Roller Kit 150000 pages
C9704A,HP Color LaserJet Imaging Drum C9704A printer drum
CE979A,HP Color LaserJet Transfer Kit
CHPCC160X414,HP Colour Choice FSC Paper 160gsm A4 (Ream 250 Sheets)
W2121X,HP Cyan High Yield Toner Cartridge 10K pages W2121X HP Colour LaserJet Enterprise M555 / M554 / M578 series - W2121X
L0H25A,HP L0H25A 220V Maintenance Kit
Q5422A,HP LaserJet 220V User Maintenance Kit
W2010X,HP LaserJet 659X Original Black
W2011X,HP LaserJet 659X Original Cyan
W2013X,HP LaserJet 659X Original Magenta
W2012X,HP LaserJet 659X Original Yellow
CE248A,HP LaserJet MFP ADF Maintenance Kit
Q5999A,HP LaserJet Q5999A 220V Maintenance Kit
W2123X,HP Magenta High Yield Toner Cartridge 10K pages W2123X HP Colour LaserJet Enterprise M555 / M554 / M578 series - W2123X
CF065-67901,HP Maintenance Service Kit 220 Volt
CHP852,HP Premium 500/A4/210x297 printing paper A4 (210x297 mm) White
Q1339A,HP Q1339A Original Black Toner Cartridge
Q3964A,HP Q3964A printer drum
Q7504A,HP Q7504A printer kit
Q7842A,HP Q7842A printer kit
SCX-D6555A,HP SCX-D6555A Original Black
W1120A,"HP W1120A (120A) Original Imaging Drum Unit 16,000 pages"
W1143A,"HP W1143A 143A Black Toner Cartridge (Yield: 2,500 Pages)"
W1143AD,"HP W1143AD 143A Black Toner Cartridge (Yield: 2,500 Pages x 2)"
W1144A,"HP W1144A (144A) Imaging Drum 20,000 Pages"
W2122X,HP Yellow High Yield Toner Cartridge 10K pages W2122X HP Colour LaserJet Enterprise M555 / M554 / M578 series - W2122X
3949922,Kodak 10XL Ink Cartridge Original Black
5740506,Kodak 5740-506 A6 Gloss Yellow photo paper
3952363,"Kodak Black , 30XL Ink Cartridge Original Photo black"
1710322-001,Konica Minolta 1710322-001 Toner Cartridge Original Black
1710490-004,Konica Minolta 1710490-004 Toner Cartridge Original Cyan
1710494-001,Konica Minolta 1710494-001 Transfer Kit Original
1710504-001,"Konica Minolta 1710504-001 Toner Cartridge Original Black,Cyan,Magenta,Yellow 4 pc(s)"
1710517-002,Konica Minolta 1710517-002 Toner Cartridge Original
1710517-006,Konica Minolta 1710517-006 Original yellow Toner Cartridge
1710517-007,Konica Minolta 1710517-007 Original Magenta Toner Cartridge
1710517-008,Konica Minolta 1710517-008 Original Cyan Toner Cartridge
1710552-001,Konica Minolta 1710552-001 OPC Drum Original
1710567-002,Konica Minolta 1710567-002 Original Black Toner Cartridge
1710589-001,Konica Minolta 1710589-001 Toner Cartridge Original Yellow
1710589-002,Konica Minolta 1710589-002 Toner Cartridge Original Magenta
1710589-003,Konica Minolta 1710589-003 Toner Cartridge Original Cyan
1710589-005,Konica Minolta 1710589-005 Original Yellow Toner Cartridge
1710589-006,Konica Minolta 1710589-006 Original Magenta Toner Cartridge
1710589-007,Konica Minolta 1710589-007 Original Cyan Toner Cartridge
1710593-001,Konica Minolta 1710593-001 printer roller Printer transfer roller 120000 pages
1710606002,"Konica Minolta 1710606002 Toner Cartridge Original Cyan, Magenta, Yellow 3 pc(s)"
4053503,Konica Minolta 4053503 Toner Cartridge Original yellow
4053603,Konica Minolta 4053603 Toner Cartridge Original Magenta
4053703,Konica Minolta 4053703 Toner Cartridge Original Cyan
4062213,Konica Minolta 4062213 Printer Drum Original
4062313,Konica Minolta 4062313 Printer Drum Original
4062413,Konica Minolta 4062413 Printer Drum Original
4062513,Konica Minolta 4062513 imaging unit Cyan 30000 pages
4065621,Konica Minolta 4065621 Toner Cartridge collector 18000 pages
8938512,Konica Minolta 8938512 Toner Cartridge Original Cyan
8938621,Konica Minolta 8938621 Toner Cartridge Original Black
8938622,Konica Minolta 8938622 Toner Cartridge Original Yellow
8938623,Konica Minolta 8938623 Toner Cartridge Original Magenta
8938624,Konica Minolta 8938624 Toner Cartridge Original Cyan
9967000777,Konica Minolta 9967000777 Toner Cartridge Original Black
9967000877,Konica Minolta 9967000877 Toner Cartridge Original Black
A03100H,Konica Minolta A03100H Printer Drum Original
A03105H,Konica Minolta A03105H Printer Drum Original
A0310AH,Konica Minolta A0310AH Printer Drum Original
A0310GH,Konica Minolta A0310GH Printer Drum Original
A06V153,Konica Minolta A06V153 Toner Cartridge Original Black
A06VJ53,"Konica Minolta A06VJ53 Toner Cartridge Original Cyan,Magenta,Yellow 3 pc(s)"
A06X0Y0,Konica Minolta A06X0Y0 Toner Cartridge collector 32000 pages
A0D7153,Konica Minolta A0D7153 Toner Cartridge Original Black
A0D7253,Konica Minolta A0D7253 Toner Cartridge Original Yellow
A0D7353,Konica Minolta A0D7353 Toner Cartridge Original Magenta
A0D7453,Konica Minolta A0D7453 Toner Cartridge Original Cyan
A0D7454,Konica Minolta A0D7454 Toner Cartridge Original Cyan
A0DK151,Konica Minolta A0DK151 Toner Cartridge Original Black
A0DK152,Konica Minolta A0DK152 Original Black Toner Cartridge
A0DK251,Konica Minolta A0DK251 Toner Cartridge Original Yellow
A0DK252,Konica Minolta A0DK252 Original yellow Toner Cartridge
A0DK351,Konica Minolta A0DK351 Toner Cartridge Original Magenta
A0DK352,Konica Minolta A0DK352 Original magenta Toner Cartridge
A0DK451,Konica Minolta A0DK451 Toner Cartridge Original Cyan
A0DK452,Konica Minolta A0DK452 Original Cyan Toner Cartridge
A0DKJ52,"Konica Minolta A0DKJ52 Toner Cartridge Original Cyan, magenta, yellow 3 pc(s)"
A0FN021,Konica Minolta A0FN021 Toner Cartridge Original Black
A0FN022,Konica Minolta A0FN022 Original Black Toner Cartridge
A0FP021,Konica Minolta A0FP021 Toner Cartridge Original Black
A0FP022,Konica Minolta A0FP022 Toner Cartridge Original Black
A0V301H,Konica Minolta A0V301H Original Black Toner Cartridge
A0V305H,Konica Minolta A0V305H Toner Cartridge Original yellow
A0V30AH,Konica Minolta A0V30AH Toner Cartridge Original Magenta
A0V30GH,Konica Minolta A0V30GH Toner Cartridge Original Cyan
A0VU0Y1,Konica Minolta A0VU0Y1 imaging unit 40000 pages
A0WG01H,Konica Minolta A0WG01H Toner Cartridge Original Black
A0WG02H,Konica Minolta A0WG02H Original Black Toner Cartridge
A0WG03H,Konica Minolta A0WG03H Printer Drum Original 30000 pages
A0WG07H,Konica Minolta A0WG07H Original yellow Toner Cartridge
A0WG08H,Konica Minolta A0WG08H Printer Drum Original 30000 pages
A0WG0CH,Konica Minolta A0WG0CH Toner Cartridge Original Magenta
A0WG0DH,Konica Minolta A0WG0DH Original Magenta Toner Cartridge
A0WG0EH,Konica Minolta A0WG0EH Printer Drum Original 30000 pages
A0WG0HH,Konica Minolta A0WG0HH Toner Cartridge Original Cyan
A0WG0JH,Konica Minolta A0WG0JH Original Cyan Toner Cartridge
A0WG0KH,Konica Minolta A0WG0KH Printer Drum Original 30000 pages
A0X5150,Konica Minolta A0X5150 Toner Cartridge Original Black
A0X5151,Konica Minolta A0X5151 Original Black Toner Cartridge
A0X5250,Konica Minolta A0X5250 Toner Cartridge Original Yellow
A0X5251,Konica Minolta A0X5251 Original Yellow Toner Cartridge
A0X5350,Konica Minolta A0X5350 Toner Cartridge Original Magenta
A0X5351,Konica Minolta A0X5351 Original Magenta Toner Cartridge
A0X5450,Konica Minolta A0X5450 Toner Cartridge Original Cyan
A0X5451,Konica Minolta A0X5451 Original Cyan Toner Cartridge
A11G151,Konica Minolta A11G151 Original Black Toner Cartridge (TN216K)
A1AU0Y1,Konica Minolta A1AU0Y1 Toner Cartridge Original
1710517-005,Konica Minolta black 4500sh f MagiColor 2300 Original Toner Cartridge
1710589-004,Konica Minolta Black for MagiColor 2400 Original Toner Cartridge
A00W432,Konica Minolta Black Toner Cartridge 4.5K for magicolor 2400 / 2500 Original
A06V152,Konica Minolta Black Toner Cartridge for MagiColor 5550/5570
1710490-001,Konica Minolta Black Toner Cartridge for MagiColor 3100 Original
A11G451,Konica Minolta C220 Original Cyan (TN216C)
A11G351,Konica Minolta C220 Original Magenta (TN216M)
A0V30HH,Konica Minolta Cyan High Capacity Original Toner Cartridge
A06V453,Konica Minolta Cyan Toner Cartridge for Magicolor 5550/5570
A0310NH,Konica Minolta Drums Value Pack for Magicolor 5550/5570 Original 120000 pages
4062503,Konica Minolta IU210C Original 45000 pages
4062403,Konica Minolta IU210M Original 45000 pages
A0DE02F,Konica Minolta IU-211K Printer Drum Original
A0V30CH,Konica Minolta Magenta High Capacity Original Toner Cartridge
A06V352,Konica Minolta Magenta Toner Cartridge for Magicolor 5550/5570
A06V353,Konica Minolta Magenta Toner Cartridge for Magicolor 5550/5570 Original
1710437-003,Konica Minolta Magenta Toner Cartridge for Color PagePro Original
1710322-004,Konica Minolta Magenta Toner Cartridge for MagiColor 330 Original
1710604-007,Konica Minolta Magenta Toner Cartridge for MagiColor 5440DL/5450
1710604-003,Konica Minolta Magenta Toner Cartridge for MagiColor 5440DL/5450 Original
1710591-001,Konica Minolta OPC Drum Cartridge for MagiColor 2400 Original 4500 pages
1710476-001,Konica Minolta OPC DRUM Printer Drum Original
1710520-001,Konica Minolta OPC Drum Unit Printer Drum Original
1710434-001,Konica Minolta PagePro 20 Imaging unit 10K Original Black
4062303,Konica Minolta Print Unit IU210Y Yelow Original Yellow
1710566-002,Konica Minolta Standard Capacity Black Toner Cartridge for PagePro 1300W Original
TN210K,Konica Minolta TN-210K Original Black
TN210M,Konica Minolta TN-210M Original Magenta
TN210Y,Konica Minolta TN-210Y Original Yellow
A0D7154,Konica Minolta TN-214K Original Black
A0D7354,Konica Minolta TN-214M Original magenta
A0D7254,Konica Minolta TN-214Y Original Yellow
TN216Y,Konica Minolta TN216Y Toner Cartridge Original Yellow
A11G251,Konica Minolta TN216Y Yellow Toner Cartridge 26k pages for Bizhub C220/C280 - A11G251
A202051,Konica Minolta TN217 Black Toner Cartridge 17.5k pages for Bizhub 223/283 - A202051
A0D7451,Konica Minolta TN314C Original Cyan
A0D7151,Konica Minolta TN314K Original Black
A0D7351,Konica Minolta TN314M Original Magenta
A0D7251,Konica Minolta TN314Y Original Yellow
A33K450,Konica Minolta TN-321C Original Cyan
A33K150,Konica Minolta TN-321K Original Black
A33K350,Konica Minolta TN-321M Original Magenta
A33K250,Konica Minolta TN-321Y Original Yellow
A8DA150,Konica Minolta TN324K Black Toner Cartridge 28k pages for Bizhub C258/C308/C368 - A8DA150
AAV8450,Konica Minolta TN328C Cyan Toner Cartridge 28k pages for Bizhub C250i/C300i/C360i - AAV8450
AAV8150,Konica Minolta TN328K Black Toner Cartridge 28k pages for Bizhub C250i/C300i/C360i - AAV8150
AAV8350,Konica Minolta TN328M Magenta Toner Cartridge 28k pages for Bizhub C250i/C300i/C360i - AAV8350
AAV8250,Konica Minolta TN328Y Yellow Toner Cartridge 28k pages for Bizhub C250i/C300i/C360i - AAV8250
A33K452,Konica Minolta TN512C Cyan Toner Cartridge 35k pages for Bizhub C454/C554 - A33K452
A33K352,Konica Minolta TN512M Magenta Toner Cartridge 35k pages for Bizhub C454/C554 - A33K352
A33K252,Konica Minolta TN512Y Yellow Toner Cartridge 35k pages for Bizhub C454/C554 - A33K252
A9E8150,Konica Minolta TN514K Black Toner Cartridge 28k pages for Bizhub C458/C558/C658 - A9E8150
A0VW150,Konica Minolta TN612K Black Toner Cartridge 37.4k pages for Bizhub PRO C5501/PRO C6501- A0VW150
A0VW350,Konica Minolta TN612M Magenta Toner Cartridge 25k pages for Bizhub PRO C5501/PRO C6501- A0VW350
A0VW250,Konica Minolta TN612Y Yellow Toner Cartridge 25k pages for Bizhub PRO C5501/PRO C6501- A0VW250
A1U9150,Konica Minolta TN616K Black Toner Cartridge 41.5k pages - A1U9150
A3VU450,Konica Minolta TN-711C Original Cyan
A3VU150,Konica Minolta TN-711K Original Black
A3VU350,Konica Minolta TN-711M Original Magenta
A3VU250,Konica Minolta TN-711Y Original Yellow
A0WG06H,Konica Minolta TNP-21Y Original Yellow
A0X5452,Konica Minolta TNP-22C Original Cyan
A0X5152,Konica Minolta TNP22K Original Black
A0X5352,Konica Minolta TNP-22M Original Magenta
A0X5252,Konica Minolta TNP-22Y Original Yellow
A0X5453,Konica Minolta TNP-27C Original Cyan
A0X5153,Konica Minolta TNP-27K Original Black
A0X5353,Konica Minolta TNP-27M Original Magenta
A0X5253,Konica Minolta TNP-27Y Original Yellow
A5X0450,Konica Minolta TNP48C Cyan Toner Cartridge 10k pages for Bizhub C3350/C3850/C3850FS - A5X0450
A5X0150,Konica Minolta TNP48K Black Toner Cartridge 10k pages for Bizhub C3350/C3850/C3850FS - A5X0150
A5X0350,Konica Minolta TNP48M Magenta Toner Cartridge 10k pages for Bizhub C3350/C3850/C3850FS - A5X0350
A5X0250,Konica Minolta TNP48Y Yellow Toner Cartridge 10k pages for Bizhub 224e/284e/364e - A5X0250
1710399-002,Konica Minolta Toner Cartridge black 3000sh f PageP1100 Original
1710582-001,Konica Minolta Toner Cartridge Black for MagiColor 5430 Original
1710604-005,Konica Minolta Toner Cartridge Black for MagiColor 5440DL/5450 Original
9J04202,Konica Minolta Toner Cartridge Black for PagePro 1400W Original
1710405-002,Konica Minolta Toner Cartridge Cassette for PagePro 1100 Original Black
1710517-004,Konica Minolta Toner Cartridge Cyan 1500sh f MagiColor 2300 Original
1710322-002,Konica Minolta Toner Cartridge Cyan 6000sh f MagiColor 330 Original
1710582-004,Konica Minolta Toner Cartridge Cyan for MagiColor 5430 Original
1710604-008,Konica Minolta Toner Cartridge Cyan for MagiColor 5440DL/5450
1710604-004,Konica Minolta Toner Cartridge Cyan for MagiColor 5440DL/5450 Original
1710517-003,Konica Minolta Toner Cartridge magenta 1500sh f MagiColor 2300 Original
1710490-003,Konica Minolta Toner Cartridge Magenta for MagicColor 3100 Original
1710582-003,Konica Minolta Toner Cartridge Magenta for MagiColor 5430 Original
1710550-004,Konica Minolta Toner Cartridge Magicolor 3300 blauw Original Cyan
1710550-002,Konica Minolta Toner Cartridge Magicolor 3300 geel Original Yellow
1710550-001,Konica Minolta Toner Cartridge Magicolor 3300 zwart Original Black
1710541-100,Konica Minolta Toner Cartridge Value kit Color f MagiColor 2300 Original
A0V30NH,"Konica Minolta Toner Cartridge Value Kit Original C,M,Y (A0V30NH)"
A06VJ52,Konica Minolta Toner Cartridge Value Pack (C/M/Y) for Magicolor 5550/5570
A0DKJ51,"Konica Minolta Toner Cartridge Value Pack (C/M/Y) Original Cyan, Magenta, Yellow"
1710490-002,Konica Minolta Toner Cartridge Yellow for MagiColor 3100 Original
1710582-002,Konica Minolta Toner Cartridge Yellow for MagiColor 5430 Original
1710604-006,Konica Minolta Toner Cartridge Yellow for MagiColor 5440DL/5450
1710604-002,Konica Minolta Toner Cartridge Yellow for MagiColor 5440DL/5450 Original
1710522-001,Konica Minolta Waste Toner Cartridge for MagiColor 2300 Original
1710324-001,Konica Minolta Waste Toner Cartridge for MagiColor 330 Original Black
1710584-001,Konica Minolta Waste Toner Cartridge for MagiColor 5430 Original
A4Y5WY1,Konica Minolta WBP05 Waste Toner Cartridge 36k pages for Bizhub c3350/c3850/c3351/c3851/FS - A4Y5WY1
A162WY1,Konica Minolta WX101 Waste Toner Cartridge 50k pages - A162WY1
A4NNWY1,Konica Minolta WX103 Standard Capacity Waste Toner Cartridge 40k pages - A4NNWY1
A0V306H,Konica Minolta Yellow Original Toner Cartridge
A06V252,Konica Minolta Yellow Toner Cartridge for Magicolor 5550/5570
A06V253,Konica Minolta Yellow Toner Cartridge for Magicolor 5550/5570 Original
1T02FZAEU0,Kyocera 1T02FZAEU0 (TK-825Y) Yellow Toner Cartridge 7k Original
1T02G10EU0,KYOCERA 1T02G10EU0 Toner Cartridge Original Black
1T02HNCEU0,Kyocera 1T02HNCEU0 Cyan Original Toner Cartridge
1T02KVCNL0,KYOCERA 1T02KVCNL0 Toner Cartridge Original Cyan
1T02ML0NLC,KYOCERA 1T02ML0NLC Toner Cartridge Original Black
37027016,KYOCERA 37027016 Toner Cartridge Original Black
370AC010,KYOCERA 370AC010 Toner Cartridge Original Black
302LZ93060,KYOCERA DK-170 Original
302J393033,KYOCERA DK-320 Original 300000 pages
302J093020,KYOCERA DV-340 developer unit
0T2FV0DE,KYOCERA TK-110 Black Toner Cartridge Original
1T02FV0DE0,KYOCERA TK-110 Original Black
1T02FV0DE1,KYOCERA TK-110E Original Black
1T02M50NL1,Kyocera TK1115 Black Toner Cartridge 1.6k pages - 1T02M50NL1
1T02M50NLV,KYOCERA TK-1115 Original Black
1T02M70NL1,Kyocera TK1125 Black Toner Cartridge 2.1k pages - 1T02M70NL1
1T02MJ0NLC,Kyocera TK1130 Black Toner Cartridge 3k pages - 1T02MJ0NLC
1T02RV0NL0,Kyocera TK1150 Black Toner Cartridge 3k pages - 1T02RV0NL0
1T02RY0NL0,Kyocera TK1160 Black Toner Cartridge 7.2k pages - 1T02RY0NL0
1T02S50NL0,Kyocera TK1170 Black Toner Cartridge 7.2k pages - 1T02S50NL0
1T02G60DE0,KYOCERA TK-120E Original Black
1T05JK0NL0,KYOCERA TK-150K Original Black
1T02LY0NLC,Kyocera TK160 Black Toner Cartridge 2.5k pages - 1T02LY0NLC
1T02LY0NL0,KYOCERA TK-160 Original Black Toner Cartridge
1T02LZ0NLC,Kyocera TK170 Black Toner Cartridge 7.2k pages - 1T02LZ0NLC
1T02LZ0NL0,KYOCERA TK-170 Original Black Toner Cartridge
1T02FM0EU0,KYOCERA TK-18 Original Black
1T02MS0NL0,KYOCERA TK-3100 Original Black
1T02MT0NLS,Kyocera TK3110 Black Toner Cartridge 15.5k pages - 1T02MT0NLS
1T02MT0NL0,KYOCERA TK-3110 Original Black
1T02T90NL1,Kyocera TK3160 Black Toner Cartridge 12.5k pages - 1T02T90NL1
1T02T80NL1,Kyocera TK3170 Black Toner Cartridge 15.5k pages - 1T02T80NL1
1T02T80NL0,KYOCERA TK-3170 Original Black
1T02T60NL1,Kyocera TK3190 Black Toner Cartridge 25k pages - 1T02T60NL1
1T02F90EUC,KYOCERA TK-320
1T02J00EUC,KYOCERA TK-340
1T02LX0NLC,KYOCERA TK-350 Toner Cartridge
1T02J20EUC,KYOCERA TK-360 Original Black
370PA0KL,KYOCERA TK-400 Original Black
370AR010,KYOCERA TK-420 Original Black
370PD5KW,KYOCERA TK-500C Original Cyan
370PD4KW,KYOCERA TK-500M Original Magenta
370QA0KX,KYOCERA TK50H Original Black
1T02F3CEU0,KYOCERA TK-510C Original Cyan
1T02F30EU0,KYOCERA TK-510K Original Black
1T02F3BEU0,KYOCERA TK-510M Original Magenta
1T02NRCNL0,KYOCERA TK-5140C Original Cyan
1T02NR0NL0,KYOCERA TK-5140K Original Black
1T02NRBNL0,KYOCERA TK-5140M Original Magenta
1T02NRANL0,KYOCERA TK-5140Y Original Yellow
1T02NSCNL0,KYOCERA TK-5150C Original Cyan
1T02NS0NL0,KYOCERA TK-5150K Original Black
1T02NSBNL0,KYOCERA TK-5150M
1T02NSANL0,KYOCERA TK-5150Y
1T02NTCNL0,Kyocera TK5160C Cyan Toner Cartridge 12k pages - 1T02NTCNL0
1T02NT0NL0,Kyocera TK5160K Black Toner Cartridge 16k pages - 1T02NT0NL0
1T02NTBNL0,KYOCERA TK-5160M Original Magenta
1T02NTANL0,Kyocera TK5160Y Yellow Toner Cartridge 12k pages - 1T02NTANL0
1T02HJCEU0,KYOCERA TK-520C Original Cyan
1T02HJ0EU0,KYOCERA TK-520K Original Black
1T02HJBEU0,KYOCERA TK-520M Original Magenta
1T02HJAEU0,KYOCERA TK-520Y Original Yellow
1T02R9CNL1,Kyocera TK5220C Cyan Toner Cartridge 1.2k pages - 1T02R9CNL1
1T02R90NL1,Kyocera TK5220K Black Toner Cartridge 1.2k pages - 1T02R90NL1
1T02R9BNL1,Kyocera TK5220M Magenta Toner Cartridge 1.2k pages - 1T02R9BNL1
1T02R9ANL1,Kyocera TK5220Y Yellow Toner Cartridge 1.2k pages - 1T02R9ANL1
1T02R9CNL0,Kyocera TK5230C Cyan Toner Cartridge 2.2k pages - 1T02R9CNL0
1T02R90NL0,Kyocera TK5230K Black Toner Cartridge 2.2k pages - 1T02R90NL0
TK5230K,Kyocera TK-5230K High Capacity Black Toner Cartridge (1T02R90NL0)
1T02R9BNL0,Kyocera TK5230M Magenta Toner Cartridge 2.2k pages - 1T02R9BNL0
1T02R9ANL0,Kyocera TK5230Y Yellow Toner Cartridge 2.2k pages - 1T02R9ANL0
1T02R7CNL0,Kyocera TK5240C Cyan Toner Cartridge 3k pages - 1T02R7CNL0
1T02R70NL0,Kyocera TK5240K Black Toner Cartridge 4k pages - 1T02R70NL0
1T02R7BNL0,Kyocera TK5240M Magenta Toner Cartridge 3k pages - 1T02R7BNL0
1T02R7ANL0,Kyocera TK5240Y Yellow Toner Cartridge 3k pages - 1T02R7ANL0
1T02TVCNL0,Kyocera TK5270C Cyan Toner Cartridge 8k pages - 1T02TVCNL0
1T02TV0NL0,Kyocera TK5270K Black Toner Cartridge 6k pages - 1T02TV0NL0
1T02TVBNL0,Kyocera TK5270M Magenta Toner Cartridge 8k pages - 1T02TVBNL0
1T02TVANL0,Kyocera TK5270Y Yellow Toner Cartridge 8k pages - 1T02TVANL0
1T02TW0NL0,Kyocera TK5280K Black Toner Cartridge 13k pages - 1T02TW0NL0
1T02HLCEU0,KYOCERA TK-540C Original Cyan
1T02HLBEU0,KYOCERA TK-540M laser Toner Cartridge & Cartridge
1T02HLAEU0,KYOCERA TK-540Y Original Yellow
370QC0KX,KYOCERA TK55 Original Black
TK-55,KYOCERA TK-55 Toner Cartridge Original Black
1T02HM0EU0,KYOCERA TK-550K Original Black
1T02HMAEU0,KYOCERA TK-550Y Original Yellow
1T02HN0EU0,KYOCERA TK-560K Original Black Toner Cartridge
1T02HNBEU0,KYOCERA TK-560M-Kit Magenta Toner Cartridge
1T02HNAEU0,Kyocera TK560Y Yellow Toner Cartridge 10k pages - 1T02HNAEU0
1T02KTCNL0,Kyocera TK580C Cyan Toner Cartridge 2.8k pages - 1T02KTCNL0
1T02KT0NL0,Kyocera TK580K Black Toner Cartridge 2.8k pages - 1T02KT0NL0
1T02KTBNL0,Kyocera TK580M Magenta Toner Cartridge 2.8k pages - 1T02KTBNL0
1T02KTANL0,Kyocera TK580Y Yellow Toner Cartridge 2.8k pages - 1T02KTANL0
1T02KV0NL0,KYOCERA TK-590K Original Black
1T02KVBNL0,Kyocera TK590M Magenta Toner Cartridge 5k pages - 1T02KVBNL0
1T02KVANL0,Kyocera TK590Y Yellow Toner Cartridge 5k pages - 1T02KVANL0
1T02LH0NL1,KYOCERA TK-6305 Original Black
370QD0KX,KYOCERA TK-65 Original Black
1T02K50NL0,KYOCERA TK685 Original Black
1T02P70NL0,KYOCERA TK-7300 Original Black
1T02Y40NL0,Kyocera TK7310 Black Toner Cartridge 15k pages - 1T02Y40NL0
370PB5KL,KYOCERA TK-800C Original Cyan
370PB0KL,KYOCERA TK-800K Original Black
370PB4KL,KYOCERA TK-800M Original Magenta
370PB3KL,KYOCERA TK-800Y Original Yellow
370PC5KL,KYOCERA TK-810C Original Cyan
370PC0KL,KYOCERA TK810K Original Black
370PC4KL,KYOCERA TK-810M Original Magenta
370PC3KL,KYOCERA TK-810Y Original Yellow
1T02P3CNL0,Kyocera TK8115C Cyan Toner Cartridge 6k pages - 1T02P3CNL0
1T02P30NL0,Kyocera TK8115K Black Toner Cartridge 12k pages - 1T02P30NL0
1T02P3BNL0,Kyocera TK8115M Magenta Toner Cartridge 6k pages - 1T02P3BNL0
1T02P3ANL0,Kyocera TK8115Y Yellow Toner Cartridge 6k pages - 1T02P3ANL0
1T02FZCEU0,KYOCERA TK-825C Original Cyan
1T02FZ0EU0,KYOCERA TK-825K Toner-Kit Black Original
1T02FZBEU0,KYOCERA TK-825M Original Magenta
1T02LKCNL0,Kyocera TK8305C Cyan Toner Cartridge 15k pages - 1T02LKCNL0
1T02LK0NLC,Kyocera TK8305K Black Toner Cartridge 25k pages - 1T02LK0NLC
1T02LKBNL0,Kyocera TK8305M Magenta Toner Cartridge 15k pages - 1T02LKBNL0
1T02LKANL0,Kyocera TK8305Y Yellow Toner Cartridge 15k pages - 1T02LKANL0
1T02MVCNL0,Kyocera TK8315C Cyan Toner Cartridge 6k pages - 1T02MVCNL0
1T02MV0NL0,Kyocera TK8315K Black Toner Cartridge 12k pages - 1T02MV0NL0
1T02MVBNL0,Kyocera TK8315M Magenta Toner Cartridge 6k pages - 1T02MVBNL0
1T02MVANL0,Kyocera TK8315Y Yellow Toner Cartridge 6k pages - 1T02MVANL0
1T02NP0NL0,KYOCERA TK-8325K Original Black
8041CX52,KYOCERA TK-8325Y Original Yellow
0T2LCBNL,KYOCERA TK-8505M Original Magenta
1T02LCANL0,KYOCERA TK-8505Y Original Yellow
1T02MNCNL0,KYOCERA TK-8600C Original Cyan
1T02MN0NLC,KYOCERA TK-8600K Original Black
TK-8600K,KYOCERA TK-8600K Toner Cartridge Original Black
1T02MNBNL0,KYOCERA TK-8600M Original Magenta
1T02MNANL0,KYOCERA TK-8600Y Original Yellow
1T02K9CNL0,KYOCERA TK-8705C Original Cyan
1T02K9BNL0,KYOCERA TK-8705M Original Magenta
1T05JNCNL0,KYOCERA TK-875C Original Cyan
1T05JN0NL0,KYOCERA TK-875K Original Black
1T02KABNL0,KYOCERA TK-880M Original Magenta
1T02KAANL0,KYOCERA TK-880Y Original yellow
1T02K0CNL0,Kyocera TK895C Cyan Toner Cartridge 6k pages - 1T02K0CNL0
1T02K00NL0,Kyocera TK895K Black Toner Cartridge 12k pages - 1T02K00NL0
1T02K0BNL0,Kyocera TK895M Magenta Toner Cartridge 6k pages - 1T02K0BNL0
1T02K0ANL0,Kyocera TK895Y Yellow Toner Cartridge 6k pages - 1T02K0ANL0
1T02BX0EU0,KYOCERA Toner-Kit TK-17 Original Black
302F993170,KYOCERA Waste Toner Cartridge Box
1902LC0UN0,KYOCERA WT-860 Toner Cartridge collector 25000 pages
10S0150,Lexmark 0010S0150 Original Black Toner Cartridge
12A7400,Lexmark 0012A7400 Original Black
12A7405,Lexmark 0012A7405 Original Black
C5240CH,Lexmark 00C5240CH Original Cyan
C9202YH,Lexmark 00C9202YH Original Yellow
08A0475,Lexmark 08A0475 Toner Cartridge Original Black
08A0476,Lexmark 08A0476 Toner Cartridge Original Black
08A0477,Lexmark 08A0477 Original Black Toner Cartridge
08A0478,Lexmark 08A0478 Original Black Toner Cartridge
C500H2KG,Lexmark 0C500H2KG Original Black
0C544X2KG,"Lexmark 0C544X2CG Black Extra High Yield Toner Cartridge C544, X544 Original"
0C544X2YG,"Lexmark 0C544X2YG C544, X544 Yellow Extra High Yield Toner Cartridge Original"
X560H2CG,Lexmark 0X560H2CG Original Cyan Toner Cartridge
12016SE,Lexmark 12016SE Toner Cartridge Original Black
12A5845,Lexmark 12A5845 Original Black Toner Cartridge
12A6730,Lexmark 12A6730 Toner Cartridge Original Black
12A6735,Lexmark 12A6735 Original Black Toner Cartridge
12A6765,Lexmark 12A6765 Original Black Toner Cartridge
12A6830,Lexmark 12A6830 Toner Cartridge Original Black
12A6839,Lexmark 12A6839 Toner Cartridge Original Black
12A6860,Lexmark 12A6860 Original Black Toner Cartridge
12A6865,Lexmark 12A6865 Original Black Toner Cartridge
12A6869,Lexmark 12A6869 Toner Cartridge Original Black
12A7360,Lexmark 12A7360 Toner Cartridge Original Black
12A7365,Lexmark 12A7365 Original Black Toner Cartridge
12A7410,Lexmark 12A7410 Original Black Toner Cartridge
12A7415,Lexmark 12A7415 Original Black Toner Cartridge
12A7460,Lexmark 12A7460 Toner Cartridge Original Black
12A7462,Lexmark 12A7462 Toner Cartridge Original Black
12A7465,Lexmark 12A7465 Toner Cartridge Original Black
12A7468,Lexmark 12A7468 Toner Cartridge Original Black
12A8302,Lexmark 12A8302 imaging unit Black 30000 pages
12A8320,Lexmark 12A8320 (T430) Original Black Toner Cartridge
12A8325,Lexmark 12A8325 (T430) High Yield Original Black Toner Cartridge
12A8420,Lexmark 12A8420 (T430) Return Program Original Black Toner Cartridge
12B0090,Lexmark 12B0090 Original Black Toner Cartridge
12N0769,Lexmark 12N0769 Original Magenta Toner Cartridge
12N0770,Lexmark 12N0770 Original Yellow Toner Cartridge
12N0771,Lexmark 12N0771 Original Black Toner Cartridge
12S0400,Lexmark 12S0400 Original Black Toner Cartridge
13L0034,Lexmark 13L0034 printer ribbon Black
15G031Y,Lexmark 15G031Y Toner Cartridge Original yellow
15G041C,Lexmark 15G041C Toner Cartridge Original Cyan
15G041K,Lexmark 15G041K Toner Cartridge Original Black
15G041M,Lexmark 15G041M Toner Cartridge Original Magenta
15G041Y,Lexmark 15G041Y Toner Cartridge Original Yellow
15G042C,Lexmark 15G042C Toner Cartridge Original Cyan
15G042K,Lexmark 15G042K Toner Cartridge Original Black
15G042M,Lexmark 15G042M Toner Cartridge Original Magenta
15G042Y,Lexmark 15G042Y Toner Cartridge Original Yellow
20K0502,Lexmark 20K0502 Toner Cartridge Original Yellow
20K0503,Lexmark 20K0503 Toner Cartridge Original Black
20K0504,Lexmark 20K0504 Toner Cartridge Original Black
20K1400,Lexmark 20K1400 Original Cyan Toner Cartridge
20K1401,Lexmark 20K1401 Original Magenta Toner Cartridge
20K1403,Lexmark 20K1403 Original Black Toner Cartridge
24016SE,Lexmark 24016SE Toner Cartridge Original Black
40X2255,Lexmark 40X2255
40X4765,Lexmark 40X4765
40X5401,Lexmark 40X5401
40X7103,Lexmark 40X7103
40X7540,Lexmark 40X7540
40X8421,Lexmark 40X8421 Maintenance Kit
50F2000,Lexmark 502 Original Black Toner Cartridge
50F2H00,Lexmark 502H R Original Black Toner Cartridge
50F2U00,Lexmark 502U Original Black Toner Cartridge
50F2X00,Lexmark 502X R Original Black Toner Cartridge
50F0HA0,Lexmark 50F0HA0 Toner Cartridge Original Black
50F0UA0,Lexmark 50F0UA0 Toner Cartridge Original Black
50F0XA0,Lexmark 50F0XA0 Toner Cartridge Original Black
50F0Z00,Lexmark 50F0Z00 imaging unit 60000 pages
50F0ZA0,Lexmark 50F0ZA0 imaging unit 60000 pages
50F5000,Lexmark 50F5000 Toner Cartridge Original Black
51F2H00,Lexmark 512H Original Black
51B2000,Lexmark 51B2000 Standard Capacity Return Program Toner Cartridge (2500 pages)
51B2H00,"Lexmark 51B2H00 High Capacity Black Toner Cartridge with Return Program (8,500 Yield)"
51B2X00,"Lexmark 51B2X00 Extra High Capacity Black Toner Cartridge with Return Program (20,000 Yield)"
52D2000,Lexmark 522 Original Black
52D2H00,Lexmark 522H Original Black Toner Cartridge
52D0HA0,Lexmark 52D0HA0 Toner Cartridge Original Black
52D0Z00,Lexmark 52D0Z00 imaging unit Black 100000 pages
52D0ZA0,Lexmark 52D0ZA0 imaging unit Black 100000 pages
54G0H00,Lexmark 54G0H00 Toner Cartridge Original Black
54G0P00,Lexmark 54G0P00 Photo Conductor Unit
54G0W00,Lexmark 54G0W00 Waste Toner Cartridge Box
58D0ZA0,Lexmark 58D0ZA0 Toner Cartridge Original Black
58D2000,Lexmark 58D2000 Toner Cartridge Original Black
58D2H00,Lexmark 58D2H00 Toner Cartridge Original Black
60F2000,Lexmark 602 Original Black Toner Cartridge
60F2H00,Lexmark 602H Original Black Toner Cartridge
60F2X00,Lexmark 602X Original Black Toner Cartridge
60F0HA0,Lexmark 60F0HA0 Original Black Toner Cartridge
60F0XA0,Lexmark 60F0XA0 Toner Cartridge Original Black
62D2000,Lexmark 622 R Original Black Toner Cartridge
62D2H00,Lexmark 622H R Original Black Toner Cartridge
62D2X00,Lexmark 622X Original Black Toner Cartridge
62D0HA0,Lexmark 62D0HA0 Toner Cartridge Original Black
62D0XA0,Lexmark 62D0XA0 Toner Cartridge Original Black
64016HE,Lexmark 64016HE Original Black Toner Cartridge
64036HE,Lexmark 64036HE Toner Cartridge Original Black
70C0P00,"Lexmark 700P imaging unit Cyan, Magenta, Yellow 40000 pages"
70C0Z10,Lexmark 700Z1 Printer Drum Original
70C20C0,Lexmark 702C R Original Cyan
70C2HCE,Lexmark 702HC Original Cyan
70C2HC0,Lexmark 702HC R Original Cyan Toner Cartridge
70C2HKE,Lexmark 702HK Original Black
70C2HK0,Lexmark 702HK R Original Black Toner Cartridge
70C2HME,Lexmark 702HM Original Magenta
70C2HM0,Lexmark 702HM R Original Magenta Toner Cartridge
70C2HYE,Lexmark 702HY Original Yellow
70C2HY0,Lexmark 702HY R Original Yellow Toner Cartridge
70C20K0,Lexmark 702K R Original Black
70C20M0,Lexmark 702M R Original Magenta
70C2XC0,Lexmark 702XC R Original Cyan
70C2XK0,Lexmark 702XK R Original Black
70C2XM0,Lexmark 702XM R Original Magenta
70C2XY0,Lexmark 702XY R Original Yellow
70C20Y0,Lexmark 702Y R Original Yellow
70C0D10,Lexmark 70C0D10 developer unit 40000 pages
70C0D20,Lexmark 70C0D20 developer unit 40000 pages
70C0D30,Lexmark 70C0D30 developer unit 40000 pages
70C0D40,Lexmark 70C0D40 developer unit 40000 pages
70C0H10,Lexmark 70C0H10 Toner Cartridge Original Black
70C0H20,Lexmark 70C0H20 Toner Cartridge Original Cyan
70C0H30,Lexmark 70C0H30 Toner Cartridge Original Magenta
70C0H40,Lexmark 70C0H40 Toner Cartridge Original Yellow
70C0X10,Lexmark 70C0X10 Toner Cartridge Original Black
70C0X20,Lexmark 70C0X20 Toner Cartridge Original Cyan
70C0X30,Lexmark 70C0X30 Toner Cartridge Original Magenta
70C0X40,Lexmark 70C0X40 Toner Cartridge Original Yellow
70C0Z50,Lexmark 70C0Z50
71B2HK0,Lexmark 71B2HK0 Toner Cartridge Original Black
72K20C0,Lexmark 72K20C0 Toner Cartridge Original Cyan
72K20K0,Lexmark 72K20K0 Toner Cartridge Original Black
72K20M0,Lexmark 72K20M0 Toner Cartridge Original Magenta
72K20Y0,Lexmark 72K20Y0 Toner Cartridge Original Yellow
72K2XC0,Lexmark 72K2XC0 Toner Cartridge Original Cyan
72K2XK0,Lexmark 72K2XK0 Toner Cartridge Original Black
72K2XM0,Lexmark 72K2XM0 Toner Cartridge Original Magenta
72K2XY0,Lexmark 72K2XY0 Toner Cartridge Original Yellow
74C20C0,Lexmark 74C20C0 Toner Cartridge Original Cyan
74C20K0,Lexmark 74C20K0 Toner Cartridge Original Black
74C20M0,Lexmark 74C20M0 Toner Cartridge Original Magenta
74C20Y0,Lexmark 74C20Y0 Toner Cartridge Original Yellow
74C2HC0,Lexmark 74C2HC0 Toner Cartridge Original Cyan
74C2HK0,Lexmark 74C2HK0 Toner Cartridge Original Black
74C2HM0,Lexmark 74C2HM0 Toner Cartridge Original Magenta
74C2HY0,Lexmark 74C2HY0 Toner Cartridge Original Yellow
74C2SC0,Lexmark 74C2SC0 Toner Cartridge Original Cyan
74C2SK0,Lexmark 74C2SK0 Toner Cartridge Original Black
74C2SM0,Lexmark 74C2SM0 Toner Cartridge Original Magenta
74C2SY0,Lexmark 74C2SY0 Toner Cartridge Original Yellow
78C0W00,LEXMARK 78C0W00 Waste Toner Cartridge Bottle
80C20C0,Lexmark 802C Original Cyan
80C2HC0,Lexmark 802HC Original Cyan
80C2HK0,Lexmark 802HK Original Black
80C2HM0,Lexmark 802HM Original Magenta
80C2HY0,Lexmark 802HY Original Yellow
80C20K0,Lexmark 802K Original Black
80C20M0,Lexmark 802M Original Magenta
80C2SC0,Lexmark 802SC Original Cyan
80C2SK0,Lexmark 802SK Original Black
80C2SM0,Lexmark 802SM Original Magenta
80C2SY0,Lexmark 802SY Original Yellow
80C2XC0,Lexmark 802XC Original Cyan
80C2XK0,Lexmark 802XK Original Black
80C2XM0,Lexmark 802XM Original Magenta
80C2XY0,Lexmark 802XY Original Yellow
80C20Y0,Lexmark 802Y Original Yellow
80C0H20,Lexmark 80C0H20 Toner Cartridge Original Cyan
80C0H30,Lexmark 80C0H30 Toner Cartridge Original Magenta
80C0H40,Lexmark 80C0H40 Toner Cartridge Original Yellow
80C0S10,Lexmark 80C0S10 Toner Cartridge Original Black
80C0S20,Lexmark 80C0S20 Toner Cartridge Original Cyan
80C0S30,Lexmark 80C0S30 Toner Cartridge Original Magenta
80C0S40,Lexmark 80C0S40 Toner Cartridge Original Yellow
80C0X10,Lexmark 80C0X10 Toner Cartridge Original Black
80C0X20,Lexmark 80C0X20 Toner Cartridge Original Cyan
80C0X30,Lexmark 80C0X30 Toner Cartridge Original Magenta
80C0X40,Lexmark 80C0X40 Toner Cartridge Original Yellow
80C2SCE,Lexmark 80C2SCE Toner Cartridge Original Cyan
80C2SKE,Lexmark 80C2SKE Toner Cartridge Original Black
80C2SME,Lexmark 80C2SME Toner Cartridge Original Magenta
80C2SYE,Lexmark 80C2SYE Toner Cartridge Original Yellow
82K2HC0,Lexmark 82K2HC0 Toner Cartridge Original Cyan
82K2HM0,Lexmark 82K2HM0 Toner Cartridge Original Magenta
82K2HY0,Lexmark 82K2HY0 Toner Cartridge Original Yellow
82K2UC0,Lexmark 82K2UC0 Toner Cartridge Original Cyan
82K2UK0,Lexmark 82K2UK0 Toner Cartridge Original Black
82K2UM0,Lexmark 82K2UM0 Toner Cartridge Original Magenta
82K2XC0,Lexmark 82K2XC0 Toner Cartridge Original Cyan
82K2XM0,Lexmark 82K2XM0 Toner Cartridge Original Magenta
82K2XY0,Lexmark 82K2XY0 Toner Cartridge Original Yellow
84C2HC0,Lexmark 84C2HC0 Toner Cartridge Original Cyan
84C2HK0,Lexmark 84C2HK0 Toner Cartridge Original Black
84C2HM0,Lexmark 84C2HM0 Toner Cartridge Original Magenta
84C2HY0,Lexmark 84C2HY0 Toner Cartridge Original Yellow
B222H00,Lexmark B222H00 Original Extra High Yield Black Toner Cartridge (3000 Pages)
B222X00,Lexmark B222X00 Original Extra High Capacity Black Toner Cartridge - Return Program
C7702KH,Lexmark Black High Yield Print Cartridge for C770/C772 Original
C7700KH,Lexmark Black High Yield Return Program Print Cartridge for C770/C772 Original
C5242KH,Lexmark Black High Yield Toner Cartridge for C524 Original
C7702KS,Lexmark Black Print Cartridge for C770/C772 Original
C7700KS,Lexmark Black Return Program Print Cartridge for C770/C772 Original
B282000,Lexmark Black Return Program Toner Cartridge pages - LEB282000
C3220K0,Lexmark Black Toner Cartridge 1.5K pages - LEC3220K0
B252X00,Lexmark Black Toner Cartridge 10K pages - LEB252X00
53B2000,Lexmark Black Toner Cartridge 11K pages - LE53B2000
75B20K0,Lexmark Black Toner Cartridge 13K pages - LE75B20K0
B262U00,Lexmark Black Toner Cartridge 15K pages - LEB262U00
B282H00,Lexmark Black Toner Cartridge 15K pages - LEB282H00
56F2X00,Lexmark Black Toner Cartridge 20K pages - LE56F2X00
53B2H00,Lexmark Black Toner Cartridge 25K pages - LE53B2H00
71B20K0,Lexmark Black Toner Cartridge 3K pages - LE71B20K0
B232000,Lexmark Black Toner Cartridge 3K pages - LEB232000
53B2X00,Lexmark Black Toner Cartridge 45K pages - LE53B2X00
B242H00,Lexmark Black Toner Cartridge 6K pages - LEB242H00
C242XK0,Lexmark Black Toner Cartridge 6K pages - LEC242XK0
71B2XK0,Lexmark Black Toner Cartridge 8K pages - LE71B2XK0
C5222KS,Lexmark Black Toner Cartridge for C52x Original
C9202KH,Lexmark Black Toner Cartridge Kit for C920 Original
C2320C0,Lexmark C2320C0 Toner Cartridge Original Cyan
C2320K0,Lexmark C2320K0 Toner Cartridge Original Black
C2320M0,Lexmark C2320M0 Toner Cartridge Original Magenta
C2320Y0,Lexmark C2320Y0 Toner Cartridge Original Yellow
C232HC0,Lexmark C232HC0 High Yield Cyan Toner Cartridge
C232HK0,Lexmark C232HK0 High Yield Black Toner Cartridge
C232HM0,Lexmark C232HM0 Magenta High Capacity Toner Cartridge (Original)
C232HY0,Lexmark C232HY0 Yellow High Capacity Toner Cartridge (Original)
C332HPACK,Lexmark C332H BK/C/M/Y Toner Cartridge High Capacity Multipack (Original)
C332HC0,Lexmark C332HC0 Cyan Toner Cartridge High Capacity Cartridge (Original)
C332HK0,Lexmark C332HK0 Black Toner Cartridge High Capacity Cartridge (Original)
C332HM0,Lexmark C332HM0 Magenta Toner Cartridge High Capacity Cartridge (Original)
C332HY0,Lexmark C332HY0 Yellow Toner Cartridge High Capacity Cartridge (Original)
C500S2YG,Lexmark C500 Yellow Toner Cartridge (1.5K) Original
C500S2MG,"Lexmark C500, X500, X502 Magenta Toner Cartridge (1.5K) Original"
C500X27G,"Lexmark C500, X500, X502 Waste Toner Cartridge Bottle Original"
C500H2CG,Lexmark C500H2CG Toner Cartridge Original Cyan
C500H2MG,Lexmark C500H2MG Toner Cartridge Original Magenta
C500H2YG,Lexmark C500H2YG Toner Cartridge Original Yellow
C500S2CG,Lexmark C500S2CG Toner Cartridge Original Cyan
C500S2KG,Lexmark C500S2KG Toner Cartridge Original Black
C500X26G,Lexmark C500X26G developer unit 120000 pages
C500X29G,Lexmark C500X29G
20K0500,Lexmark C510 Cyan Toner Cartridge Original
20K0501,Lexmark C510 Magenta Toner Cartridge Original
20K1402,Lexmark C510 Yellow High Yield Original Toner Cartridge
C5200CS,Lexmark C5200CS Toner Cartridge Original Cyan
C5200KS,Lexmark C5200KS Toner Cartridge Original Black
C5200MS,Lexmark C5200MS Toner Cartridge Original Magenta
C5200YS,Lexmark C5200YS Toner Cartridge Original Yellow
C5202CS,Lexmark C5202CS Toner Cartridge Original Cyan
C5202KS,Lexmark C5202KS Toner Cartridge Original Black
C5202MS,Lexmark C5202MS Toner Cartridge Original Magenta
C5202YS,Lexmark C5202YS Toner Cartridge Original yellow
C5220CS,Lexmark C5220CS Toner Cartridge Original Cyan
C5220KS,Lexmark C5220KS Toner Cartridge Original Black
C5220YS,Lexmark C5220YS Toner Cartridge Original Yellow
C5220MS,Lexmark C522A3MG Toner Cartridge Original Magenta
C5240KH,Lexmark C5240KH Toner Cartridge Original Black
C5240MH,Lexmark C5240MH Toner Cartridge Original magenta
C5240YH,"Lexmark C5240YH Toner Cartridge Original Cyan,Yellow"
C53030X,"Lexmark C52x, C53x Photoconductor Unit 1-Pack developer unit"
C53034X,"Lexmark C52x, C53x Photoconductor Unit 4-Pack"
C52025X,"Lexmark C52x, C53x Waste Toner Cartridge Box"
C5340CX,Lexmark C5340CX Toner Cartridge Original Cyan
C5340MX,Lexmark C5340MX Toner Cartridge Original Magenta
C5340YX,Lexmark C5340YX Toner Cartridge Original yellow
C5342CX,Lexmark C5342CX Toner Cartridge Original Cyan
C5342MX,Lexmark C5342MX Toner Cartridge Original magenta
C5342YX,Lexmark C5342YX Toner Cartridge Original Yellow
C540A1MG,Lexmark C540A1MG Toner Cartridge Original Magenta
C540A1YG,Lexmark C540A1YG Toner Cartridge Original yellow
C540H1CG,Lexmark C540H1CG Toner Cartridge Original Cyan
C540H1KG,Lexmark C540H1KG Toner Cartridge Original Black
C540H1MG,Lexmark C540H1MG Toner Cartridge Original Magenta
C540H1YG,Lexmark C540H1YG Toner Cartridge Original Yellow
C540X74G,"Lexmark C540X74G Toner Cartridge Original black,Cyan,magenta,yellow"
C540X75G,Lexmark C540X75G Toner Cartridge collector 36000 pages
C544X1CG,"Lexmark C544, X544 Cyan Extra High Yield Return Program Toner Cartridge"
C544X1YG,"Lexmark C544, X544 Yellow Extra High Yield Return Programme Toner Cartridge (4K) Original"
C544X1KG,Lexmark C544X1KG Original Black Toner Cartridge
C544X1MG,Lexmark C544X1MG Toner Cartridge Original magenta
C544X2CG,Lexmark C544X2CG Toner Cartridge Original Cyan
C544X2KG,Lexmark C544X2KG Toner Cartridge Original Black
C544X2YG,Lexmark C544X2YG Toner Cartridge Original yellow
C546U1KG,Lexmark C546U1KG Toner Cartridge Original Black
C546U2KG,Lexmark C546U2 Original Black
C540X71G,"Lexmark C54x, X54x Black Imaging Kit (30K)"
C540A1KG,"Lexmark C54x, X54x Black Return Programme Toner Cartridge (1K) Original"
C540A1CG,"Lexmark C54x, X54x Cyan Return Programme Toner Cartridge (1K) Original"
C734A1YG,"Lexmark C734, C736, X734, X736, X738 Yellow Return Program Toner Cartridge"
C734A1CG,Lexmark C734A1CG Original Cyan Toner Cartridge
C734A1KG,Lexmark C734A1KG Original Black Toner Cartridge
C734A1MG,Lexmark C734A1MG Original Magenta Toner Cartridge
C734X20G,Lexmark C734X20G imaging unit 20000 pages
C734X24G,Lexmark C734X24G imaging unit 20000 pages
C734X77G,Lexmark C734X77G developer unit 25000 pages
0C736H1CG,Lexmark C736H1CG Original Cyan
C736H1CG,Lexmark C736H1CG Toner Cartridge Original Cyan
C736H1KG,Lexmark C736H1KG Toner Cartridge Original Black
C736H1MG,Lexmark C736H1MG Toner Cartridge Original magenta
0C736H1YG,Lexmark C736H1YG Original Yellow
C736H1YG,Lexmark C736H1YG Toner Cartridge Original Yellow
C746A1MG,Lexmark C746A1MG Toner Cartridge Original Magenta
C746A1YG,Lexmark C746A1YG Toner Cartridge Original Yellow
C746A2CG,Lexmark C746A2CG Toner Cartridge Original Cyan
C746A2MG,Lexmark C746A2MG Toner Cartridge Original Magenta
C746A2YG,Lexmark C746A2YG Toner Cartridge Original Yellow
C746A1CG,Lexmark C746A3CG Toner Cartridge Original Cyan
C746H1KG,Lexmark C746H1KG Toner Cartridge Original Black
C746H2KG,Lexmark C746H2KG Toner Cartridge Original Black
C748H1CG,Lexmark C748H1CG Toner Cartridge Original Cyan
C748H1MG,Lexmark C748H1MG Toner Cartridge Original magenta
C748H1YG,Lexmark C748H1YG Toner Cartridge Original Yellow
C748H2CG,Lexmark C748H2CG Toner Cartridge Original Cyan
C748H2MG,Lexmark C748H2MG Toner Cartridge Original Magenta
C748H2YG,Lexmark C748H2YG Toner Cartridge Original Yellow
C780H1CG,"Lexmark C780, C782 Cyan High Yield Return Program Original Toner Cartridge"
C780H1MG,"Lexmark C780, C782 Magenta High Yield Return Program Original Toner Cartridge"
C780A1CG,Lexmark C780A1CG Toner Cartridge Original Cyan
C780A1KG,Lexmark C780A1KG Toner Cartridge Original Black
C780A1MG,Lexmark C780A1MG Toner Cartridge Original Magenta
C780A1YG,Lexmark C780A1YG Toner Cartridge Original yellow
C780A2CG,Lexmark C780A2CG Toner Cartridge Original Cyan
C780A2KG,Lexmark C780A2KG Toner Cartridge Original Black
C780A2MG,Lexmark C780A2MG Toner Cartridge Original Magenta
C780A2YG,Lexmark C780A2YG Toner Cartridge Original Yellow
C780H1KG,Lexmark C780H1KG Original Black Toner Cartridge
C780H1YG,Lexmark C780H1YG Original Yellow Toner Cartridge
C780H2CG,Lexmark C780H2CG Toner Cartridge Original Cyan
C780H2KG,Lexmark C780H2KG Toner Cartridge Original Black
C780H2MG,Lexmark C780H2MG Toner Cartridge Original Magenta
C780H2YG,Lexmark C780H2YG Toner Cartridge Original yellow
C782X1CG,Lexmark C782X1CG Toner Cartridge Original Cyan
C782X1KG,Lexmark C782X1KG Toner Cartridge Original Black
C782X1MG,Lexmark C782X1MG Toner Cartridge Original Magenta
C782X1YG,Lexmark C782X1YG Toner Cartridge Original Yellow
C782X2CG,Lexmark C782X2CG Toner Cartridge Original Cyan
C782X2KG,Lexmark C782X2KG Toner Cartridge Original Black
C782X2MG,Lexmark C782X2MG Toner Cartridge Original Magenta
C782X2YG,Lexmark C782X2YG Toner Cartridge Original Yellow
C792X2CG,Lexmark C792 Original Cyan
C792A1CG,Lexmark C792A1CG Original Cyan Toner Cartridge
C792A1KG,Lexmark C792A1KG Original Black Toner Cartridge
C792A1MG,Lexmark C792A1MG Original magenta Toner Cartridge
C792A1YG,Lexmark C792A1YG Original Yellow Toner Cartridge
C792X1CG,Lexmark C792X1CG Original Cyan Toner Cartridge
C792X1KG,Lexmark C792X1KG Original Black Toner Cartridge
C792X1MG,Lexmark C792X1MG Original Magenta Toner Cartridge
C792X1YG,Lexmark C792X1YG Original Yellow Toner Cartridge
C792X2KG,Lexmark C792X2KG Toner Cartridge Original Black
C792X2MG,Lexmark C792X2MG Toner Cartridge Original Magenta
C792X2YG,Lexmark C792X2YG Toner Cartridge Original Yellow
C792X77G,Lexmark C792X77G Toner Cartridge collector
12N0768,"Lexmark C910, C912 Cyan (14K) Original Toner Cartridge"
C925H2CG,Lexmark C925H2CG Original Cyan Toner Cartridge
C925H2KG,Lexmark C925H2KG Original Black Toner Cartridge
C925H2MG,Lexmark C925H2MG Original Magenta Toner Cartridge
C925H2YG,Lexmark C925H2YG Original Yellow Toner Cartridge
C925X72G,Lexmark C925X72G Black Imaging Unit
C925X73G,Lexmark C925X73G Cyan Imaging Unit
C925X74G,Lexmark C925X74G Toner Cartridge Magenta Imaging Unit
C925X75G,Lexmark C925X75G Yellow Imaging Unit
C925X76G,Lexmark C925X76G Toner Cartridge collector 30000 pages
C930H2CG,Lexmark C930H2CG Toner Cartridge Original Cyan
C930H2KG,Lexmark C930H2KG Toner Cartridge Original Black
C930H2MG,Lexmark C930H2MG Toner Cartridge Original magenta
C930H2YG,Lexmark C930H2YG Toner Cartridge Original Yellow
C930X72G,Lexmark C930X72G imaging unit Black 53000 pages
C930X73G,"Lexmark C930X73G imaging unit Cyan, Magenta, Yellow 47000 pages"
C930X76G,Lexmark C930X76G Toner Cartridge collector 30000 pages
C950X2CG,Lexmark C950X2CG Original Cyan Toner Cartridge
C950X2KG,Lexmark C950X2KG Original Black Toner Cartridge
C950X2MG,Lexmark C950X2MG Original Magenta Toner Cartridge
C950X2YG,Lexmark C950X2YG Original Yellow Toner Cartridge
C950X71G,Lexmark C950X71G imaging unit Black 115000 pages
C950X73G,Lexmark C950X73G imaging unit 115000 pages
C950X76G,Lexmark C950X76G Toner Cartridge collector 30000 pages
74C0ZK0,"Lexmark CS72x, CX725 imaging unit Black 150000 pages"
74C0Z50,"Lexmark CS72x, CX725 imaging unit Black, Cyan, Magenta, Yellow 150000 pages"
74C0ZV0,"Lexmark CS72x, CX725 imaging unit Black,Cyan,Magenta,Yellow 150000 pages"
74C0W00,"Lexmark CS72x, CX725 Toner Cartridge collector 90000 pages"
72K0FK0,Lexmark CS820 Original 72K0FK0
72K0FV0,Lexmark CS820 Original 72K0FV0
72K0Q00,Lexmark CS820 Original 72K0Q00
72K0DM0,"Lexmark CS820, CX8xx developer unit 300000 pages"
72K0P00,"Lexmark CS820, CX8xx imaging unit 175000 pages"
72K0W00,"Lexmark CS820, CX8xx Toner Cartridge collector 115000 pages"
82K2UY0,Lexmark CX860 Original Yellow
C7702CH,Lexmark Cyan High Yield Print Cartridge for C770/C772 Original
C7700CH,Lexmark Cyan High Yield Return Program Print Cartridge for C770/772 Original
C5242CH,Lexmark Cyan High Yield Toner Cartridge for C524 Original
C7702CS,Lexmark Cyan Print Cartridge for C770/C772
C7700CS,Lexmark Cyan Return Program Print Cartridge for C770/C772 Original
C3220C0,Lexmark Cyan Toner Cartridge 1.5K pages - LEC3220C0
75B20C0,Lexmark Cyan Toner Cartridge 10K pages - LE75B20C0
71B20C0,Lexmark Cyan Toner Cartridge 2.3K pages - LE71B20C0
71B2HC0,Lexmark Cyan Toner Cartridge 3.5K pages - LE71B2HC0
C242XC0,Lexmark Cyan Toner Cartridge 3.5K pages - LEC242XC0
C5222CS,Lexmark Cyan Toner Cartridge for C52x Original
C9202CH,Lexmark Cyan Toner Cartridge for C920 Original
12S0300,Lexmark E220 Original Black Toner Cartridge
12A8400,"Lexmark E232, E330, E332 Return Program Original Black Toner Cartridge"
23800SW,Lexmark E238 Return Program Toner Cartridge Original Black
23820SW,Lexmark E238 Toner Cartridge Original Black
E250A21E,"Lexmark E250, E35x Original Black"
E250X22G,"Lexmark E250, E35X, E450 30K Photoconductor Kit imaging unit Black 30000 pages"
E250A11E,Lexmark E250A11E Toner Cartridge Original Black
E260A11E,Lexmark E260A11E Toner Cartridge Original Black
E260X22G,Lexmark E260X22G imaging unit 30000 pages
12A7305,"Lexmark E321, E323 High Yield Print Cartridge Original Black"
12A7300,"Lexmark E321, E323 Original Black Toner Cartridge"
12A8405,"Lexmark E330, E332 High Yield Return Program Original Black Toner Cartridge"
E352H11E,Lexmark E352H11E Original Black Toner Cartridge
E352H21E,Lexmark E352H21E Original Black Toner Cartridge
E360H11E,Lexmark E360H11E Cartridge Black Original
E360H21E,Lexmark E360H21E Toner Cartridge Original Black
E450A11E,Lexmark E450 Original Black Toner Cartridge
E450A21E,Lexmark E450A21E Original Black Toner Cartridge
E450H11E,Lexmark E450H11E Toner Cartridge Original Black
E450H21E,Lexmark E450H21E Toner Cartridge Original Black
E460X11E,Lexmark E460X11E Toner Cartridge Original Black
E460X21E,Lexmark E460X21E Original Black Toner Cartridge
E462U21G,Lexmark E462 Original Black
E462U11E,Lexmark E462U11E Toner Cartridge Original Black
64436XE,"Lexmark Extra High Yield Cartridge, T644 Original Black"
B282X00,Lexmark Extra High Yield Return Program Toner Cartridge 30k pages - LEB282X00
12036SE,Lexmark for E120n Original Black Toner Cartridge
B342H00,Lexmark High Yield Return Program Toner Cartridge Black 3k pages - LEB342H00
64004HE,"Lexmark High Yield Return Programme Cartridge, T64x Original Black"
W84020H,Lexmark High Yield Toner Cartridge for W840 Original Black
C7702MH,Lexmark Magenta High Yield Print Cartridge for C770/C772 Original
C7700MH,Lexmark Magenta High Yield Return Program Print Cartridge for C770/C772 Original
C5242MH,Lexmark Magenta High Yield Toner Cartridge for C524 Original
C7702MS,Lexmark Magenta Print Cartridge for C770/C772 Original
C7700MS,Lexmark Magenta Return Program Print Cartridge for C770/C772 Original
C3220M0,Lexmark Magenta Toner Cartridge 1.5K pages - LEC3220M0
75B20M0,Lexmark Magenta Toner Cartridge 10K pages - LE75B20M0
71B20M0,Lexmark Magenta Toner Cartridge 2.3K pages - LE71B20M0
71B2HM0,Lexmark Magenta Toner Cartridge 3.5K pages - LE71B2HM0
C242XM0,Lexmark Magenta Toner Cartridge 3.5K pages - LEC242XM0
C5222MS,Lexmark Magenta Toner Cartridge for C52x Original
C9202MH,Lexmark Magenta Toner Cartridge for C920 Original
13T0101,Lexmark Optra E310/E312 Original Black Toner Cartridge
4K00199,Lexmark Optra M410 10K PrintCartridge Original Black
12A8300,Lexmark PAGES Original Black Toner Cartridge
12026XW,Lexmark Photoconductor Kit for E120 imaging unit Black 25000 pages
X340H22G,Lexmark Photoconductor Kit for X342 imaging unit Black 30000 pages
C540X35G,Lexmark Photoconductor Unit imaging unit 30000 pages
B222000,"Lexmark Return Program B222000 (Yield: 1,200 Pages) Black Toner Cartridge"
B342000,Lexmark Return Program Toner Cartridge 1.5k pages - LEB342000
40X0101,Lexmark SP/LE Maintenance Kit Optra T640/642/644
24036SE,Lexmark Standard Cartridge for E232 / E33x / E240 / E34x Original Black
12A7310,Lexmark T420 (5K) Original Black Toner Cartridge
12A7315,"Lexmark T420 High Yield, Original Black Toner Cartridge"
12A8425,Lexmark T430 Original Black Toner Cartridge
12A6835,Lexmark T52X High Yield Return Program (20K) Original Black Toner Cartridge
12A7469,"Lexmark T632, T634 Extra High Yield Return Program Print Cartridge for Label Applications Original"
64416XE,Lexmark T64x Extra High Yield Return Programme Cartridge Original Black
64036SE,Lexmark T64x Original Black Toner Cartridge
64016SE,Lexmark T64x Return Programme Cartridge Original Black Toner Cartridge
T650A11E,Lexmark T650A11E Toner Cartridge Original Black
T650A21E,Lexmark T650A21E Toner Cartridge Original Black
T650H04E,Lexmark T650H04E Toner Cartridge Original Black
T650H11E,Lexmark T650H11E Toner Cartridge Original Black
T650H21E,Lexmark T650H21E Toner Cartridge Original Black
T654X11E,Lexmark T654 Extra High Yield Return Program Print Cartridge Original Black
T654X04E,Lexmark T654X04E Toner Cartridge Original Black
T654X21E,Lexmark T654X21E Toner Cartridge Original Black
34036HE,Lexmark Toner Cartridge for E33/E34 series Original Black
0C544X2CG,Lexmark Toner Cartridge f C544 X544 Cyan Original
40X6401,Lexmark Transfer Belt Maintenance Kit
C252UK0,Lexmark ULTRA Return Program Toner Cartridge 8k pages - LEC252UK0
14K0050,Lexmark W812 Print Cartridge Original Black
W850H21G,Lexmark W850H21G Toner Cartridge Original Black
W850H22G,Lexmark W850H22G imaging unit Black 60000 pages
X203A11G,Lexmark X203A11G Toner Cartridge Original Black
X203H22G,Lexmark X203H22G imaging unit 25000 pages
X264A11G,Lexmark X264A11G Toner Cartridge Original Black
X264A21G,Lexmark X264A21G Toner Cartridge Original Black
X264H11G,Lexmark X264H11G Toner Cartridge Original Black
X264H21G,Lexmark X264H21G Toner Cartridge Original Black
X340A21G,"Lexmark X340, X342 Original Black Toner Cartridge"
X340A11G,Lexmark X340A11G Original Black Toner Cartridge
X340H21G,Lexmark X340H21G Original Black Toner Cartridge
X340H11G,Lexmark X342 High Yield Return Program Original Black Toner Cartridge
12A3715,Lexmark X422 High Yield Print Cartridge Original Black
12A4715,Lexmark X422 High Yield Return Program Print Cartridge Original Black
12A3710,Lexmark X422 Print Cartridge Original Black
12A4710,Lexmark X422 Return Program Print Cartridge Original Black
X463H11G,"Lexmark X463, X464, X466 High Yield Return Program Toner Cartridge Original Black"
X463A11G,Lexmark X463A11G Toner Cartridge Original Black
X463A21G,Lexmark X463A21G Original Black
X463H21G,Lexmark X463H21G Original Black Toner Cartridge
X463X11G,Lexmark X463X11G Toner Cartridge Original Black
X463X21G,Lexmark X463X21G Original Black Toner Cartridge
X560A2CG,Lexmark X560A2CG Toner Cartridge Original Cyan
X560A2MG,Lexmark X560A2MG Toner Cartridge Original Magenta
X560A2YG,Lexmark X560A2YG Toner Cartridge Original yellow
X560H2KG,Lexmark X560H2KG Original Black Toner Cartridge
X560H2MG,Lexmark X560H2MG Magenta Laser Original Toner Cartridge
X560H2YG,Lexmark X560H2YG Original yellow Toner Cartridge
X642H31E,Lexmark X642e/X644e/X646e Cartridge Original Black
X644A11E,Lexmark X644A11E Toner Cartridge Original Black
X644A21E,Lexmark X644A21E Toner Cartridge Original Black
X644H11E,Lexmark X644H11E Toner Cartridge Original Black
X644H21E,Lexmark X644H21E Toner Cartridge Original Black
0X644X11E,Lexmark X644X11E Original Black
X644X21E,Lexmark X644X21E Original Black Toner Cartridge
X651A11E,Lexmark X651A11E Toner Cartridge Original Black
X651H21E,Lexmark X651H21E Original Black Toner Cartridge
X654X04E,Lexmark X654X04E Original Black
X654X11E,Lexmark X654X11E Toner Cartridge Original Black
X654X21E,Lexmark X654X21E Toner Cartridge Original Black
X651H11E,Lexmark X65x High Yield Return Program Original Black Toner Cartridge
X746A1CG,Lexmark X746A1CG Toner Cartridge Original Cyan
X746A1MG,Lexmark X746A1MG Toner Cartridge Original Magenta
X746A1YG,Lexmark X746A1YG Toner Cartridge Original Yellow
X746A2CG,Lexmark X746A2CG Toner Cartridge Original Cyan
X746A2MG,Lexmark X746A2MG Toner Cartridge Original Magenta
X746A2YG,Lexmark X746A2YG Toner Cartridge Original Yellow
X746H1KG,Lexmark X746H1KG Toner Cartridge Original Black
X746H2KG,Lexmark X746H2KG Toner Cartridge Original Black
X748H1CG,Lexmark X748H1CG Toner Cartridge Original Cyan
X748H1MG,Lexmark X748H1MG Toner Cartridge Original Magenta
X748H1YG,Lexmark X748H1YG Toner Cartridge Original Yellow
X748H2CG,Lexmark X748H2CG Toner Cartridge Original Cyan
X748H2MG,Lexmark X748H2MG Toner Cartridge Original magenta
X748H2YG,Lexmark X748H2YG Toner Cartridge Original Yellow
X792X2KG,Lexmark X792 Black Original
X792X2MG,Lexmark X792 Magenta Original
X792X2CG,Lexmark X792 Original Cyan
X792X2YG,Lexmark X792 Yellow Original
X792X1CG,Lexmark X792X1CG Toner Cartridge Original Cyan
X792X1KG,Lexmark X792X1KG Toner Cartridge Original Black
X792X1MG,Lexmark X792X1MG Toner Cartridge Original magenta
X792X1YG,Lexmark X792X1YG Toner Cartridge Original yellow
X850H21G,Lexmark X850H21G Toner Cartridge Original Black
X860H21G,Lexmark X860H21G Toner Cartridge Original Black
X860H22G,Lexmark X860H22G imaging unit Black 70000 pages
X925H2CG,Lexmark X925H2CG Toner Cartridge Original Cyan
X925H2KG,Lexmark X925H2KG Toner Cartridge Original Black
X925H2MG,Lexmark X925H2MG Toner Cartridge Original Magenta
X925H2YG,Lexmark X925H2YG Toner Cartridge Original Yellow
X945X2CG,Lexmark X945X2CG Toner Cartridge Original Cyan
X945X2KG,Lexmark X945X2KG Toner Cartridge Original Black
X945X2MG,Lexmark X945X2MG Toner Cartridge Original magenta
X945X2YG,Lexmark X945X2YG Toner Cartridge Original Yellow
X950X2CG,Lexmark X950X2CG Toner Cartridge Original Cyan
X950X2KG,Lexmark X950X2KG Toner Cartridge Original Black test
X950X2MG,Lexmark X950X2MG Toner Cartridge Original Magenta
X950X2YG,Lexmark X950X2YG Toner Cartridge Original Yellow
C7702YH,Lexmark Yellow High Yield Print Cartridge for C770/C772 Original
C7700YH,Lexmark Yellow High Yield Return Program Print Cartridge for C770/C772 Original
C5242YH,Lexmark Yellow High Yield Toner Cartridge for C524 Original
C7702YS,Lexmark Yellow Print Cartridge for C770/C772 Original
C7700YS,Lexmark Yellow Return Program Print Cartridge for C770/C772 Original
C3220Y0,Lexmark Yellow Toner Cartridge 1.5K pages - LEC3220Y0
75B20Y0,Lexmark Yellow Toner Cartridge 10K pages - LE75B20Y0
71B20Y0,Lexmark Yellow Toner Cartridge 2.3K pages - LE71B20Y0
71B2HY0,Lexmark Yellow Toner Cartridge 3.5K pages - LE71B2HY0
C242XY0,Lexmark Yellow Toner Cartridge 3.5K pages - LEC242XY0
C5222YS,Lexmark Yellow Toner Cartridge for C52x Original
34147GP X2,Navigator Ecological Paper 75gsm A4 Box of 10 reams (34147GP X2)
34154GP X2,Navigator Universal Paper 80gsm A4 Box of 10 reams (34154GP X2)
NAVA4X5,Navigator Universal Paper 80gsm A4 Box of 5 reams (34154GP)
NAVA4X2,Navigator Universal Paper 80gsm A4 Pack of 2 reams
NAVUNIA3,Navigator Universal Paper Multifunctional 80gsm A3 (NAVUNIA3)
1240001,OKI 01240001 Toner Cartridge Original Black
9002303,Oki 09002303 Ribbon Black 182/192/320 3M Char Original
9002308,Oki 09002308 Ribbon Black 3410 10M Char Original
9002311,Oki 09002311 Ribbon Black 393/395 5M Char Original
1008201,OKI 1008201 Printer Drum Original
1074705,OKI 1074705 Toner Cartridge Original Black
40107101,Oki 40107101 Ribbon Colour 590 591 Original
40629303,OKI 40629303 printer ribbon Black
41304110,OKI 41304110 Printer Drum Original
41304211,OKI 41304211 Original Cyan Toner Cartridge
41515210,OKI 41515210 Original Magenta Toner Cartridge
41515212,OKI 41515212 Original Black Toner Cartridge
41963005,OKI 41963005 Original yellow Toner Cartridge
41963006,OKI 41963006 Original Magenta Toner Cartridge
41963008,OKI 41963008 Original Black Toner Cartridge
41963606,OKI 41963606 Original Magenta Toner Cartridge
41963608,OKI 41963608 Original Black Toner Cartridge
42127405,OKI 42127405 Original Yellow Toner Cartridge
42127406,OKI 42127406 Original Magenta Toner Cartridge
42127407,OKI 42127407 Original Cyan Toner Cartridge
42127408,OKI 42127408 Original Black Toner Cartridge
42127454,OKI 42127454 Toner Cartridge Original Yellow
42127455,OKI 42127455 Toner Cartridge Original Magenta
42127456,OKI 42127456 Toner Cartridge Original Cyan
42127457,OKI 42127457 Toner Cartridge Original Black
42403006,"OKI 42403006 Toner Cartridge Original Black,Cyan,Magenta,Yellow 4 pc(s)"
42804505,OKI 42804505 Toner Cartridge Original Yellow
42804506,OKI 42804506 Toner Cartridge Original Magenta
42804507,OKI 42804507 Toner Cartridge Original Cyan
42804513,OKI 42804513 Original Yellow Toner Cartridge
42804514,OKI 42804514 Original Magenta Toner Cartridge
42804515,OKI 42804515 Original Cyan Toner Cartridge
42804516,OKI 42804516 Original Black Toner Cartridge
42804537,OKI 42804537 Toner Cartridge Original Yellow
42804538,OKI 42804538 Toner Cartridge Original Magenta
42804539,OKI 42804539 Toner Cartridge Original Cyan
42804540,OKI 42804540 Toner Cartridge Original Black
42804545,OKI 42804545 Toner Cartridge Original Yellow
42804546,OKI 42804546 Toner Cartridge Original Magenta
42804547,OKI 42804547 Toner Cartridge Original Cyan
42804548,OKI 42804548 Toner Cartridge Original Black
42869403,OKI 42869403 Toner Cartridge collector 30000 pages
42918105,OKI 42918105 Printer Drum Original
42918107,OKI 42918107 Printer Drum Original
42918108,OKI 42918108 Printer Drum Original
42918913,OKI 42918913 Original Yellow Toner Cartridge
42918914,OKI 42918914 Original Magenta Toner Cartridge
42918915,OKI 42918915 Original Cyan Toner Cartridge
42918916,OKI 42918916 Original Black Toner Cartridge
43034805,OKI 43034805 Toner Cartridge Original Yellow
43034806,OKI 43034806 Toner Cartridge Original magenta
43034807,OKI 43034807 Toner Cartridge Original Cyan
43034808,OKI 43034808 Toner Cartridge Original Black
43324408,OKI 43324408 Original Black Toner Cartridge
43324421,OKI 43324421 Original yellow Toner Cartridge
43324422,OKI 43324422 Original magenta Toner Cartridge
43324423,OKI 43324423 Original Cyan Toner Cartridge
43324424,OKI 43324424 Original Black Toner Cartridge
43381705,OKI 43381705 Printer Drum Original
43381706,OKI 43381706 Printer Drum Original 20000 pages
43381707,OKI 43381707 Printer Drum Original
43381708,OKI 43381708 Printer Drum Original 20000 pages
43381721,OKI 43381721 Printer Drum Original 20000 pages
43381722,OKI 43381722 Printer Drum Original 20000 pages
43381723,OKI 43381723 Printer Drum Original 20000 pages
43381724,OKI 43381724 Printer Drum Original 20000 pages
43381905,OKI 43381905 Original Yellow Toner Cartridge
43381906,OKI 43381906 Original Magenta Toner Cartridge
43381907,OKI 43381907 Original Cyan Toner Cartridge
43459329,OKI 43459329 Toner Cartridge Original Yellow
43459330,OKI 43459330 Toner Cartridge Original Magenta
43459331,OKI 43459331 Toner Cartridge Original Cyan
43459332,OKI 43459332 Toner Cartridge Original Black
43459370,OKI 43459370 Toner Cartridge Original Magenta
43459433,OKI 43459433 Toner Cartridge Original Yellow
43459434,OKI 43459434 Toner Cartridge Original Magenta
43459435,OKI 43459435 Toner Cartridge Original Cyan
43459436,OKI 43459436 Toner Cartridge Original Black
43487709,OKI 43487709 Toner Cartridge Original Yellow
43487710,OKI 43487710 Original Magenta Toner Cartridge
43487711,OKI 43487711 Original Cyan Toner Cartridge
43487712,OKI 43487712 Original Black Toner Cartridge
43501902,OKI 43501902 Printer Drum Original
43502002,OKI 43502002 Original Black Toner Cartridge
43502302,OKI 43502302 Original Black Toner Cartridge
43640302,OKI 43640302 Original Black Toner Cartridge
43650302,OKI 43650302 Printer Drum Original 11800 pages
43698501,"OKI 43698501 Toner Cartridge Original Black,Cyan,Magenta,Yellow 4 pc(s)"
43837129,OKI 43837129 Original Yellow Toner Cartridge
43837130,OKI 43837130 Original magenta Toner Cartridge
43837131,OKI 43837131 Original Cyan Toner Cartridge
43837132,OKI 43837132 Original Black Toner Cartridge
43865708,OKI 43865708 Toner Cartridge Original Black
43865721,OKI 43865721 Original Yellow Toner Cartridge
43865722,OKI 43865722 Original Magenta Toner Cartridge
43865723,OKI 43865723 Original Cyan Toner Cartridge
43865724,OKI 43865724 Original Black Toner Cartridge
43872305,OKI 43872305 Original Yellow Toner Cartridge
43872306,OKI 43872306 Original Magenta Toner Cartridge
43872307,OKI 43872307 Original Cyan Toner Cartridge
43913805,OKI 43913805 Original Yellow Toner Cartridge
43913806,OKI 43913806 Original Magenta Toner Cartridge
43913807,OKI 43913807 Original Cyan Toner Cartridge
43913808,OKI 43913808 Printer Drum Original 20000 pages
43979002,OKI 43979002 Printer Drum Original 19800 pages
43979102,OKI 43979102 Original Black Toner Cartridge
43979202,OKI 43979202 Original Black Toner Cartridge
44059105,OKI 44059105 Original Yellow Toner Cartridge
44059106,OKI 44059106 Original Magenta Toner Cartridge
44059107,OKI 44059107 Original Cyan Toner Cartridge
44059108,OKI 44059108 Original Black Toner Cartridge
44059165,OKI 44059165 Yellow Original Toner Cartridge
44059166,OKI 44059166 Magenta Original Toner Cartridge
44059167,OKI 44059167 Cyan Original Toner Cartridge
44059209,OKI 44059209 Original Yellow Toner Cartridge
44059210,OKI 44059210 Original Yellow Toner Cartridge
44059211,OKI 44059211 Original Cyan Toner Cartridge
44059253,OKI 44059253 Toner Cartridge Original Yellow
44059254,OKI 44059254 Toner Cartridge Original Magenta
44059255,OKI 44059255 Toner Cartridge Original Cyan
44059256,OKI 44059256 Toner Cartridge Original Black
44064010,OKI 44064010 Printer Drum Original
44250717,OKI 44250717 Toner Cartridge Original Yellow
44250718,OKI 44250718 Toner Cartridge Original Magenta
44250719,OKI 44250719 Toner Cartridge Original Cyan
44250721,OKI 44250721 Original yellow Toner Cartridge
44250722,OKI 44250722 Original Magenta Toner Cartridge
44250723,OKI 44250723 Original Cyan Toner Cartridge
44250724,OKI 44250724 Original Black Toner Cartridge
44315105,OKI 44315105 Printer Drum Original
44315106,OKI 44315106 Printer Drum Original
44315107,OKI 44315107 Printer Drum Original
44315108,OKI 44315108 Printer Drum Original
44315305,OKI 44315305 Original Yellow Toner Cartridge
44315306,OKI 44315306 Original Magenta Toner Cartridge
44315307,OKI 44315307 Original Cyan Toner Cartridge
44315308,OKI 44315308 Original Black Toner Cartridge
44318505,OKI 44318505 Printer Drum Original
44318506,OKI 44318506 Printer Drum Original
44318507,OKI 44318507 Printer Drum Original
44318508,OKI 44318508 Printer Drum Original
44469704,OKI 44469704 Original Yellow Toner Cartridge
44469705,OKI 44469705 Original Magenta Toner Cartridge
44469706,OKI 44469706 Original Cyan Toner Cartridge
44469722,OKI 44469722 Original yellow Toner Cartridge
44469723,OKI 44469723 Original magenta Toner Cartridge
44469724,OKI 44469724 Original Cyan Toner Cartridge
44469803,OKI 44469803 Original Black Toner Cartridge
44469804,OKI 44469804 Original Black Toner Cartridge
44472202,OKI 44472202 printer belt 60000 pages
44494202,OKI 44494202 Printer Drum Original
44574302,OKI 44574302 Printer Drum Original
44574307,OKI 44574307 Printer Drum Original
44574702,OKI 44574702 Original Black Toner Cartridge
44643001,OKI 44643001 Original yellow Toner Cartridge
44643002,OKI 44643002 Original magenta Toner Cartridge
44643003,OKI 44643003 Original Cyan Toner Cartridge
44643004,OKI 44643004 Original Black Toner Cartridge
44661802,OKI 44661802 Toner Cartridge Original Black
44844405,OKI 44844405 Printer Drum Original
44844406,OKI 44844406 Printer Drum Original
44844407,OKI 44844407 Printer Drum Original
44844408,OKI 44844408 Printer Drum Original
44844469,OKI 44844469 Yellow Printer Drum Original
44844470,OKI 44844470 Magenta Printer Drum Original
44844471,OKI 44844471 Cyan Printer Drum Original
44844472,OKI 44844472 Black Printer Drum Original
44844505,OKI 44844505 Original Yellow Toner Cartridge
44844506,OKI 44844506 Original Magenta Toner Cartridge
44844507,OKI 44844507 Original Cyan Toner Cartridge
44844508,OKI 44844508 Original Black Toner Cartridge
44844613,OKI 44844613 Original Yellow Toner Cartridge
44844614,OKI 44844614 Original Magenta Toner Cartridge
44844615,OKI 44844615 Original Cyan Toner Cartridge
44844616,OKI 44844616 Original Black Toner Cartridge
44917602,OKI 44917602 Original Black Toner Cartridge
44968301,OKI 44968301 Printer Drum Original Multipack 4 pc(s)
44973508,OKI 44973508 Original Black Toner Cartridge
44973533,OKI 44973533 Original Yellow Toner Cartridge
44973534,OKI 44973534 Original magenta Toner Cartridge
44973535,OKI 44973535 Original Cyan Toner Cartridge
44973536,OKI 44973536 Original Black Toner Cartridge
44992401,OKI 44992401 Toner Cartridge Original Black
44992402,OKI 44992402 Original Black Toner Cartridge
45103713,OKI 45103713 Printer Drum Original
45103714,OKI 45103714 Printer Drum Original
45103715,OKI 45103715 Printer Drum Original
45103716,OKI 45103716 Printer Drum Original
45395701,OKI 45395701 Printer Drum Original
45395702,OKI 45395702 Printer Drum Original
45395703,OKI 45395703 Printer Drum Original
45395704,OKI 45395704 Printer Drum Original
45396201,OKI 45396201 Toner Cartridge Original Yellow
45396202,OKI 45396202 Toner Cartridge Original Magenta
45396203,OKI 45396203 Toner Cartridge Original Cyan
45396204,OKI 45396204 Toner Cartridge Original Black
45396301,OKI 45396301 Toner Cartridge Original Yellow
45396302,OKI 45396302 Toner Cartridge Original Magenta
45396303,OKI 45396303 Toner Cartridge Original Cyan
45396304,OKI 45396304 Toner Cartridge Original Black
45439002,OKI 45439002 Toner Cartridge Original Black
45488802,OKI 45488802 Toner Cartridge Original Black
45536413,OKI 45536413 Original Yellow Toner Cartridge
45536414,OKI 45536414 Original Magenta Toner Cartridge
45536415,OKI 45536415 Original Cyan Toner Cartridge
45536416,OKI 45536416 Original Black Toner Cartridge
45536505,OKI 45536505 Toner Cartridge Original Yellow
45536506,OKI 45536506 Toner Cartridge Original Magenta
45536507,OKI 45536507 Toner Cartridge Original Cyan
45536508,OKI 45536508 Toner Cartridge Original Black
45807102,OKI 45807102 Toner Cartridge Original Black
45807106,OKI 45807106 Toner Cartridge Original Black
45807111,OKI 45807111 Toner Cartridge Original Black
45862814,OKI 45862814 Toner Cartridge Original Yellow
45862815,OKI 45862815 Toner Cartridge Original Magenta
45862816,OKI 45862816 Toner Cartridge Original Cyan
45862818,OKI 45862818 Toner Cartridge Original Black
45862837,OKI 45862837 Toner Cartridge Original Yellow
45862838,OKI 45862838 Toner Cartridge Original Magenta
45862839,OKI 45862839 Toner Cartridge Original Cyan
45862840,OKI 45862840 Toner Cartridge Original Black
46438001,OKI 46438001 Printer Drum Original
46438002,OKI 46438002 Printer Drum Original
46438003,OKI 46438003 Printer Drum Original
46438004,OKI 46438004 Printer Drum Original
46443101,OKI 46443101 Toner Cartridge Original Yellow
46443102,OKI 46443102 Toner Cartridge Original Magenta
46443103,OKI 46443103 Toner Cartridge Original Cyan
46443104,OKI 46443104 Toner Cartridge Original Black
46471101,OKI 46471101 Toner Cartridge Original Yellow
46471102,OKI 46471102 Toner Cartridge Original Magenta
46471103,OKI 46471103 Toner Cartridge Original Cyan
46471104,OKI 46471104 Toner Cartridge Original Black
4648410PACK,Oki 4648410 4 Colour Image Drum Multipack
46484105,OKI 46484105 Printer Drum Original
46484106,OKI 46484106 Printer Drum Original
46484107,OKI 46484107 Printer Drum Original
46484108,OKI 46484108 Printer Drum Original
46490401,OKI 46490401 Toner Cartridge Original Yellow
46490402,OKI 46490402 Toner Cartridge Original Magenta
46490403,OKI 46490403 Toner Cartridge Original Cyan
46490404,OKI 46490404 Toner Cartridge Original Black
4649045,"Oki 4649045 4 Colour Toner Cartridge Multipack (46490401, 46490402, 46490403, 46490404)"
46490605,OKI 46490605 Toner Cartridge Original Yellow
46490606,OKI 46490606 Toner Cartridge Original Magenta
46490607,OKI 46490607 Toner Cartridge Original Cyan
46490608,OKI 46490608 Toner Cartridge Original Black
46507305,OKI 46507305 Printer Drum Original
46507306,OKI 46507306 Printer Drum Original
46507307,OKI 46507307 Printer Drum Original
46507308,OKI 46507308 Printer Drum Original
46507413,OKI 46507413 Printer Drum Original
46507414,OKI 46507414 Printer Drum Original
46507415,OKI 46507415 Printer Drum Original
46507416,OKI 46507416 Printer Drum Original
46507505,OKI 46507505 Toner Cartridge Original Yellow
46507506,OKI 46507506 Toner Cartridge Original Magenta
46507507,OKI 46507507 Toner Cartridge Original Cyan
46507508,OKI 46507508 Toner Cartridge Original Black
46507613,OKI 46507613 Toner Cartridge Original Yellow
46507614,OKI 46507614 Toner Cartridge Original Magenta
46507615,OKI 46507615 Toner Cartridge Original Cyan
46507616,OKI 46507616 Toner Cartridge Original Black
46508709,OKI 46508709 Toner Cartridge Original Yellow
46508710,OKI 46508710 Toner Cartridge Original Magenta
46508711,OKI 46508711 Toner Cartridge Original Cyan
46508712,OKI 46508712 Toner Cartridge Original Black
46508713,OKI 46508713 Toner Cartridge Original Yellow
46508714,OKI 46508714 Toner Cartridge Original Magenta
46508715,OKI 46508715 Toner Cartridge Original Cyan
46508716,OKI 46508716 Toner Cartridge Original Black
9001038,OKI 9001038 Printer Drum Original
9002309,OKI 9002309 Black printer ribbon
9002315,OKI 9002315 printer ribbon Black
9002316,OKI 9002316 printer ribbon Black
43449016,OKI Black Drum for C8600 Original 20000 pages
44059212,OKI Black f/ MC860 Original Toner Cartridge
43866108,OKI Black for C710 serie Original Toner Cartridge
43870008,OKI Black image drum for C5650/5750 Printer Drum Original
43870024,OKI Black image drum for C5850/5950 Printer Drum Original
41514712,OKI Black Image Drum for C9200/C9400 Printer Drum Original
41304112,OKI Black Image Drum for Okipage C7200/C7400 Printer Drum Original
44064012,OKI Black Image Drum Original 20000 pages
44318608,OKI Black Original Toner Cartridge
44059168,OKI Black Toner Cartridge
46861308,OKI Black Toner Cartridge 10K pages - 46861308
1279001,OKI Black Toner Cartridge 15K pages - 1279001
46471116,OKI Black Toner Cartridge 5K pages - 46471116
47095704,OKI Black Toner Cartridge 5K pages - 47095704
40815604,OKI Black Toner Cartridge for OKIFAX 5700/ 5900 series Original
41022502,OKI Black Toner Cartridge for OkiPage 20-24 series Original
41012305,OKI Black Toner Cartridge for Okipage 8c/8cPlus Original
41963007,OKI C7100/C7300/C7500 CYAAN Original Cyan Toner Cartridge
43449015,OKI Cyan Drum for C8600 Printer Drum Original
43866107,OKI Cyan for C710 serie Original Toner Cartridge
41515211,OKI Cyan for C9200/C9400 Original Toner Cartridge
41963607,OKI Cyan for C9300 C9500 Original Toner Cartridge
43870007,OKI Cyan image drum for C5650 / C5750 Original 20000 pages
43870023,OKI Cyan image drum for C5850/5950 Original 20000 pages
41514711,OKI Cyan Image Drum for C9200/C9400 Printer Drum Original
41304111,OKI Cyan Image Drum for Okipage C7200/C7400 Printer Drum Original
44064011,OKI Cyan Image Drum Original 20000 pages
44318607,OKI Cyan Original Toner Cartridge
45536437,OKI Cyan Toner Cartridge 10K pages - 46443103
46861307,OKI Cyan Toner Cartridge 10K pages - 46861307
46471115,OKI Cyan Toner Cartridge 5K pages - 46471115
47095703,OKI Cyan Toner Cartridge 5K pages - 47095703
43459339,OKI Cyan Toner Cartridge Original
46358502,"OKI Fuser Unit (Yield 60,000 Pages) for A4 Colour Printers"
44574802,OKI Genuine Black Toner Cartridge - 7K Original
43459324,OKI High Capacity Black for C3520/C3530 MFPs Original Toner Cartridge
43459323,OKI High Capacity Cyan for C3520/C3530 MFPs Original Toner Cartridge
43459322,OKI High Capacity Magenta for C3520/C3530 MFPs Original Toner Cartridge
43459321,OKI High Capacity Yellow for C3520/C3530 MFPs Original Toner Cartridge
41019502,OKI Image Drum for OkiPage 20-24 series Original
43449014,OKI Magenta Drum for C8600 Original 20000 pages
43866106,OKI Magenta for C710 serie Original Toner Cartridge
42918106,OKI Magenta Image Drum 30000sh f C96 9800 Original
43870006,OKI Magenta image drum for C5650 / 5750 Original 20000 pages
43870022,OKI Magenta image drum for C5850/5950 Original 20000 pages
41514710,OKI Magenta Image Drum for C9200/C9400 Original 39000 pages
44318606,OKI Magenta Original Toner Cartridge
46861306,OKI Magenta Toner Cartridge 10K pages - 46861306
46471114,OKI Magenta Toner Cartridge 5K pages - 46471114
47095702,OKI Magenta Toner Cartridge 5K pages - 47095702
41012307,OKI Magenta Toner Cartridge for Okipage 8c/8cPlus Original
43979216,OKI MB480 Black Toner Cartridge Original
41331702,OKI OKIPAGE 14 ZWART Original Black Toner Cartridge
42804508,OKI Toner Cartridge Black 3000sh f C5200 5400 Original
43459371,OKI Toner Cartridge f/ C3520MFP & C3530MFP Original Cyan
43459369,OKI Toner Cartridge f/ C3520MFP & C3530MFP Original yellow
43112702,"OKI Toner Cartridge Rainbow Kit Original Black,Cyan,Magenta,Yellow 4 pc(s)"
9002390,OKI Toner/black 1500sh f Okipage 4w OF4100 Original
9004245,OKI Toner/Black 3000sh f OKIFAX 4515 Original
9004097,OKI Toner/black f OKIFAX 4510 Original
45531503,OKI Waste Toner Cartridge Box 40K pages - 45531503
43449013,OKI Yellow Drum for C8600 Original 20000 pages
43866105,OKI Yellow for C710 serie Original Toner Cartridge
41515209,OKI Yellow for C9200/C9400 Original Toner Cartridge
41963605,OKI Yellow for C9300 C9500 Original Toner Cartridge
43870005,OKI Yellow image drum for C5650/5750 Original 20000 pages
43870021,OKI Yellow image drum for C5850/5950 Original 20000 pages
41514709,OKI Yellow Image Drum for C9200/C9400 Printer Drum Original
41304109,OKI Yellow Image Drum for Okipage C7200/7400 Original 30000 pages
44064009,OKI Yellow Image Drum Original 20000 pages
44318605,OKI Yellow Original Toner Cartridge
46861305,OKI Yellow Toner Cartridge 10K pages - 46861305
46471113,OKI Yellow Toner Cartridge 5K pages - 46471113
47095701,OKI Yellow Toner Cartridge 5K pages - 47095701
41012306,OKI Yellow Toner Cartridge for Okipage 8c/8c+ Original
43459337,OKI Yellow Toner Cartridge Original
DR-421CL,Original Brother DR421CL 4 Colour Drum Unit (DR-421CL)
C6615DE,Original HP 15 Black Ink Cartridge (C6615DE)
C6625AE,"Original HP 17 CMY Cyan, Magenta, Yellow Ink Cartridges (C6625AE)"
HP207AMP,Original HP 207A 4 Colour Pack of Toner
HP207XMP,"Original HP 207X 4 Colour Pack of Toner Cartridges (W2210X, W2211X, W2212X ,W2213X)"
C9351AE,Original HP 21 Black Ink Cartridge (C9351AE)
SD367AE,"Original HP 21/22 Black,Cyan, Magenta, Yellow Multipack of Ink Cartridges (SD367AE)"
C9351CE,Original HP 21XL Black Ink Cartridge (C9351CE)
C9352CE,"Original HP 22XL Cyan, Magenta, Yellow Ink Cartridge (C9352CE)"
C1823D,"Original HP 23 Cyan, Magenta, Yellow Ink Cartridge (C1823D)"
C8727AE,Original HP 27 Black Ink Cartridge (C8727AE)
C8728AE,"Original HP 28 Cyan, Magenta, Yellow Tri-Colour Ink Cartridge (C8728AE)"
51629A,Original HP 29 Black Ink Cartridge (51629A)
CC640EE,Original HP 300 Black Ink Cartridge (CC640EE)
CN637EE,"Original HP 300 Black,Cyan, Magenta, Yellow Multipack of Ink Cartridges (CN637EE)"
CC641EE,Original HP 300XL Black Ink Cartridge (CC641EE)
CC644EE,"Original HP 300XL Cyan, Magenta, Yellow Tri-Colour Ink Cartridge (CC644EE)"
E5Y87EE,"Original HP 301 Black,Cyan, Magenta, Yellow Multipack of Ink Cartridges (E5Y87EE)"
N9J72AE,"Original HP 301 Black,Cyan, Magenta, Yellow Multipack of Ink Cartridges (N9J72AE)"
CH562EE,"Original HP 301 Cyan, Magenta, Yellow Tri-Colour Ink Cartridge (CH562EE)"
D8J46AE,"Original HP 301XL 2-pack Tri-color Cyan, Magenta, Yellow Multipack of Ink Cartridges (D8J46AE)"
CH563EE,Original HP 301XL Black Ink Cartridge (CH563EE)
D8J45AE,Original HP 301XL Black Multipack of Ink Cartridges (D8J45AE)
CH564EE,"Original HP 301XL Cyan, Magenta, Yellow Ink Cartridge (CH564EE)"
F6U66AE,Original HP 302 Black Ink Cartridge (F6U66AE)
X4D37AE,"Original HP 302 Black,Cyan, Magenta, Yellow Multipack of Ink Cartridges (X4D37AE)"
F6U65AE,"Original HP 302 Cyan, Magenta, Yellow Ink Cartridge (F6U65AE)"
F6U68AE,Original HP 302XL Black Ink Cartridge (F6U68AE)
F6U67AE,"Original HP 302XL Cyan, Magenta, Yellow Tri-Colour Ink Cartridge (F6U67AE)"
T6N02AE,Original HP 303 Black Ink Cartridge (T6N02AE)
3YM92AE,"Original HP 303 Black,Cyan, Magenta, Yellow Multipack of Ink Cartridge (3YM92AE)"
Z4B62EE,"Original HP 303 Black,Cyan, Magenta, Yellow Multipack of Ink Cartridges (Z4B62EE)"
T6N01AE,"Original HP 303 Cyan, Magenta, Yellow Ink Cartridge (T6N01AE)"
3YN10AE,"Original HP 303XL Black,Cyan, Magenta, Yellow Multipack of Ink Cartridge (3YN10AE)"
T6N03AE,"Original HP 303XL Cyan, Magenta, Yellow Ink Cartridge (T6N03AE)"
T6N04AE,Original HP 303XL Photo Black Ink Cartridge (T6N04AE)
N9K06AE,Original HP 304 Black Ink Cartridge (N9K06AE)
3JB05AE,"Original HP 304 Black,Cyan, Magenta, Yellow Multipack of Ink Cartridge (3JB05AE)"
N9K05AE,"Original HP 304 Cyan, Magenta, Yellow Ink Cartridge (N9K05AE)"
N9K08AE,Original HP 304XL Black Ink Cartridge (N9K08AE)
N9K07AE,"Original HP 304XL Cyan, Magenta, Yellow Tri-Colour Ink Cartridge (N9K07AE)"
C9362EE,Original HP 336 Black Ink Cartridge (C9362EE)
C9364EE,Original HP 337 Black Ink Cartridge (C9364EE)
CB331EE,Original HP 338 Black Multipack of Ink Cartridge (CB331EE)
C8765EE,Original HP 338 Photo black Ink Cartridge (C8765EE)
SD449EE,"Original HP 338/343 Black, Cyan, Magenta, Yellow Multipack of Ink Cartridges (SD449EE)"
C8767EE,Original HP 339 Black Ink Cartridge (C8767EE)
C9504EE,Original HP 339 Black Multipack of Ink Cartridge (C9504EE)
C9361EE,"Original HP 342 Cyan, Magenta, Yellow Tri-Colour Ink Cartridge (C9361EE)"
CB332EE,"Original HP 343 Cyan, Magenta, Yellow Multipack of Ink Cartridge (CB332EE)"
C9363EE,"Original HP 344 Cyan, Magenta, Yellow Ink Cartridge (C9363EE)"
C9505EE,"Original HP 344 Cyan, Magenta, Yellow Multipack of Ink Cartridge (C9505EE)"
CB335EE,Original HP 350 Black Ink Cartridge (CB335EE)
SD412EE,Original HP 350/351 Combo-pack Ink Cartridges (SD412EE)
CB338EE,"Original HP 351XL Cyan, Magenta, Yellow Tri-Colour Ink Cartridge (CB338EE)"
CB333EE,"Original HP 363 Cyan, Magenta, Yellow Multipack of Ink Cartridges (CB333EE)"
C8721EE,Original HP 363 Photo black Ink Cartridge (C8721EE)
C8719EE,Original HP 363XL Black Ink Cartridge (C8719EE)
CB316EE,Original HP 364 Black Ink Cartridge (CB316EE)
N9J73AE,"Original HP 364 Black,Cyan, Magenta, Yellow Multipack of Ink Cartridges (N9J73AE)"
CB318EE,Original HP 364 Cyan Ink Cartridge (CB318EE)
CB319EE,Original HP 364 Magenta Ink Cartridge (CB319EE)
CB320EE,Original HP 364 Yellow Ink Cartridge (CB320EE)
CN684EE,Original HP 364XL Black Ink Cartridge (CN684EE)
N9J74AE,"Original HP 364XL Black,Cyan, Magenta, Yellow Multipack of Ink Cartridges (N9J74AE)"
CB323EE,Original HP 364XL Cyan Ink Cartridge (CB323EE)
CB324EE,Original HP 364XL Magenta Ink Cartridge (CB324EE)
CB322EE,Original HP 364XL Photo BlackInk Cartridge (CB322EE)
CB325EE,Original HP 364XL Yellow Ink Cartridge (CB325EE)
C9415A,Original HP 38 Cyan Ink Cartridge (C9415A)
C9418A,Original HP 38 Light Cyan Ink Cartridge (C9418A)
C9414A,Original HP 38 Light grey Ink Cartridge (C9414A)
C9419A,Original HP 38 Light Magenta Ink Cartridge (C9419A)
C9416A,Original HP 38 Magenta Ink Cartridge (C9416A)
C9412A,Original HP 38 Matte Black Ink Cartridge (C9412A)
C9413A,Original HP 38 Photo Black Ink Cartridge (C9413A)
HP415A-MP,"Original HP 4 Colour HP 415A Toner Cartridge Pack (W2030A, W2031A, W2033A, W2032A)"
51645AE,Original HP 45 Black Ink Cartridge (51645AE)
CB334AE,Original HP 54 Black Ink Cartridge (CB334AE)
C6656AE,Original HP 56 Black Ink Cartridge (C6656AE)
SA342AE,Original HP 56/57 Combo-pack Ink Cartridges (SA342AE)
C9503AE,"Original HP 57 Cyan, Magenta, Yellow Multipack of Ink Cartridge (C9503AE)"
C6658AE,"Original HP 58 Black,Cyan,Magenta Ink Cartridges (C6658AE)"
C2P04AE,Original HP 62 Black Ink Cartridge (C2P04AE)
N9J71AE,"Original HP 62 Black,Cyan, Magenta, Yellow Multipack of Ink Cartridges (N9J71AE)"
C2P06AE,"Original HP 62 Cyan, Magenta, Yellow Ink Cartridge (C2P06AE)"
C2P05AE,Original HP 62XL Black Ink Cartridge (C2P05AE)
C2P07AE,"Original HP 62XL Cyan, Magenta, Yellow Tri-Colour Ink Cartridge (C2P07AE)"
C9452A,Original HP 70 Cyan Ink Cartridge (C9452A)
C9450A,Original HP 70 Grey Ink Cartridge (C9450A)
C9451A,Original HP 70 Light grey Ink Cartridge (C9451A)
C9455A,Original HP 70 Light Magenta Ink Cartridge (C9455A)
C9453A,Original HP 70 Magenta Ink Cartridge (C9453A)
C9448A,Original HP 70 Matte Black Ink Cartridge (C9448A)
C9449A,Original HP 70 Photo Black Ink Cartridge (C9449A)
C9456A,Original HP 70 Red Ink Cartridge (C9456A)
C9454A,Original HP 70 Yellow Ink Cartridge (C9454A)
CZ129A,Original HP 711 Black Ink Cartridge (CZ129A)
CZ133A,Original HP 711 Black Ink Cartridge (CZ133A)
CZ130A,Original HP 711 Cyan Ink Cartridge (CZ130A)
CZ134A,Original HP 711 Cyan Multipack of Ink Cartridge (CZ134A)
P2V32A,"Original HP 711 Cyan, Magenta, Yellow Ink Cartridges (P2V32A)"
CZ131A,Original HP 711 Magenta Ink Cartridge (CZ131A)
CZ135A,Original HP 711 Magenta Multipack of Ink Cartridge (CZ135A)
CZ132A,Original HP 711 Yellow Ink Cartridge (CZ132A)
CZ136A,Original HP 711 Yellow Multipack of Ink Cartridge (CZ136A)
C9371A,Original HP 72 Cyan Ink Cartridge (C9371A)
C9398A,Original HP 72 Cyan Ink Cartridge (C9398A)
C9374A,Original HP 72 Grey Ink Cartridge (C9374A)
C9401A,Original HP 72 Grey Ink Cartridge (C9401A)
C9372A,Original HP 72 Magenta Ink Cartridge (C9372A)
C9399A,Original HP 72 Magenta Ink Cartridge (C9399A)
C9403A,Original HP 72 Matte Black Ink Cartridge (C9403A)
C9370A,Original HP 72 Photo Black Ink Cartridge (C9370A)
C9397A,Original HP 72 Photo Black Ink Cartridge (C9397A)
C9373A,Original HP 72 Yellow Ink Cartridge (C9373A)
C9400A,Original HP 72 Yellow Ink Cartridge (C9400A)
CH575A,Original HP 726 Matte Black Ink Cartridge (CH575A)
B3P13A,Original HP 727 Cyan Ink Cartridge (B3P13A)
B3P19A,Original HP 727 Cyan Ink Cartridge (B3P19A)
B3P18A,Original HP 727 Grey Ink Cartridge (B3P18A)
B3P24A,Original HP 727 Grey Ink Cartridge (B3P24A)
B3P14A,Original HP 727 Magenta Ink Cartridge (B3P14A)
B3P20A,Original HP 727 Magenta Ink Cartridge (B3P20A)
B3P22A,Original HP 727 Matte Black Ink Cartridge (B3P22A)
C1Q12A,Original HP 727 Matte Black Ink Cartridge (C1Q12A)
B3P17A,Original HP 727 Photo Black Ink Cartridge (B3P17A)
B3P23A,Original HP 727 Photo Black Ink Cartridge (B3P23A)
B3P15A,Original HP 727 Yellow Ink Cartridge (B3P15A)
B3P21A,Original HP 727 Yellow Ink Cartridge (B3P21A)
CM994A,Original HP 761 Cyan Ink Cartridge (CM994A)
CM996A,Original HP 761 Dark grey Ink Cartridge (CM996A)
CM995A,Original HP 761 Grey Ink Cartridge (CM995A)
CM993A,Original HP 761 Magenta Ink Cartridge (CM993A)
CM991A,Original HP 761 Matte Black Ink Cartridge (CM991A)
CM997A,Original HP 761 Matte Black Ink Cartridge (CM997A)
CM992A,Original HP 761 Yellow Ink Cartridge (CM992A)
CE042A,Original HP 771 Light CyanInk Cartridge (CE042A)
CE041A,Original HP 771 Light Magenta Ink Cartridge (CE041A)
CN636A,Original HP 772 Cyan Ink Cartridge (CN636A)
CN632A,Original HP 772 Light Cyan Ink Cartridge (CN632A)
CN634A,Original HP 772 Light grey Ink Cartridge (CN634A)
CN631A,Original HP 772 Light Magenta Ink Cartridge (CN631A)
CN629A,Original HP 772 Magenta Ink Cartridge (CN629A)
CN635A,Original HP 772 Matte Black Ink Cartridge (CN635A)
CN633A,Original HP 772 Photo Black Ink Cartridge (CN633A)
CN630A,Original HP 772 Yellow Ink Cartridge (CN630A)
CH565A,Original HP 82 BlackInk Cartridge (CH565A)
C4911A,Original HP 82 Cyan Ink Cartridge (C4911A)
CH566A,Original HP 82 Cyan Ink Cartridge (CH566A)
C4912A,Original HP 82 Magenta Ink Cartridge (C4912A)
CH567A,Original HP 82 Magenta Ink Cartridge (CH567A)
C4913A,Original HP 82 Yellow Ink Cartridge (C4913A)
CH568A,Original HP 82 Yellow Ink Cartridge (CH568A)
C9425A,Original HP 85 Cyan Ink Cartridge (C9425A)
C9428A,Original HP 85 Light Cyan Ink Cartridge (C9428A)
C9429A,Original HP 85 Light Magenta Ink Cartridge (C9429A)
C9426A,Original HP 85 Magenta Ink Cartridge (C9426A)
C9427A,Original HP 85 Yellow Ink Cartridge (C9427A)
C9396AE,Original HP 88XL Black Ink Cartridge (C9396AE)
C9391AE,Original HP 88XL Cyan Ink Cartridge (C9391AE)
C9392AE,Original HP 88XL Magenta Ink Cartridge (C9392AE)
C9393AE,Original HP 88XL Yellow Ink Cartridge (C9393AE)
CC653AE,Original HP 901 BlackInk Cartridge (CC653AE)
CC656AE,"Original HP 901 Cyan, Magenta, YellowInk Cartridge (CC656AE)"
CC654AE,Original HP 901XL Black Ink Cartridge (CC654AE)
SD519AE,"Original HP 901XL Black,Cyan, Magenta, Yellow Multipack of Ink Cartridges (SD519AE)"
T6L99AE,Original HP 903 Black Ink Cartridge (T6L99AE)
T6L87AE,Original HP 903 Cyan Ink Cartridge (T6L87AE)
T6L91AE,Original HP 903 Magenta Ink Cartridge (T6L91AE)
T6L95AE,Original HP 903 Yellow Ink Cartridge (T6L95AE)
T6M15AE,Original HP 903XL Black Ink Cartridge (T6M15AE)
3HZ51AE,"Original HP 903XL Black,Cyan, Magenta, Yellow Multipack of Ink Cartridges (3HZ51AE)"
1CC20AE,"Original HP 903XL Officejet Value Pack Cyan, Magenta, Yellow Multipack of Ink Cartridges (1CC20AE)"
T6M19AE,Original HP 907XL Black Ink Cartridge (T6M19AE)
C9467A,Original HP 91 Cyan Ink Cartridge (C9467A)
C9470A,Original HP 91 Light Cyan Ink Cartridge (C9470A)
C9466A,Original HP 91 Light grey Ink Cartridge (C9466A)
C9471A,Original HP 91 Light Magenta Ink Cartridge (C9471A)
C9468A,Original HP 91 Magenta Ink Cartridge (C9468A)
C9464A,Original HP 91 Matte Black Ink Cartridge (C9464A)
C9465A,Original HP 91 Photo Black Ink Cartridge (C9465A)
C9469A,Original HP 91 Yellow Ink Cartridge (C9469A)
L0R95AE,Original HP 913A Black Ink Cartridge (L0R95AE)
F6T77AE,Original HP 913A Cyan Ink Cartridge (F6T77AE)
F6T78AE,Original HP 913A Magenta Ink Cartridge (F6T78AE)
F6T79AE,Original HP 913A Yellow Ink Cartridge (F6T79AE)
CD971AE,Original HP 920 Black Ink Cartridge (CD971AE)
CD975AE,Original HP 920XL Black Ink Cartridge (CD975AE)
C2N92AE,"Original HP 920XL Black,Cyan, Magenta, Yellow Multipack of Ink Cartridge (C2N92AE)"
CD972AE,Original HP 920XL Cyan Ink Cartridge (CD972AE)
CD973AE,Original HP 920XL Magenta Ink Cartridge (CD973AE)
CD974AE,Original HP 920XL Yellow Ink Cartridge (CD974AE)
CN053AE,Original HP 932XL Black Ink Cartridge (CN053AE)
C2P42AE,"Original HP 932XL/933XL Black,Cyan, Magenta, Yellow Multipack of Ink Cartridges (C2P42AE)"
CN054AE,Original HP 933XL Cyan Ink Cartridge (CN054AE)
CN055AE,Original HP 933XL Magenta Ink Cartridge (CN055AE)
CN056AE,Original HP 933XL Yellow Ink Cartridge (CN056AE)
C2P19AE,Original HP 934 Black Ink Cartridge (C2P19AE)
C2P23AE,Original HP 934XL Black Ink Cartridge (C2P23AE)
X4E14AE,"Original HP 934XL Black,Cyan, Magenta, Yellow Multipack of Ink Cartridges (X4E14AE)"
C2P20AE,Original HP 935 Cyan Ink Cartridge (C2P20AE)
C2P21AE,Original HP 935 Magenta Ink Cartridge (C2P21AE)
C2P22AE,Original HP 935 Yellow Ink Cartridge (C2P22AE)
C2P24AE,Original HP 935XL Cyan Ink Cartridge (C2P24AE)
C2P25AE,Original HP 935XL Magenta Ink Cartridge (C2P25AE)
F6U78AE,"Original HP 935XL Office Value Pack Cyan, Magenta, Yellow Ink Cartridges (F6U78AE)"
C2P26AE,Original HP 935XL Yellow Ink Cartridge (C2P26AE)
C4902AE,Original HP 940 Black Ink Cartridge (C4902AE)
C4906AE,Original HP 940XL Black Ink Cartridge (C4906AE)
C2N93AE,"Original HP 940XL Black,Cyan, Magenta, Yellow Multipack of Ink Cartridge (C2N93AE)"
C4907AE,Original HP 940XL Cyan Ink Cartridge (C4907AE)
C4908AE,Original HP 940XL Magenta Ink Cartridge (C4908AE)
C4909AE,Original HP 940XL Yellow Ink Cartridge (C4909AE)
CN049AE,Original HP 950 Black Ink Cartridge (CN049AE)
CN045AE,Original HP 950XL Black Ink Cartridge (CN045AE)
C2P43AE,"Original HP 950XL/951XL Black,Cyan, Magenta, Yellow Multipack of Ink Cartridges (C2P43AE)"
CN050AE,Original HP 951 Cyan Ink Cartridge (CN050AE)
CN051AE,Original HP 951 Magenta Ink Cartridge (CN051AE)
CN052AE,Original HP 951 Yellow Ink Cartridge (CN052AE)
CN046AE,Original HP 951XL Cyan Ink Cartridge (CN046AE)
CN047AE,Original HP 951XL Magenta Ink Cartridge (CN047AE)
CN048AE,Original HP 951XL Photo yellow Ink Cartridge (CN048AE)
L0S58AE,Original HP 953 Black Ink Cartridge (L0S58AE)
F6U12AE,Original HP 953 Cyan Ink Cartridge (F6U12AE)
F6U13AE,Original HP 953 Magenta Ink Cartridge (F6U13AE)
F6U14AE,Original HP 953 Yellow Ink Cartridge (F6U14AE)
L0S70AE,Original HP 953XL Black Ink Cartridge (L0S70AE)
3HZ52AE,"Original HP 953XL Black,Cyan, Magenta, Yellow Multipack of Ink Cartridges (3HZ52AE)"
F6U16AE,Original HP 953XL Cyan Ink Cartridge (F6U16AE)
F6U17AE,Original HP 953XL Magenta Ink Cartridge (F6U17AE)
1CC21AE,"Original HP 953XL Officejet Value Pack Cyan, Magenta, Yellow Multipack of Ink Cartridges (1CC21AE)"
F6U18AE,Original HP 953XL Yellow Ink Cartridge (F6U18AE)
L0R40AE,Original HP 957XL Black Ink Cartridge (L0R40AE)
3JA30AE,Original HP 963XL Black Ink Cartridge (3JA30AE)
CN621AE,Original HP 970 Black Ink Cartridge (CN621AE)
CN625AE,Original HP 970XL Black Ink Cartridge (CN625AE)
CN622AE,Original HP 971 Cyan Ink Cartridge (CN622AE)
CN623AE,Original HP 971 Magenta Ink Cartridge (CN623AE)
CN624AE,Original HP 971 Yellow Ink Cartridge (CN624AE)
CN626AE,Original HP 971XL Cyan Ink Cartridge (CN626AE)
CN627AE,Original HP 971XL Magenta Ink Cartridge (CN627AE)
CN628AE,Original HP 971XL Yellow Ink Cartridge (CN628AE)
L0S07AE,Original HP 973X Black Ink Cartridge (L0S07AE)
F6T81AE,Original HP 973X Cyan Ink Cartridge (F6T81AE)
F6T82AE,Original HP 973X Magenta Ink Cartridge (F6T82AE)
F6T83AE,Original HP 973X Yellow Ink Cartridge (F6T83AE)
D8J10A,Original HP 980 Black Ink Cartridge (D8J10A)
D8J07A,Original HP 980 Cyan Ink Cartridge (D8J07A)
D8J08A,Original HP 980 Magenta Ink Cartridge (D8J08A)
D8J09A,Original HP 980 Yellow Ink Cartridge (D8J09A)
J3M71A,Original HP 981A Black Ink Cartridge (J3M71A)
J3M68A,Original HP 981A Cyan Ink Cartridge (J3M68A)
J3M69A,Original HP 981A Magenta Ink Cartridge (J3M69A)
J3M70A,Original HP 981A Yellow Ink Cartridge (J3M70A)
L0R12A,Original HP 981X Black Ink Cartridge (L0R12A)
L0R09A,Original HP 981X Cyan Ink Cartridge (L0R09A)
L0R10A,Original HP 981X Magenta Ink Cartridge (L0R10A)
L0R11A,Original HP 981X Yellow Ink Cartridge (L0R11A)
L0R16A,Original HP 981Y Black Ink Cartridge (L0R16A)
L0R13A,Original HP 981Y Cyan Ink Cartridge (L0R13A)
L0R14A,Original HP 981Y Magenta Ink Cartridge (L0R14A)
L0R15A,Original HP 981Y Yellow Ink Cartridge (L0R15A)
M0J86AE,Original HP 991A Black Ink Cartridge (M0J86AE)
M0J74AE,Original HP 991A Cyan Ink Cartridge (M0J74AE)
M0J78AE,Original HP 991A Magenta Ink Cartridge (M0J78AE)
M0J82AE,Original HP 991A Yellow Ink Cartridge (M0J82AE)
M0K02AE,Original HP 991X Black Ink Cartridge (M0K02AE)
M0J90AE,Original HP 991X Cyan Ink Cartridge (M0J90AE)
M0J98AE,Original HP 991X Magenta Ink Cartridge (M0J98AE)
M0J94AE,Original HP 991X Yellow Ink Cartridge (M0J94AE)
C6614D,Original HP Black Ink Cartridge (C6614D)
C6578DE,"Original HP C6578DE Cyan, Magenta, Yellow Ink Cartridge (C6578DE)"
C8750A,Original HP C8750A Black Ink Cartridge (C8750A)
C8751A,Original HP C8751A Cyan Ink Cartridge (C8751A)
C8752A,Original HP C8752A Magenta Ink Cartridge (C8752A)
C8753A,Original HP C8753A Yellow Ink Cartridge (C8753A)
C8754A,Original HP C8754A Ink Cartridge (C8754A)
P2V31A,Original HP P2V31A Black Multipack of Ink Cartridges (P2V31A)
T9D88EE,"Original HP Photo Value Pack 364 Series 50 sheets 10x15 cm Cyan, Magenta, Yellow Multipack of Ink Cartridges (T9D88EE)"
Q7966EE,"Original HP Q7966EE Black,Cyan,Light Cyan,Light Magenta,Magenta,Yellow Ink Cartridges (Q7966EE)"
842095,Ricoh 1230D Black Standard Capacity Toner Cartridge 17k pages for MP C406 - 842095
842015,Ricoh 1230D Black Standard Capacity Toner Cartridge 9k pages - 842015
842096,Ricoh 1230D Cyan Standard Capacity Toner Cartridge 6k pages for MP C406 - 842096
842097,Ricoh 1230D Magenta Standard Capacity Toner Cartridge 6k pages for MP C406 - 842097
885094,Ricoh 1230D Original Black
842098,Ricoh 1230D Yellow Standard Capacity Toner Cartridge 6k pages for MP C406 - 842098
402858,Ricoh 402858 Toner Cartridge Original Black
405688,Ricoh 405688 Ink Cartridge Original Black
405689,Ricoh 405689 Ink Cartridge Original Cyan
405690,Ricoh 405690 Ink Cartridge Original Magenta
405691,Ricoh 405691 Ink Cartridge Original Yellow
405701,Ricoh 405701 Ink Cartridge Original Black
405703,Ricoh 405703 Ink Cartridge Original Magenta
405704,Ricoh 405704 Ink Cartridge Original Yellow
405761,Ricoh 405761 Ink Cartridge Original Photo black
405762,Ricoh 405762 Ink Cartridge Original Cyan
405763,Ricoh 405763 Ink Cartridge Original Magenta
405764,Ricoh 405764 Ink Cartridge Original Yellow
405765,Ricoh 405765 Ink Cartridge Original Black
405766,Ricoh 405766 Ink Cartridge Original Cyan
405767,Ricoh 405767 Ink Cartridge Original Magenta
405768,Ricoh 405768 Ink Cartridge Original Yellow
405783,Ricoh 405783 Toner Cartridge collector 27000 pages
406349,Ricoh 406349 Original Cyan Toner Cartridge
406350,Ricoh 406350 Original Magenta Toner Cartridge
406351,Ricoh 406351 Original Yellow Toner Cartridge
406479,Ricoh 406479 Original Black Toner Cartridge
406480,Ricoh 406480 Original Cyan Toner Cartridge
406481,Ricoh 406481 Original Magenta Toner Cartridge
406482,Ricoh 406482 Original Yellow Toner Cartridge
406523,Ricoh 406523 Toner Cartridge Original Black
407013,Ricoh 407013 Toner Cartridge Original Black
407166,Ricoh 407166 Original Black Toner Cartridge
407318,Ricoh 407318 Toner Cartridge Original Black
407340,Ricoh 407340 Toner Cartridge Original Black
407531,Ricoh 407531 Toner Cartridge Original Black
407532,Ricoh 407532 Toner Cartridge Original Cyan
407533,Ricoh 407533 Toner Cartridge Original Magenta
407534,Ricoh 407534 Toner Cartridge Original Yellow
407543,Ricoh 407543 Toner Cartridge Original Black
407544,Ricoh 407544 Toner Cartridge Original Cyan
407545,Ricoh 407545 Toner Cartridge Original Magenta
407546,Ricoh 407546 Toner Cartridge Original Yellow
406348,Ricoh 407638 Original Black Toner Cartridge
407716,Ricoh 407716 Toner Cartridge Original Black
407717,Ricoh 407717 Toner Cartridge Original Cyan
407718,Ricoh 407718 Toner Cartridge Original Magenta
407719,Ricoh 407719 Toner Cartridge Original Yellow
407971,Ricoh 407971 Toner Cartridge Original Black
407999,Ricoh 407999 Toner Cartridge Original Black
408010,Ricoh 408010 Toner Cartridge Original Black
402810,Ricoh 4100N black Original Toner Cartridge
431013,Ricoh 431013 Toner Cartridge Original Black
820017,Ricoh 820017 Toner Cartridge Original Magenta
820025,Ricoh 820025 Toner Cartridge Original Cyan
821186,Ricoh 821186 Toner Cartridge Original Yellow
841196,Ricoh 841196 Original Black Toner Cartridge
841197,Ricoh 841197 Original Cyan Toner Cartridge
841198,Ricoh 841198 Original Magenta Toner Cartridge
841199,Ricoh 841199 Original Yellow Toner Cartridge
841587,Ricoh 841587 Toner Cartridge Original Black
841595,Ricoh 841595 Toner Cartridge Original Cyan
841596,Ricoh 841596 Toner Cartridge Original Magenta
841597,Ricoh 841597 Toner Cartridge Original Yellow
841618,Ricoh 841618 Toner Cartridge Original Black
841711,Ricoh 841711 Toner Cartridge Original Black
841755,Ricoh 841755 Toner Cartridge Original Black
841756,Ricoh 841756 Toner Cartridge Original Yellow
841757,Ricoh 841757 Toner Cartridge Original Magenta
841758,Ricoh 841758 Toner Cartridge Original Cyan
842052,Ricoh 842052 Toner Cartridge Original Black
884935,Ricoh 884935 Toner Cartridge Original yellow
884936,Ricoh 884936 Toner Cartridge Original Magenta
884937,Ricoh 884937 Toner Cartridge Original Cyan
888035,Ricoh 888035 Toner Cartridge Original Yellow
888315,Ricoh 888315 Original Cyan Toner Cartridge
888514,Ricoh 888514 Toner Cartridge Original Black
888640,Ricoh 888640 Toner Cartridge Original Black
406956,"Ricoh Black Cartridge, 1500 pages"
888312,Ricoh Black cassette Type 245 (HY) Original Toner Cartridge
406052,Ricoh Black Original Toner Cartridge
406094,Ricoh Black Print Cartridge SP C220 Original
406649,Ricoh Black Toner Cartridge catridge 20k Original
888446,Ricoh Black Toner Cartridge Original
406837,"Ricoh Black Toner Cartridge Print Cartridge, 2600 pages"
888029,Ricoh Black Toner Cartridge Type 1160W Original
821094,"Ricoh Black Toner, 21000 pages"
885266,Ricoh Black Type 2220D Original Toner Cartridge
406685,"Ricoh Black, 25000 pages Toner Cartridge"
407645,Ricoh C220E Cyan Standard Capacity Toner Cartridge 2k pages for SP C220N - 406097
884946,Ricoh C3000E Black Standard Capacity Toner Cartridge 20k pages for MP C3000 - 842030
842079,Ricoh C305E Black Standard Capacity Toner Cartridge 12k pages - 841618
842082,Ricoh C305E Cyan Standard Capacity Toner Cartridge 4k pages - 841595
842081,Ricoh C305E Magenta Standard Capacity Toner Cartridge 4k pages - 841566
842080,Ricoh C305E Yellow Standard Capacity Toner Cartridge 4k pages - 841597
888314,Ricoh Cassette Type 245 (HY) Magenta Original Toner Cartridge
888313,Ricoh Cassette Type 245 (HY) Yellow Original Toner Cartridge
888449,Ricoh Cyan Toner Cartridge Original
821097,"Ricoh Cyan Toner, 24k pages"
430351,Ricoh Fax Toner Cartridge Black Original
406522,Ricoh High Yield Black Original Toner Cartridge
406054,Ricoh Magenta Original Toner Cartridge
406100,Ricoh Magenta Print Cartridge SP C220 Original
888448,Ricoh Magenta Toner Cartridge Original
821096,"Ricoh Magenta Toner, 24000 pages"
841505,Ricoh MPC2051 Cyan Original Toner Cartridge
841506,Ricoh MPC2051 Magenta Original Toner Cartridge
841507,Ricoh MPC2051 Yellow Original Toner Cartridge
888643,Ricoh MPC2500E Cyan Toner Cartridge 15k Original
888642,Ricoh MPC2500E Magenta Toner Cartridge 15k Original
888641,Ricoh MPC2500E Yellow Toner Cartridge 15k Original
841124,Ricoh MPC2800 Black 20k Original Toner Cartridge
841127,Ricoh MPC2800 Cyan 15k Original Toner Cartridge
841126,Ricoh MPC2800 Magenta 15k Original Toner Cartridge
841125,Ricoh MPC2800 Yellow 15k Original Toner Cartridge
841160,Ricoh MPC5000 Black Toner Cartridge Original
400548,Ricoh Photoconductor Unit Type 3800 imaging unit 50000 pages
405532,Ricoh Regular Yield Gel Cartridge Black 1.5k Ink Cartridge
405534,Ricoh Regular Yield Gel Cartridge Magenta 1k Ink Cartridge
405535,Ricoh Regular Yield Gel Cartridge Yellow 1k Ink Cartridge Original
405533,Ricoh Regular Yield Print Cartridge Cyan 1k Ink Cartridge Original
407254,Ricoh SP201HE Black Toner Cartridge
407255,Ricoh SP201LE Black Toner
407246,Ricoh SP311HE Black Toner
407249,Ricoh SP311LE Black Toner
406990,Ricoh SP3500XE Print Cartridge
403074,Ricoh SP4100NL Black Cartridge Original
407324,Ricoh SP4500 Printer Drum Original
406053,Ricoh SPC220E Cyan Original Toner Cartridge
821074,Ricoh SPC430 Black Toner Cartridge Original
821077,Ricoh SPC430 Cyan Toner Cartridge Original
821076,Ricoh SPC430 Magenta Toner Cartridge Original
821075,Ricoh SPC430 Yellow Toner Cartridge Original
430475,Ricoh Toner Cartridge 1275 zwart Original Black
400943,Ricoh Toner Cartridge Black AP400/ AP400/N/ AP410/ AP410N Original
887447,Ricoh Toner Cartridge Black Original
430400,Ricoh Toner Cartridge Black Type 1265D Original
885053,Ricoh Toner Cartridge Black Type 2210D Original
885321,Ricoh Toner Cartridge Black Type M2 Original
400839,Ricoh Toner Cartridge Cyan CL2000/3100DN Original
400838,Ricoh Toner Cartridge Type 125 Black Original
402444,Ricoh Toner Cartridge Cassette Type 165 Black Original
402445,Ricoh Toner Cartridge Cassette Type 165 Cyan Original
402446,Ricoh Toner Cartridge Cassette Type 165 Magenta Original
402447,Ricoh Toner Cartridge Cassette Type 165 Yellow Original
885324,Ricoh Toner Cartridge Cyan Type M2 Original
400840,Ricoh Toner Cartridge Magenta Type 125 Original
406097,Ricoh Toner Cartridge SP C220 Cyan Original
820001,Ricoh Toner Cartridge SP C811 Black Original
820009,Ricoh Toner Cartridge SP C811 Yellow Original
413196,Ricoh Toner Cartridge SP1000E Original Black
406218,Ricoh Toner Cartridge SP3300E Black Original
888037,Ricoh Toner Cartridge Type 105 Cyan Laser Cartridge Original
888087,Ricoh Toner Cartridge Type 1220D Black Original
885258,Ricoh Toner Cartridge Type 1250D Black Original
888261,Ricoh Toner Cartridge Type 1270D Black Original
430244,Ricoh Toner Cartridge type 1430-1435 black Original
889614,Ricoh Toner Cartridge Type 2205D Black Original
885251,Ricoh Toner Cartridge Type 3205D Black Original
888182,Ricoh Toner Cartridge Type 3210D Black Original
885098,Ricoh Toner Cartridge Type 6210D Original Black
885322,Ricoh Toner Cartridge Type M2 Yellow Original
888483,Ricoh Toner Cartridge Type T2 Black Original
411113,Ricoh Type 1013 Photoconductor unit imaging unit 45000 pages
888036,Ricoh Type 105 Magenta Toner Cartridge Original
411844,Ricoh Type 1515 Photo Conductor Unit imaging unit 45000 pages
841040,Ricoh Type 2500 Black Toner Cartridge Original
841347,Ricoh Type 4500 Black Toner Cartridge Original
402455,Ricoh Type BP120 Original Black Toner Cartridge
400719,Ricoh Waste Toner Cartridge Bottle 1 Original
406043,Ricoh Waste Toner Cartridge Bottle 220 Toner Cartridge collector 25000 pages
406055,Ricoh Yellow Original Toner Cartridge
406106,Ricoh Yellow Print Cartridge SP C220 Original
400841,Ricoh Yellow Toner Cartridge cassette Type 125 Original
888447,Ricoh Yellow Toner Cartridge Type 260 Original
821095,"Ricoh Yellow toner, 24k pages"
CLX-R8385K,Samsung Black Imaging Unit
CLP-500D5C,Samsung CLP-500D5C Original Cyan Toner Cartridge
CLP-500D5M,Samsung CLP-500D5M Original Magenta Toner Cartridge
CLP-500D5Y,Samsung CLP-500D5Y Original Yellow Toner Cartridge
CLP-500D7K,Samsung CLP-500D7K Original Black Toner Cartridge
CLP-500RB,Samsung CLP-500RB Printer Drum Original
CLP-510D5C,Samsung CLP-510D5C Toner Cartridge Original Cyan
CLP-510D5M,Samsung CLP-510D5M Toner Cartridge Original Magenta
CLP-510D5Y,Samsung CLP-510D5Y Toner Cartridge Original Yellow
CLP-510D7K,Samsung CLP-510D7K Toner Cartridge Original Black
CLP-510RB,Samsung CLP-510RB Printer Drum Original
CLP-C300A,Samsung CLP-C300A Toner Cartridge Original Cyan
CLP-C350A,Samsung CLP-C350 Original Cyan Toner Cartridge
CLP-C600A,Samsung CLP-C600A Original Cyan Toner Cartridge
CLP-C660A,Samsung CLP-C660A Toner Cartridge Original Cyan
CLP-C660B,Samsung CLP-C660B Original Cyan Toner Cartridge
CLP-K300A,Samsung CLP-K300A Toner Cartridge Original Black
CLP-K350A,Samsung CLP-K350A Original Black Toner Cartridge
CLP-K600A,Samsung CLP-K600A Original Black Toner Cartridge
CLP-K660A,Samsung CLP-K660A Toner Cartridge Original Black
CLP-K660B,Samsung CLP-K660B Original Black Toner Cartridge
CLP-M300A,Samsung CLP-M300A Toner Cartridge Original magenta
CLP-M350A,Samsung CLP-M350A Original Magenta Toner Cartridge
CLP-M600A,Samsung CLP-M600A Original Magenta Toner Cartridge
CLP-M660A,Samsung CLP-M660A Toner Cartridge Original Magenta
CLP-M660B,Samsung CLP-M660B Original Magenta Toner Cartridge
CLP-P300C,"Samsung CLP-P300C Toner Cartridge Original Black,Cyan,Magenta,Yellow 4 pc(s)"
CLP-W300A,Samsung CLP-W300A Toner Cartridge collector 5000 pages
CLP-W350A,Samsung CLP-W350A Toner Cartridge collector 5000 pages
CLP-Y300A,Samsung CLP-Y300A Toner Cartridge Original Yellow
CLP-Y350A,Samsung CLP-Y350A Original Yellow Toner Cartridge
CLP-Y600A,Samsung CLP-Y600A Toner Cartridge Original Yellow
CLP-Y660B,Samsung CLP-Y660B Original Yellow Toner Cartridge
ST966A,Samsung CLTC404S Cyan Toner Cartridge 1K pages - ST966A
ST984A,Samsung CLTC406S Cyan Toner Cartridge 1K pages - ST984A
ST994A,Samsung CLTC4072S Cyan Toner Cartridge 1K pages - ST994A
CLT-C4092S,Samsung CLT-C4092S Toner Cartridge Original Cyan
SU014A,Samsung CLTC503L Cyan Toner Cartridge 5K pages - SU014A
SU025A,Samsung CLTC504S Cyan Toner Cartridge 1.8K pages - SU025A
SU035A,Samsung CLTC505L Cyan Toner Cartridge 3.5K pages - SU035A
SU038A,Samsung CLTC506L Cyan Toner Cartridge 3.5K pages - SU038A
SU047A,Samsung CLTC506S Cyan Toner Cartridge 1.5K pages - SU047A
SU055A,Samsung CLTC5082L Cyan Toner Cartridge 4K pages - SU055A
CLT-C5082S,Samsung CLT-C5082S Toner Cartridge Original Cyan
SS531A,Samsung CLTC6062S Cyan Toner Cartridge - SS531A
SS537A,Samsung CLTC6072S Cyan Toner Cartridge - SS537A
SU082A,Samsung CLTC6092S Cyan Toner Cartridge 7K pages - SU082A
SS546A,Samsung CLTC804S Cyan Toner Cartridge 15K pages - SS546A
SS553A,Samsung CLTC806S Cyan Toner Cartridge 30K pages - SS553A
SS560A,Samsung CLTC808S Cyan Toner Cartridge 20K pages - SS560A
SS567A,Samsung CLTC809S Cyan Toner Cartridge 15K pages - SS567A
SU100A,Samsung CLTK404S Black Toner Cartridge 1K pages - SU100A
SU118A,Samsung CLTK406S Black Toner Cartridge 1.5K pages - SU118A
SU128A,Samsung CLTK4072S Black Toner Cartridge 1.5K pages - SU128A
CLT-K4092S,Samsung CLT-K4092S Toner Cartridge Original Black
SU147A,Samsung CLTK503L Black Toner Cartridge 8K pages - SU147A
SU158A,Samsung CLTK504S Black Toner Cartridge 2.5K pages - SU158A
SU168A,Samsung CLTK505L Black Toner Cartridge 6K pages - SU168A
SU171A,Samsung CLTK506L Black Toner Cartridge 6K pages - SU171A
SU180A,Samsung CLTK506S Black Toner Cartridge 2K pages - SU180A
SU188A,Samsung CLTK5082L Black Toner Cartridge 5K pages - SU188A
SU189A,Samsung CLTK5082S Black Toner Cartridge 2K pages - SU189A
SS577A,Samsung CLTK6062S Black Toner Cartridge pages - SS577A
SU216A,Samsung CLTK6092S Black Toner Cartridge 7K pages - SU216A
SS586A,Samsung CLTK804S Black Toner Cartridge 20K pages - SS586A
SS593A,Samsung CLTK806S Black Toner Cartridge 45K pages - SS593A
SS600A,Samsung CLTK808S Black Toner Cartridge 23K pages - SS600A
SS607A,Samsung CLTK809S Black Toner Cartridge 20K pages - SS607A
SU234A,Samsung CLTM404S Magenta Toner Cartridge 1K pages - SU234A
SU252A,Samsung CLTM406S Magenta Toner Cartridge 1K pages - SU252A
SU262A,Samsung CLTM4072S Magenta Toner Cartridge 1K pages - SU262A
SU281A,Samsung CLTM503L Magenta Toner Cartridge 5K pages - SU281A
SU292A,Samsung CLTM504S Magenta Toner Cartridge 1.8K pages - SU292A
SU302A,Samsung CLTM505L Magenta Toner Cartridge 3.5K pages - SU302A
SU305A,Samsung CLTM506L Magenta Toner Cartridge 3.5K pages - SU305A
SU314A,Samsung CLTM506S Magenta Toner Cartridge 1.5K pages - SU314A
SU322A,Samsung CLTM5082L Magenta Toner Cartridge 4K pages - SU322A
CLT-M5082S,Samsung CLT-M5082S Toner Cartridge Original Magenta
SS613A,Samsung CLT-M6062S Magenta Toner Cartridge - SS613A
CLT-M6072S,Samsung CLT-M6072S Toner Cartridge Original Magenta
SU348A,Samsung CLTM6092S Magenta Toner Cartridge 7K pages - SU348A
SS628A,Samsung CLTM804S Magenta Toner Cartridge 15K pages - SS628A
SS635A,Samsung CLTM806S Magenta Toner Cartridge 30K pages - SS635A
SS642A,Samsung CLTM808S Magenta Toner Cartridge 20K pages - SS642A
SS649A,Samsung CLTM809S Magenta Toner Cartridge 15K pages - SS649A
SU364A,Samsung CLTP404B Black Toner Cartridge 2x 1.5K Twinpack pages - SU364A
SU365A,Samsung CLTP404C Black and Colour Toner Cartridge 1.5K 3x 1K Multi pages - SU365A
SU374A,Samsung CLTP406B Black Toner Cartridge 2x 1.5K Twinpack pages - SU374A
SU375A,Samsung CLTP406C Black and Colour Toner Cartridge 1.5K 3x 1K Multi pages - SU375A
SU382A,Samsung CLTP4072C Black and Colour Toner Cartridge 1.5K 3x 1K Multi pages - SU382A
SU400A,Samsung CLTP504C Black and Colour Toner Cartridge 4x 2.5K Multi pages - SU400A
CLT-P504C,"Samsung CLT-P504C Toner Cartridge Original Black,Magenta"
CLT-R407,Samsung CLT-R407 Toner Cartridge Original
CLT-R409,Samsung CLT-R409 Toner Cartridge Original Black
CLT-R607C,Samsung CLT-R607C Printer Drum Original
CLT-R607K,Samsung CLT-R607K Printer Drum Original
CLT-R607M,Samsung CLT-R607M Printer Drum Original
CLT-R607Y,Samsung CLT-R607Y Printer Drum Original
CLT-R809,Samsung CLT-R809 Printer Drum Original
SU426A,Samsung CLTW406S Waste Toner Cartridge Box 7K pages - SU426A
SU430A,Samsung CLTW409 Waste Toner Cartridge Box 10K pages - SU430A
SU434A,Samsung CLTW504 Waste Toner Cartridge Box 14K pages - SU434A
SU437A,Samsung CLTW506S Waste Toner Cartridge Box 14K pages - SU437A
CLT-W606,Samsung CLT-W606 Toner Cartridge Original
SU440A,Samsung CLTW659 Waste Toner Cartridge Box 20K pages - SU440A
SS698A,Samsung CLTW806 Waste Toner Cartridge Box 71K pages - SS698A
SS701A,Samsung CLTW808 Waste Toner Cartridge Box 71K pages - SS701A
CLT-W809,Samsung CLT-W809 Toner Cartridge collector 50000 pages
SU444A,Samsung CLTY404S Yellow Toner Cartridge 1K pages - SU444A
SU462A,Samsung CLTY406S Yellow Toner Cartridge 1K pages - SU462A
SU472A,Samsung CLTY4072S Yellow Toner Cartridge 1K pages - SU472A
CLT-Y4092S,Samsung CLT-Y4092S Toner Cartridge Original Yellow
SU491A,Samsung CLTY503L Yellow Toner Cartridge 5K pages - SU491A
SU502A,Samsung CLTY504S Yellow Toner Cartridge 1.8K pages - SU502A
SU512A,Samsung CLTY505L Yellow Toner Cartridge 3.5K pages - SU512A
SU515A,Samsung CLTY506L Yellow Toner Cartridge 3.5K pages - SU515A
SU524A,Samsung CLTY506S Yellow Toner Cartridge 1.5K pages - SU524A
SU532A,Samsung CLTY5082L Yellow Toner Cartridge 4K pages - SU532A
CLT-Y5082S,Samsung CLT-Y5082S Toner Cartridge Original Yellow
SS706A,Samsung CLTY6062S Yellow Toner Cartridge 20k pages - SS706A
SS712A,Samsung CLTY6072S Yellow Toner Cartridge 15k pages - SS712A
SU559A,Samsung CLTY6092S Yellow Toner Cartridge 7K pages - SU559A
SS721A,Samsung CLTY804S Yellow Toner Cartridge 15K pages - SS721A
SS728A,Samsung CLTY806S Yellow Toner Cartridge 30K pages - SS728A
SS735A,Samsung CLTY808S Yellow Toner Cartridge 20K pages - SS735A
SS742A,Samsung CLTY809S Yellow Toner Cartridge 15K pages - SS742A
CLX-C8380A,Samsung CLX-C8380A Toner Cartridge Original Cyan
CLX-C8385A,Samsung CLX-C8385A Toner Cartridge Original Cyan
CLX-K8380A,Samsung CLX-K8380A Toner Cartridge Original Black
CLX-K8385A,Samsung CLX-K8385A Toner Cartridge Original Black
CLX-M8380A,Samsung CLX-M8380A Toner Cartridge Original Magenta
CLX-M8385A,Samsung CLX-M8385A Toner Cartridge Original Magenta
CLX-R8385C,Samsung CLX-R8385C Printer Drum Original
CLX-R8385M,Samsung CLX-R8385M Printer Drum Original
CLX-R8385Y,Samsung CLX-R8385Y Printer Drum Original
CLX-R838XC,Samsung CLX-R838XC Printer Drum Original
CLX-R838XK,Samsung CLX-R838XK Printer Drum Original
CLX-R838XM,Samsung CLX-R838XM Printer Drum Original
CLX-R838XY,Samsung CLX-R838XY Printer Drum Original
CLX-W8380A,Samsung CLX-W8380A Toner Cartridge collector 48000 pages 1
CLX-Y8380A,Samsung CLX-Y8380A Toner Cartridge Original Yellow
CLX-Y8385A,Samsung CLX-Y8385A Toner Cartridge Original Yellow
JC91-01080A,Samsung JC91-01080A Fuser Unit
SU646A,Samsung ML D2850A Black Toner Cartridge 2K pages - SU646A
ML-1610D2,Samsung ML-1610D2 Toner Cartridge Original Black
ML-2250D5,Samsung ML-2250D5 Original Black Toner Cartridge
ML-2550DA,Samsung ML-2550DA Original Black Toner Cartridge
ML-3560D6,Samsung ML-3560D6 Toner Cartridge Original Black
ML-D2850A,Samsung ML-D2850A Toner Cartridge Original Black
ML-D2850AELS,Samsung ML-D2850A/ELS Original Black
ML-D2850B,Samsung ML-D2850B Toner Cartridge Original Black
ML-D3050A,Samsung ML-D3050A Original Black Toner Cartridge
ML-D3050B,Samsung ML-D3050B Original Black Toner Cartridge
ML-D4550A,Samsung ML-D4550A Toner Cartridge Original Black
ML-D4550B,Samsung ML-D4550B Original Black Toner Cartridge
SU696A,Samsung MLTD101S Black Toner Cartridge 1.5K pages - SU696A
SU706A,Samsung MLTD101X Black Toner Cartridge 700 pages - SU706A
SU716A,Samsung MLTD103L Black Toner Cartridge 2.5K pages - SU716A
MLT-D103S,Samsung MLT-D103S Toner Cartridge Original Black
SU737A,Samsung MLTD1042S Black Toner Cartridge 1.5K pages - SU737A
SU738A,Samsung MLTD1042X Black Toner Cartridge 700 pages - SU738A
SU758A,Samsung MLTD1052L Black Toner Cartridge 2.5K pages - SU758A
SU759A,Samsung MLTD1052S Black Toner Cartridge 1.5K pages - SU759A
SU781A,Samsung MLTD1082S Black Toner Cartridge 1.5K pages - SU781A
MLT-D1092S,Samsung MLT-D1092S Original Black Toner Cartridge
SU799A,Samsung MLTD111L Black Toner Cartridge 1.8K pages - SU799A
SU810A,Samsung MLTD111S Black Toner Cartridge 1K pages - SU810A
SU828A,Samsung MLTD116L Black Toner Cartridge 3K pages - SU828A
SU840A,Samsung MLTD116S Black Toner Cartridge 1.2K pages - SU840A
SU863A,Samsung MLTD119S Black Toner Cartridge 2K pages - SU863A
SU885A,Samsung MLTD203E Black Toner Cartridge 10K pages - SU885A
SU897A,Samsung MLTD203L Black Toner Cartridge 5K pages - SU897A
SU907A,Samsung MLTD203S Black Toner Cartridge 3K pages - SU907A
SU951A,Samsung MLTD205E Black Toner Cartridge 10K pages - SU951A
SU963A,Samsung MLTD205L Black Toner Cartridge 5K pages - SU963A
SU974A,Samsung MLTD205S Black Toner Cartridge 2K pages - SU974A
MLT-D2082L,Samsung MLT-D2082L Original Black Toner Cartridge
MLT-D2082S,Samsung MLT-D2082S Toner Cartridge Original Black
SV003A,Samsung MLTD2092L Black Toner Cartridge 5K pages - SV003A
MLT-D2092S,Samsung MLT-D2092S Toner Cartridge Original Black
MLT-D303E,Samsung MLT-D303E Toner Cartridge Original Black
MLT-D304E,Samsung MLT-D304E Toner Cartridge Original Black
MLT-D304L,Samsung MLT-D304L Toner Cartridge Original Black
MLT-D304S,Samsung MLT-D304S Toner Cartridge Original Black
MLT-D305L,Samsung MLT-D305L Toner Cartridge Original Black
SV058A,Samsung MLTD307E Black Toner Cartridge 20K pages - SV058A
SV066A,Samsung MLTD307L Black Toner Cartridge 15K pages - SV066A
MLT-D307S,Samsung MLT-D307S Original Black Toner Cartridge
MLT-D307U,Samsung MLT-D307U Toner Cartridge Original Black
MLT-D309E,Samsung MLT-D309E Toner Cartridge Original Black
SV096A,Samsung MLTD309L Black Toner Cartridge 30K pages - SV096A
MLT-D309S,Samsung MLT-D309S Toner Cartridge Original Black
SV110A,Samsung MLTD358S Black Toner Cartridge pages - SV110A
MLT-D709S,Samsung MLT-D709S Toner Cartridge Original Black
MLT-K606S,Samsung MLT-K606S Toner Cartridge Original Black
SS811A,Samsung MLTK607S Black Toner Cartridge 20K pages - SS811A
SS816A,Samsung MLTK706S Black Toner Cartridge 45K pages - SS816A
SV115A,Samsung MLTP1052A Black Toner Cartridge 2.5K Twinpack pages - SV115A
SV127A,Samsung MLTP2082A Black Toner Cartridge 10K Twinpack pages - SV127A
MLT-R116,Samsung MLT-R116 Toner Cartridge Original
MLT-R304,Samsung MLT-R304 Toner Cartridge Original Black
MLT-R307,Samsung MLT-R307 Toner Cartridge Original
MLT-R309,Samsung MLT-R309 Drum Unit Original Black
MLT-R607K,Samsung MLT-R607K Printer Drum Original
SS853A,Samsung MLTW709 Waste Toner Cartridge 100k pages - SS853A
SV208A,Samsung SCX D6555A Black Toner Cartridge 25K pages - SV208A
SCX-4216D3,Samsung SCX-4216D3 Original Black Toner Cartridge
SCX-4521D3,Samsung SCX-4521D3 Original Black Toner Cartridge
SCX-4720D3,Samsung SCX-4720D3 Toner Cartridge Original Black
SCX-4720D5,Samsung SCX-4720D5 Original Black Toner Cartridge
SCX-6320D8,Samsung SCX-6320D8 Original Black Toner Cartridge
SCX-D4725A,Samsung SCX-D4725A Toner Cartridge Original Black
SCX-D5530A,Samsung SCX-D5530A Toner Cartridge Original Black
SCX-D5530B,Samsung SCX-D5530B Toner Cartridge Original Black
SCX-D6345A,Samsung SCX-D6345A Toner Cartridge Original Black
SV496A,Samsung SCXP6320A Black Toner Cartridge 2 Pack 8K pages - SV496A
AL-100DR,Sharp AL-100DR Printer Drum Original
AL-110DC,Sharp AL-110DC Toner Cartridge Original Black
AR202LT,Sharp AR202LT Toner Cartridge Original Black
AR208LT,Sharp AR208LT Toner Cartridge Original Black
AR310LT,Sharp AR310LT Toner Cartridge Original Black
MX23GTBA,Sharp Black Toner Cartridge 18k pages - MX23GTBA
MX-31GTBA,Sharp Black Toner Cartridge 18k pages - MX31GTBA
MX-36GTBA,Sharp Black Toner Cartridge 24k pages - MX36GTBA
MX50GTBA,Sharp Black Toner Cartridge 36k pages - MX50GTBA
MX51GTBA,Sharp Black Toner Cartridge 40k pages - MX51GTBA
MX61GTBA,Sharp Black Toner Cartridge 40k pages - MX61GTBA
MXC30GTB,Sharp Black Toner Cartridge 6k pages - MXC30GTB
MX23GTCA,Sharp Cyan Toner Cartridge 10k pages - MX23GTCA
MX-31GTCA,Sharp Cyan Toner Cartridge 15k pages - MX31GTCA
MX-36GTCA,Sharp Cyan Toner Cartridge 15k pages - MX36GTCA
MX51GTCA,Sharp Cyan Toner Cartridge 18k pages - MX51GTCA
MX-C30GTC,Sharp Cyan Toner Cartridge 6k pages - MXC30GTC
AR270T,"Sharp Laser Toner Cartridge Black AR 235, 275, M236, M276 Original"
MX23GTMA,Sharp Magenta Toner Cartridge 10k pages - MX23GTMA
MX27GTMA,Sharp Magenta Toner Cartridge 15k pages - MX27GTMA
MX-31GTMA,Sharp Magenta Toner Cartridge 15k pages - MX31GTMA
MX-36GTMA,Sharp Magenta Toner Cartridge 15k pages - MX36GTMA
MX51GTMA,Sharp Magenta Toner Cartridge 18k pages - MX51GTMA
MX-C30GTM,Sharp Magenta Toner Cartridge 6k pages - MXC30GTM
MX-270HB,Sharp MX270HB Toner Cartridge collector 50000 pages
MX-27GTCA,Sharp MX-27GTCA Toner Cartridge Original Cyan
MX-27GTMA,Sharp MX-27GTMA Toner Cartridge Original Magenta
MX-27GTYA,Sharp MX-27GTYA Toner Cartridge Original Yellow
MX-27GTBA,"Sharp Toner Cartridge Black MX-2700 N, MX-2300 N Original"
UXC70B,Sharp UXC70B Ink Cartridge Original Black
MX23GTYA,Sharp Yellow Toner Cartridge 10k pages - MX23GTYA
MX-31GTYA,Sharp Yellow Toner Cartridge 15k pages - MX31GTYA
MX-36GTYA,Sharp Yellow Toner Cartridge 15k pages - MX36GTYA
MX51GTYA,Sharp Yellow Toner Cartridge 18k pages - MX51GTYA
MX-C30GTY,Sharp Yellow Toner Cartridge 6k pages - MXC30GTY
1T02NR0UT0,UTAX 1T02NR0UT0 Toner Cartridge Original Black
1T02NRAUT0,UTAX 1T02NRAUT0 Toner Cartridge Original Yellow
1T02NRBUT0,UTAX 1T02NRBUT0 Toner Cartridge Original Magenta
1T02NRCUT0,UTAX 1T02NRCUT0 Toner Cartridge Original Cyan
006R01159,Xerox 006R01159 Toner Cartridge Original Black
006R01449,Xerox 006R01449 Toner Cartridge Original Black 2 pc(s)
006R01450,Xerox 006R01450 Toner Cartridge Original Yellow 2 pc(s)
006R01451,Xerox 006R01451 Toner Cartridge Original Magenta 2 pc(s)
006R04400,Xerox 006R04400 Black Toner Cartridge 3k pages
013R00589,Xerox 013R00589 Printer Drum Original (DISCONTINUED)
013R00605,Xerox 013R00605 Printer Drum Original 3000 pages
013R00691,Xerox 013R00691 Drum Unit 12k pages
101R00474,Xerox 101R00474 Printer Drum Original 10000 pages
101R00555,Xerox 101R00555 Imaging Drum Cartridge (30000 pages)
101R00602,Xerox 101R00602 C8000 Drum 190K
106R01081,Xerox 106R01081 Toner Cartridge collector 30000 pages
106R01414,Xerox 106r01414 Standard Capacity (4000 pages) Toner Cartridge
106R01582,Xerox 106R01582 Printer Drum Original
106R03942,Xerox 106R03942 VLINK B600 Toner Cartridge Blk 25K
108R00579,Xerox 108R00579 printer roller Printer transfer roller 100000 pages
108R00591,Xerox 108R00591 imaging unit 30000 pages
108R00592,Xerox 108R00592 printer roller Printer transfer roller 15000 pages
108R00593,Xerox 108R00593 imaging unit 50000 pages
108R00594,Xerox 108R00594
108R00601,Xerox 108R00601
108R00603,Xerox 108R00603
108R00645,Xerox 108R00645 Printer Drum Original 35000 pages
108R00646,Xerox 108R00646 printer roller Printer transfer roller 35000 pages
108R00647,Xerox 108R00647 imaging unit Cyan 30000 pages
108R00648,Xerox 108R00648 imaging unit Magenta 30000 pages
108R00649,Xerox 108R00649 imaging unit Yellow 30000 pages
108R00650,Xerox 108R00650 imaging unit Black 30000 pages
108R00675,Xerox 108R00675
108R00676,Xerox 108R00676
108R00691,Xerox 108R00691 Printer Drum Original 20000 pages
108R00697,Xerox 108R00697
108R00713,Xerox 108R00713 imaging unit 35000 pages
108R00718,Xerox 108R00718
108R00722,Xerox 108R00722
108R00744,Xerox 108R00744 imaging unit 12500 pages
108R00868,Xerox 108R00868 imaging unit 20000 pages
108R00975,Xerox 108R00975 Waste Toner Cartridge container Laser/LED printer
108R00982,Xerox 108R00982 Toner Cartridge collector 20000 pages
108R01036,Xerox 108R01036 printer cleaning
108R01053,Xerox 108R01053 printer roller Printer transfer roller 200000 pages
108R01121,Xerox 108R01121 Printer Drum Original
108R01124,Xerox 108R01124 Toner Cartridge collector 30000 pages
108R01148,"Xerox 108R01148 imaging unit Cyan,Magenta,Yellow 24000 pages"
108R01151,Xerox 108R01151 imaging unit Black 24000 pages
108R01416,Xerox 108R01416 Toner Cartridge collector 30000 pages
108R01417,Xerox 108R01417 Printer Drum Original
108R01418,Xerox 108R01418 Printer Drum Original
108R01419,Xerox 108R01419 Printer Drum Original
108R01420,Xerox 108R01420 Printer Drum Original
108R01504,Xerox 108R01504 C8000 Waste Cartridge
108R00829,Xerox 108R829 Ink stick 4 pc(s) Cyan 37000 pages
108R00830,Xerox 108R830 Ink stick 4 pc(s) Magenta 37000 pages
108R00831,Xerox 108R831 Ink stick 4 pc(s) Yellow 37000 pages
108R00832,Xerox 108R832 Ink stick 4 pc(s) Black 40000 pages
109R00732,Xerox 109R00732
109R00754,Xerox 109R00754
109R00783,Xerox 109R00783
109R00784,Xerox 109R00784
106R00688,Xerox 10K Hi Cap Tnr
113R00663,Xerox 113R00663 Printer Drum Original 15000 pages
113R00730,Xerox 113R00730 High Capacity Toner Cartridge
113R00736,Xerox 113R00736
113R00762,Xerox 113R00762 Printer Drum Original 80000 pages
113R00773,Xerox 113R00773 Printer Drum Original
113R00782,Xerox 113R00782 C7000 Drum Kit 82.2K
115R00056,Xerox 115R00056 printer kit
115R00115,Xerox 115R00115 C7000 Fuser Kit
115R00126,Xerox 115R00126 C7000 Transfer Roller
115R00127,Xerox 115R00127 C7000 Belt Cleaner 200K
115R00138,Xerox 115R00138 C7000 Fuser Kit 100K
013R00591,Xerox 13R591 Original Black
113R00656,Xerox 4500 Prt Cartridge
676K05360,Xerox 676K05360 fuser 30000 pages
006R01457,Xerox 6R1457 Original black
006R01458,Xerox 6R1458 Original Yellow
006R01459,Xerox 6R1459 Original Yellow
006R01460,Xerox 6R1460 Original Cyan
006R01513,Xerox 6R1513 Original Black Toner Cartridge
006R01514,Xerox 6R1514 Original Yellow Toner Cartridge
006R01515,Xerox 6R1515 Original Magenta Toner Cartridge
006R01516,Xerox 6R1516 Original Cyan Toner Cartridge
108R00604,Xerox 8400 Blk Ink
8R7661,Xerox 8R7661 Cyan Cartridge Original
8R7663,Xerox 8R7663 Yellow Cartridge Original
101R00664,Xerox B210/B205/B215 Drum Cartridge
108R00774,Xerox Black Drum Cartridge (30000 pages)
006R04378,Xerox Black Extra High Capacity Toner Cartridge 20k pages - 006R04378
106R01510,"Xerox Black High Capacity Toner Cartridge (18,000 pages) Phaser 6700"
106R03757,Xerox Black High Capacity Toner Cartridge 10.7k pages for VCL7000 - 106R03757
106R03876,Xerox Black High Capacity Toner Cartridge 12.1k pages for VLC500/ VLC505 - 106R03876
106R03907,Xerox Black High Capacity Toner Cartridge 12.2k pages for VLC600/ VLC605 - 106R03907
106R03741,Xerox Black High Capacity Toner Cartridge 16.1k pages for VLC70XX - 106R03741
106R03935,Xerox Black High Capacity Toner Cartridge 16.8k pages for VLC605 - 106R03935
106R03923,Xerox Black High Capacity Toner Cartridge 16.9k pages for VLC600 - 106R03923
106R04053,Xerox Black High Capacity Toner Cartridge 20.9k pages for VLC8000 - 106R04053
106R03737,Xerox Black High Capacity Toner Cartridge 23.6k pages for VLC70XX - 106R03737
106R04081,Xerox Black High Capacity Toner Cartridge 31.4k pages for VLC9000 - 106R04081
006R04391,Xerox Black High Capacity Toner Cartridge 3k pages - 006R04391
106R04347,Xerox Black High Capacity Toner Cartridge 3k pages for B205 / B210/ B215 - 106R04347
106R03944,Xerox Black High Capacity Toner Cartridge 45k pages for VLB605/VLB615 VLB600/VLB610 - 106R03944
006R04377,Xerox Black High Capacity Toner Cartridge 8k pages - 006R04377
113R00726,"Xerox Black High Capacity, Phaser 6180 Series Toner Cartridge"
106R01085,"Xerox Black High Capacity, Phaser 6300 (DOES NOT WORK ON PHASER 6350) Toner Cartridge"
106R01147,"Xerox Black High Capacity, Phaser 6350 (DOES NOT WORK ON PHASER 6300) Toner Cartridge"
106R01221,"Xerox Black High Capacity, Phaser 6360 Toner Cartridge"
106R01080,"Xerox Black High-Capacity (15,000 pages*) Toner Cartridge"
108R00974,"Xerox Black Imaging Unit (50,000 pages)Phaser 6700"
108R00608,Xerox Black Ink (6 Per Box) 8400
106R01506,"Xerox Black Standard (7,100 pages) Phaser 6700 Toner Cartridge"
108R01488,Xerox Black Standard Capacity Drum Unit 40k pages for VLC600/ VLC605 - 108R01488
113R00722,"Xerox Black Standard Capacity Print Cartridge, Phaser 6180 Series"
006R04399,Xerox Black Standard Capacity Toner Cartridge 1.2k pages - 006R04399
006R04383,Xerox Black Standard Capacity Toner Cartridge 1.5k pages - 006R04383
106R04346,Xerox Black Standard Capacity Toner Cartridge 1.5k pages for B205 / B210/ B215 - 106R04346
106R03940,Xerox Black Standard Capacity Toner Cartridge 10k pages for VLB605/VLB615 VLB600/VLB610 - 106R03940
106R04041,Xerox Black Standard Capacity Toner Cartridge 12.6k pages for VLC8000 - 106R04041
006R04376,Xerox Black Standard Capacity Toner Cartridge 3k pages - 006R04376
106R03761,Xerox Black Standard Capacity Toner Cartridge 5.3k pages for VCL7000 - 106R03761
106R03862,Xerox Black Standard Capacity Toner Cartridge 5k pages for VLC500/ VLC505 - 106R03862
106R03899,Xerox Black Standard Capacity Toner Cartridge 6k pages for VLC600/ VLC605 - 106R03899
106R01076,"Xerox Black Standard Capacity Toner Cartridge , Phaser 6300/6350"
106R01217,"Xerox Black Standard Capacity, Phaser 6360 Toner Cartridge"
106R01277,Xerox Black Toner Cartridge Bottle
006R01182,Xerox Black Toner Cartridge for CopyCentre 123/128 Original
106R01163,"Xerox Black, high-capacity (Up to 32,000 pages) Toner Cartridge"
106R01334,"Xerox Black, Phaser 6125 Toner Cartridge"
108R00934,"Xerox ColorQube 8570 Ink, black (2 sticks 4300 pages)"
108R00935,"Xerox ColorQube 8570 Ink, black (4 sticks 8600 pages)"
108R00931,"Xerox ColorQube 8570 Ink, Cyan (2 sticks 4400 pages)"
108R00932,"Xerox ColorQube 8570 Ink, magenta (2 sticks 4400 pages)"
108R00933,"Xerox ColorQube 8570 Ink, yellow (2 sticks 4400 pages)"
108R00957,"Xerox ColorQube 8870 Ink, black (6 sticks 16700 pages)"
108R00954,"Xerox ColorQube 8870 Ink, Cyan (6 sticks 17300 pages)"
108R00955,"Xerox ColorQube 8870 Ink, magenta (6 sticks 17300 pages)"
108R00956,"Xerox ColorQube 8870 Ink, yellow (6 sticks 17300 pages)"
106R01271,Xerox Cyan (1K) Toner Cartridge
106R00653,"Xerox Cyan (22,000 Pages*) Toner Cartridge"
108R00775,Xerox Cyan Drum Cartridge (30000 pages)
106R01507,"Xerox Cyan High Capacity Toner Cartridge (12,000 pages) Phaser 6700"
106R03760,Xerox Cyan High Capacity Toner Cartridge 10.1k pages for VCL7000 - 106R03760
106R03904,Xerox Cyan High Capacity Toner Cartridge 10.1k pages for VLC600/ VLC605 - 106R03904
106R03740,Xerox Cyan High Capacity Toner Cartridge 16.5k pages for VLC70XX - 106R03740
106R04050,Xerox Cyan High Capacity Toner Cartridge 16.5k pages for VLC8000 - 106R04050
106R03920,Xerox Cyan High Capacity Toner Cartridge 16.8k pages for VLC600 - 106R03920
106R03932,Xerox Cyan High Capacity Toner Cartridge 16.8k pages for VLC605 - 106R03932
006R04392,Xerox Cyan High Capacity Toner Cartridge 2.5k pages - 006R04392
106R04078,Xerox Cyan High Capacity Toner Cartridge 26.5k pages for VLC9000 - 106R04078
106R03870,Xerox Cyan High Capacity Toner Cartridge 5.2k pages for VLC500/ VLC505 - 106R03870
106R03744,Xerox Cyan High Capacity Toner Cartridge 9.8k pages for VLC70XX - 106R03744
106R03873,Xerox Cyan High Capacity Toner Cartridge 9k pages for VLC500/ VLC505 - 106R03873
113R00723,"Xerox Cyan High Capacity, Phaser 6180 Series Toner Cartridge"
106R01082,"Xerox Cyan High Capacity, Phaser 6300 (DOES NOT WORK ON PHASER 6350) Toner Cartridge"
106R01144,"Xerox Cyan High Capacity, Phaser 6350 (DOES NOT WORK ON PHASER 6300) Toner Cartridge"
106R01218,"Xerox Cyan High Capacity, Phaser 6360 Toner Cartridge"
106R01077,"Xerox Cyan High-Capacity (18,000 pages*) Toner Cartridge"
108R00971,"Xerox Cyan Imaging Unit (50,000 pages)Phaser 6700"
108R00605,Xerox Cyan Ink (3 Per Box ) 8400
106R01503,"Xerox Cyan Standard (5,000 pages) Phaser 6700 Toner Cartridge"
108R01481,Xerox Cyan Standard Capacity Drum Unit 40k pages for VLC500/ VLC505 - 108R01481
113R00719,"Xerox Cyan Standard Capacity Print Cartridge, Phaser 6180 Series"
006R04384,Xerox Cyan Standard Capacity Toner Cartridge 1.5k pages - 006R04384
106R03859,Xerox Cyan Standard Capacity Toner Cartridge 2.4k pages for VLC500/ VLC505 - 106R03859
106R03764,Xerox Cyan Standard Capacity Toner Cartridge 3.3k pages for VCL7000 - 106R03764
106R03896,Xerox Cyan Standard Capacity Toner Cartridge 6k pages for VLC600/ VLC605 - 106R03896
106R04038,Xerox Cyan Standard Capacity Toner Cartridge 7.6k pages for VLC8000 - 106R04038
106R01073,"Xerox Cyan Standard Capacity Toner Cartridge , Phaser 6300/6350"
106R01214,"Xerox Cyan Standard Capacity, Phaser 6360 Toner Cartridge"
106R01150,"Xerox Cyan Standard Toner Cartridge (9,000 pages*)"
106R00672,Xerox Cyan Toner Cartridge
106R01160,"Xerox Cyan, high-capacity (Up to 25,000 pages) Toner Cartridge"
106R01331,"Xerox Cyan, Phaser 6125 Toner Cartridge"
106R01278,"Xerox Cyan, Phaser 6130 Toner Cartridge"
108R00861,Xerox Drum Cartridge (80000 pages)
108R00998,"Xerox Genuine ColorQube 8700/8900 Solid Ink Black(2 Sticks, Yield 4,500 Pages)"
108R00999,"Xerox Genuine ColorQube 8700/8900 Solid Ink Black(4 Sticks, Yield 9,000 Pages)"
108R00995,"Xerox Genuine ColorQube 8700/8900 Solid Ink Cyan(2 Sticks, Yield 4,200 Pages)"
108R00996,"Xerox Genuine ColorQube 8700/8900 Solid Ink Magenta(2 Sticks, Yield 4,200 Pages)"
108R00997,"Xerox Genuine ColorQube 8700/8900 Solid Ink Yellow(2 Sticks, Yield 4,200 Pages)"
108R00668,Xerox Genuine Solid Ink 8500/8550 Black (3 sticks)
108R00672,Xerox Genuine Solid Ink 8500/8550 Black (6 sticks)
108R00669,Xerox Genuine Solid Ink 8500/8550 Cyan (3 sticks)
108R00670,Xerox Genuine Solid Ink 8500/8550 Magenta (3 sticks)
108R00671,Xerox Genuine Solid Ink 8500/8550 Yellow (3 sticks)
108R00726,"Xerox Genuine Solid Ink 8560MFP/8560 Black (3,400 Pages)"
108R00727,"Xerox Genuine Solid Ink 8560MFP/8560 Black (6,800 Pages)"
108R00723,"Xerox Genuine Solid Ink 8560MFP/8560 Cyan (3,400 Pages)"
108R00724,"Xerox Genuine Solid Ink 8560MFP/8560 Magenta (3,400 Pages)"
108R00725,"Xerox Genuine Solid Ink 8560MFP/8560 Yellow (3,400 Pages)"
108R00749,"Xerox Genuine Solid Ink, Phaser 8860/8860MFP Black (6 Sticks)"
108R00746,"Xerox Genuine Solid Ink, Phaser 8860/8860MFP Cyan (6 Sticks)"
108R00747,"Xerox Genuine Solid Ink, Phaser 8860/8860MFP Magenta (6 Sticks)"
108R00748,"Xerox Genuine Solid Ink, Phaser 8860/8860MFP Yellow (6 Sticks)"
113R00712,"Xerox Hi Capacity Print Cartridge (19,000 pages)"
106R00684,"Xerox Hi-Capacity Black (7,000 Pages*) Toner Cartridge"
106R00680,"Xerox Hi-Capacity Cyan (5,000 Pages*) Toner Cartridge"
106R00681,"Xerox Hi-Capacity Magenta (5,000 Pages*) Toner Cartridge"
106R00682,"Xerox Hi-Capacity Yellow (5,000 Pages*) Toner Cartridge"
106R01415,Xerox High Capacity (10000 pages) Toner Cartridge
106R01412,Xerox High Capacity (8000 pages) Toner Cartridge
106R01439,Xerox High Capacity Black (19800 pages) Toner Cartridge
106R01395,"Xerox High Capacity Black (7,000 Pages) Toner Cartridge"
106R01316,"Xerox High Capacity Black Toner Cartridge (12,000 pages)"
113R00692,"Xerox High Capacity Black, 4500 pages Toner Cartridge"
106R01436,Xerox High Capacity Cyan (17800 pages) Toner Cartridge
106R01392,"Xerox High Capacity Cyan (5,900 Pages) Toner Cartridge"
106R01317,Xerox High Capacity Cyan Toner Cartridge (16500 pages)
113R00693,"Xerox High Capacity Cyan, 4500 pages Toner Cartridge"
106R01437,Xerox High Capacity Magenta (17800 pages) Toner Cartridge
106R01393,"Xerox High Capacity Magenta (5,900 Pages) Toner Cartridge"
106R01318,Xerox High Capacity Magenta Toner Cartridge (16500 pages)
113R00695,"Xerox High Capacity Magenta, 4500 pages Toner Cartridge"
106R01530,"Xerox High Capacity Print Cartridge, WorkCentre 3550 (11000 pages)"
106R01149,Xerox High Capacity Toner Cartridge
106R01438,Xerox High Capacity Yellow (17800 pages) Toner Cartridge
106R01394,"Xerox High Capacity Yellow (5,900 Pages) Toner Cartridge"
106R01319,Xerox High Capacity Yellow Toner Cartridge (16500 pages)
113R00694,"Xerox High Capacity Yellow, 4500 pages Toner Cartridge"
106R01374,"Xerox High Capacity, 5000 Pages, Phaser 3250 Toner Cartridge"
108R00795,"Xerox High Capacity, Phaser 3635MFP Toner Cartridge"
106R01379,"Xerox High-Capacity (4K), Phaser 3100Mfp Toner Cartridge"
8R7662,Xerox Ink Cartridge MAGENTATBV XJ4 6C C6 C8 DWC450C(P) Original Magenta
108R00776,Xerox Magenta Drum Cartridge (30000 pages)
106R01508,"Xerox Magenta High Capacity Toner Cartridge (12,000 pages) Phaser 6700"
106R03759,Xerox Magenta High Capacity Toner Cartridge 10.1k pages for VCL7000 - 106R03759
106R03905,Xerox Magenta High Capacity Toner Cartridge 10.1k pages for VLC600/ VLC605 - 106R03905
106R03739,Xerox Magenta High Capacity Toner Cartridge 16.5k pages for VLC70XX - 106R03739
106R04051,Xerox Magenta High Capacity Toner Cartridge 16.5k pages for VLC8000 - 106R04051
106R03921,Xerox Magenta High Capacity Toner Cartridge 16.8k pages for VLC600 - 106R03921
106R03933,Xerox Magenta High Capacity Toner Cartridge 16.8k pages for VLC605 - 106R03933
006R04393,Xerox Magenta High Capacity Toner Cartridge 2.5k pages - 006R04393
106R04079,Xerox Magenta High Capacity Toner Cartridge 26.5k pages for VLC9000 - 106R04079
106R03871,Xerox Magenta High Capacity Toner Cartridge 5.2k pages for VLC500/ VLC505 - 106R03871
106R03743,Xerox Magenta High Capacity Toner Cartridge 9.8k pages for VLC70XX - 106R03743
106R03874,Xerox Magenta High Capacity Toner Cartridge 9k pages for VLC500/ VLC505 - 106R03874
113R00724,"Xerox Magenta High Capacity, Phaser 6180 Series Toner Cartridge"
106R01083,"Xerox Magenta High Capacity, Phaser 6300 (DOES NOT WORK ON PHASER 6350) Toner Cartridge"
106R01145,"Xerox Magenta High Capacity, Phaser 6350 (DOES NOT WORK ON PHASER 6300) Toner Cartridge"
106R01219,"Xerox Magenta High Capacity, Phaser 6360 Toner Cartridge"
106R01078,"Xerox Magenta High-Capacity (18,000 pages*) Toner Cartridge"
108R00972,"Xerox Magenta Imaging Unit (50,000 pages)Phaser 6700"
108R00606,Xerox Magenta Ink (3 Per Box ) 8400
106R01504,"Xerox Magenta Standard (5,000 pages) Phaser 6700 Toner Cartridge"
113R00720,"Xerox Magenta Standard Capacity Print Cartridge, Phaser 6180 Series"
006R04385,Xerox Magenta Standard Capacity Toner Cartridge 1.5k pages - 006R04385
106R03860,Xerox Magenta Standard Capacity Toner Cartridge 2.4k pages for VLC500/ VLC505 - 106R03860
106R03763,Xerox Magenta Standard Capacity Toner Cartridge 3.3k pages for VCL7000 - 106R03763
106R03897,Xerox Magenta Standard Capacity Toner Cartridge 6k pages for VLC600/ VLC605 - 106R03897
106R04039,Xerox Magenta Standard Capacity Toner Cartridge 7.6k pages for VLC8000 - 106R04039
106R01074,"Xerox Magenta Standard Capacity Toner Cartridge , Phaser 6300/6350"
106R01215,"Xerox Magenta Standard Capacity, Phaser 6360 Toner Cartridge"
106R01151,Xerox Magenta Standard Toner Cartridge (9000 pages*)
106R00673,Xerox Magenta Toner Cartridge
106R01161,"Xerox Magenta, high-capacity (Up to 25,000 pages) Toner Cartridge"
106R01332,"Xerox Magenta, Phaser 6125 Toner Cartridge"
106R01279,"Xerox Magenta, Phaser 6130 Toner Cartridge"
113R00184,Xerox N24/32/40 CRU OPB
113R00667,Xerox P16/DRUM Toner Cartridge
113R00296,Xerox P8e/P8ex/WC385 Print Cartridge
109R00725,Xerox Phaser 3130 Cartridgeouche d'impression (3000 pages)
109R00747,Xerox Phaser 3150 High Capacity Print Cartridge (5000 pages)
109R00746,"Xerox Phaser 3150 Standard Capacity Print Cartridge (3,500 pages)"
106R02777,Xerox Phaser 3260 WorkCentre 3225 High Capacity BLACK Toner Cartridge (3000 Pages)
106R02775,Xerox Phaser 3260 WorkCentre 3225 Standard Capacity BLACK Toner Cartridge (1500 Pages)
106R02307,Xerox Phaser 3320 High Capacity Print Cartridge (11000 Pages)
106R02305,Xerox Phaser 3320 Standard Capacity Print Cartridge (5000 Pages)
106R03624,Xerox Phaser 3330 WorkCentre 3335/3345 Extra High Capacity BLACK Toner Cartridge (15000 Pages)
106R03622,Xerox Phaser 3330 WorkCentre 3335/3345 High Capacity BLACK Toner Cartridge (8500 Pages)
106R03620,Xerox Phaser 3330 WorkCentre 3335/3345 Standard Capacity BLACK Toner Cartridge (2600 Pages)
106R01371,Xerox Phaser 3600 High Capacity Toner Cartridge
106R01370,Xerox Phaser 3600 Standard Capacity Toner Cartridge
106R02731,Xerox Phaser 3610 WorkCentre 3615 Extra High Capacity BLACK (25300 Pages) Toner Cartridge
106R02722,Xerox Phaser 3610 WorkCentre 3615 High Capacity BLACK (14100 Pages) Toner Cartridge
106R02720,Xerox Phaser 3610 WorkCentre 3615 Standard Capacity BLACK (5900 Pages) Toner Cartridge
113R00668,"Xerox Phaser 5500 (30,000 pages @ 5%) Toner Cartridge"
113R00670,Xerox Phaser 5500/5550 Drum Cartridge
106R01294,Xerox Phaser 5550 Toner Cartridge
106R01630,"Xerox Phaser 6000/6010 / Workcentre 6015, Standard Capacity Black (2,000 Pages) Toner Cartridge"
106R01627,"Xerox Phaser 6000/6010 / Workcentre 6015, Standard Capacity Cyan (1,000 Pages) Toner Cartridge"
106R01628,"Xerox Phaser 6000/6010 / Workcentre 6015, Standard Capacity Magenta (1,000 Pages) Toner Cartridge"
106R01629,"Xerox Phaser 6000/6010 / Workcentre 6015, Standard Capacity Yellow (1,000 Pages) Toner Cartridge"
106R02759,"Xerox Phaser 6020/6022 WorkCentre 6025/6027 Standard Capacity Black (2,000 Pages) Toner Cartridge"
106R02756,"Xerox Phaser 6020/6022 WorkCentre 6025/6027 Standard Capacity Cyan (1,000 Pages) Toner Cartridge"
106R02757,"Xerox Phaser 6020/6022 WorkCentre 6025/6027 Standard Capacity Magenta (1,000 Pages) Toner Cartridge"
106R02758,"Xerox Phaser 6020/6022 WorkCentre 6025/6027 Standard Capacity Yellow (1,000 Pages) Toner Cartridge"
106R01274,Xerox Phaser 6110 & 6110MFP Black (2K) Toner Cartridge
106R01272,Xerox Phaser 6110 & 6110MFP Magenta (1K) Toner Cartridge
106R01469,"Xerox Phaser 6121MFP, High Capacity Black (2600 pages) Toner Cartridge"
106R01466,"Xerox Phaser 6121MFP, High Capacity Cyan (2600 pages) Toner Cartridge"
106R01467,"Xerox Phaser 6121MFP, High Capacity Magenta (2600 pages) Toner Cartridge"
106R01468,"Xerox Phaser 6121MFP, High Capacity Yellow (2600 pages) Toner Cartridge"
106R01463,"Xerox Phaser 6121MFP, Standard Capacity Cyan Toner Cartridge (1500 pages)"
106R01464,"Xerox Phaser 6121MFP, Standard Capacity Magenta Toner Cartridge (1500 pages)"
106R01465,"Xerox Phaser 6121MFP, Standard Capacity Yellow Toner Cartridge (1500 pages)"
106R01480,"Xerox Phaser 6140, Standard Capacity Black (2,600 Pages) Toner Cartridge"
106R01477,"Xerox Phaser 6140, Standard Capacity Cyan (2,000 Pages) Toner Cartridge"
106R01478,"Xerox Phaser 6140, Standard Capacity Magenta (2,000 Pages) Toner Cartridge"
106R01479,"Xerox Phaser 6140, Standard Capacity Yellow (2,000 Pages) Toner Cartridge"
106R00675,Xerox Phaser 6250 Black High Cap Toner Cartridge
106R00671,Xerox Phaser 6250 Black Std Toner
106R00668,Xerox Phaser 6250 Cyan Std Toner
106R00669,Xerox Phaser 6250 Magenta Std Toner
106R00674,Xerox Phaser 6250 Yellow High Cap Toner Cartridge
106R00670,Xerox Phaser 6250 Yellow Std Toner
106R01597,"Xerox Phaser 6500/WorkCentre 6505, High Capacity Black (3,000 Pages) Toner Cartridge"
106R01594,"Xerox Phaser 6500/WorkCentre 6505, High Capacity Cyan (2,500 Pages) Toner Cartridge"
106R01595,"Xerox Phaser 6500/WorkCentre 6505, High Capacity Magenta (2,500 Pages) Toner Cartridge"
106R01596,"Xerox Phaser 6500/WorkCentre 6505, High Capacity Yellow (2,500 Pages) Toner Cartridge"
106R01591,"Xerox Phaser 6500/WorkCentre 6505, Standard Capacity Cyan Toner Cartridge (1,000 Pages)"
106R01592,"Xerox Phaser 6500/WorkCentre 6505, Standard Capacity Magenta Toner Cartridge (1,000 Pages)"
106R01593,"Xerox Phaser 6500/WorkCentre 6505, Standard Capacity Yellow Toner Cartridge (1,000 Pages)"
106R03480,Xerox PHASER 6510 / WORKCENTRE 6515 Black High Capacity Toner Cartridge (5500 Pages)
106R03476,"Xerox PHASER 6510 / WORKCENTRE 6515 Black Standard Capacity Toner Cartridge (2,500 Pages)"
106R03690,Xerox PHASER 6510 / WORKCENTRE 6515 Cyan Extra High Capacity Toner Cartridge (4300 Pages)
106R03477,"Xerox PHASER 6510 / WORKCENTRE 6515 Cyan High Capacity Toner Cartridge (2,400 Pages)"
106R03473,"Xerox Phaser 6510 / WorkCentre 6515 Cyan Standard Capacity Toner Cartridge (1,000 Pages)"
106R03691,Xerox PHASER 6510 / WORKCENTRE 6515 Magenta Extra High Capacity Toner Cartridge (4300 Pages)
106R03478,"Xerox PHASER 6510 / WORKCENTRE 6515 Magenta High Capacity Toner Cartridge (2,400 Pages)"
106R03474,"Xerox PHASER 6510 / WORKCENTRE 6515 Magenta Standard Capacity Toner Cartridge (1,000 Pages)"
106R03692,"Xerox PHASER 6510 / WORKCENTRE 6515 Yellow Extra High Capacity Toner Cartridge (4,300 Pages)"
106R03479,"Xerox PHASER 6510 / WORKCENTRE 6515 Yellow High Capacity Toner Cartridge (2,400 Pages)"
106R03475,"Xerox PHASER 6510 / WORKCENTRE 6515 Yellow Standard Capacity Toner Cartridge (1,000 Pages)"
106R02232,"Xerox Phaser 6600/WorkCentre 6605 High Capacity Black (8,000 Pages) Toner Cartridge"
106R02229,"Xerox Phaser 6600/WorkCentre 6605 High Capacity Cyan (6,000 Pages) Toner Cartridge"
106R02230,"Xerox Phaser 6600/WorkCentre 6605 High Capacity Magenta (6,000 Pages) Toner Cartridge"
106R02231,"Xerox Phaser 6600/WorkCentre 6605 High Capacity Yellow (6,000 Pages) Toner Cartridge"
106R02248,"Xerox Phaser 6600/WorkCentre 6605 Standard Capacity Black Toner Cartridge (3,000 Pages)"
106R02245,"Xerox Phaser 6600/WorkCentre 6605 Standard Capacity Cyan Toner Cartridge (2,000 Pages)"
106R02246,"Xerox Phaser 6600/WorkCentre 6605 Standard Capacity Magenta Toner Cartridge (2,000 Pages)"
106R02247,"Xerox Phaser 6600/WorkCentre 6605 Standard Capacity Yellow Toner Cartridge (2,000 Pages)"
106R02605,"Xerox Phaser 7100 High Capacity Black (10,000 Pages) Toner Cartridge"
106R02602,"Xerox Phaser 7100 High Capacity Cyan (9,000 Pages) Toner Cartridge"
106R02603,"Xerox Phaser 7100 High Capacity Magenta (9,000 Pages) Toner Cartridge"
106R02604,"Xerox Phaser 7100 High Capacity Yellow (9,000 Pages) Toner Cartridge"
106R02599,"Xerox Phaser 7100 Standard Capacity Cyan (4,500 Pages) Toner Cartridge new"
106R02600,"Xerox Phaser 7100 Standard Capacity Magenta (4,500 Pages) Toner Cartridge"
106R02601,"Xerox Phaser 7100 Standard Capacity Yellow (4,500 Pages) Toner Cartridge"
106R02624,Xerox Phaser 7100 Waste Cartridge Toner Cartridge collector
106R00652,"Xerox Phaser 7750,7760,EX7750 Black (32,000 Pages*) Toner Cartridge"
106R00654,"Xerox Phaser 7750,7760,EX7750 Magenta (22,000 Pages*) Toner Cartridge"
106R01569,"Xerox Phaser 7800 Printer, High Capacity Black (24,000 Pages) Toner Cartridge"
106R01566,"Xerox Phaser 7800 Printer, High Capacity Cyan (17,200 Pages) Toner Cartridge"
106R01567,"Xerox Phaser 7800 Printer, High Capacity Magenta (17,200 Pages) Toner Cartridge"
106R01568,"Xerox Phaser 7800 Printer, High Capacity Yellow (17,200 Pages) Toner Cartridge"
106R01563,"Xerox Phaser 7800 Printer, Standard Capacity Cyan Toner Cartridge (6,000 Pages)"
106R01564,"Xerox Phaser 7800 Printer, Standard Capacity Magenta Toner Cartridge (6,000 Pages)"
106R01565,"Xerox Phaser 7800 Printer, Standard Capacity Yellow Toner Cartridge (6,000 Pages)"
62321,Xerox Premier A5 Paper 1 ream (62321)
113R00657,Xerox Print Cartridge
113R00711,"Xerox Standard (10,000 pages) Toner Cartridge"
106R01411,Xerox Standard Capacity (4000 pages) Toner Cartridge
106R01455,Xerox Standard Capacity Black (3100 pages) Toner Cartridge
106R01391,"Xerox Standard Capacity Black Toner Cartridge (3,000 Pages)"
106R01452,Xerox Standard Capacity Cyan (2500 pages) Toner Cartridge
106R01388,"Xerox Standard Capacity Cyan Toner Cartridge (2,200 Pages)"
106R01320,Xerox Standard Capacity Cyan Toner Cartridge (8000 pages)
106R01433,Xerox Standard Capacity Cyan Toner Cartridge (9600 pages)
113R00780,Xerox Standard Capacity Drum Kit 109k pages - 113R00780
108R01485,Xerox Standard Capacity Drum Kit 40k pages - 108R01485
108R01486,Xerox Standard Capacity Drum Kit 40k pages - 108R01486
101R00554,Xerox Standard Capacity Drum Kit 65k pages - 101R00554
013R00690,Xerox Standard Capacity Drum Unit 40k pages - 013R00690
013R00662,Xerox Standard Capacity Drum Unit Unit 125k pages - 013R00662
115R00062,Xerox Standard Capacity Fuser Unit 100k pages for 7500 - 115R00062
106R01453,Xerox Standard Capacity Magenta (2500 pages) Toner Cartridge
106R01389,"Xerox Standard Capacity Magenta Toner Cartridge (2,200 Pages)"
106R01321,Xerox Standard Capacity Magenta Toner Cartridge (8000 pages)
106R01434,Xerox Standard Capacity Magenta Toner Cartridge (9600 pages)
106R01148,Xerox Standard Capacity Print Cartridge (6K)
108R00793,"Xerox Standard Capacity Print Cartridge, Phaser 3635MFP"
106R01528,"Xerox Standard Capacity Print Cartridge, WorkCentre 3550 (5000 pages)"
115R00129,Xerox Standard Capacity Waste Toner Cartridge 21k pages - 115R00129
115R00128,Xerox Standard Capacity Waste Toner Cartridge 30k for VLC70XX - 115R00128
008R13089,Xerox Standard Capacity Waste Toner Cartridge 33k pages - 008R13089
008R13061,Xerox Standard Capacity Waste Toner Cartridge 44k pages - 008R13061
106R01454,Xerox Standard Capacity Yellow (2500 pages) Toner Cartridge
106R01390,"Xerox Standard Capacity Yellow Toner Cartridge (2,200 Pages)"
106R01322,Xerox Standard Capacity Yellow Toner Cartridge (8000 pages)
106R01435,Xerox Standard Capacity Yellow Toner Cartridge (9600 pages)
106R01373,"Xerox Standard Capacity, 3500 Pages, Phaser 3250 Toner Cartridge"
113R00689,"Xerox Standard Cyan Toner, 1500 pages"
113R00691,"Xerox Standard Magenta Toner, 1500 pages"
113R00690,"Xerox Standard Yellow Toner, 1500 pages"
106R01378,"Xerox Standard-Capacity Print Cartridge (2.2K), Phaser 3100Mfp"
013R00606,"Xerox Toner Cartridge / Drum PE120 (5,000 Pages)"
106R01048,Xerox Toner Cartridge
106R01533,"Xerox Toner Cartridge (13,000 pages)"
106R01409,"Xerox Toner Cartridge (25,000 pages)"
106R01535,"Xerox Toner Cartridge (30,000 pages)"
006R01278,Xerox Toner Cartridge 8K
106R03584,Xerox VersaLink B400/B405 Extra High Capacity BLACK Toner Cartridge (24600 Pages)
106R03582,Xerox VersaLink B400/B405 High Capacity BLACK Toner Cartridge (13900 Pages)
106R03580,Xerox VersaLink B400/B405 Standard Capacity BLACK Toner Cartridge (5900 Pages)
106R03528,"Xerox VersaLink C400/C405 Black Extra High Capacity Toner Cartridge (10,500 Pages)"
106R03516,"Xerox VersaLink C400/C405 Black High Capacity Toner Cartridge (5,000 Pages)"
106R03500,"Xerox VersaLink C400/C405 Black Standard Capacity Toner Cartridge (2,500 Pages)"
106R03530,"Xerox VersaLink C400/C405 Cyan Extra High Capacity Toner Cartridge (8,000 Pages)"
106R03518,"Xerox VersaLink C400/C405 Cyan High Capacity Toner Cartridge (4,800 Pages)"
106R03502,"Xerox VersaLink C400/C405 Cyan Standard Capacity Toner Cartridge (2,500 Pages)"
106R03531,"Xerox VersaLink C400/C405 Magenta Extra High Capacity Toner Cartridge (8,000 Pages)"
106R03519,"Xerox VersaLink C400/C405 Magenta High Capacity Toner Cartridge (4,800 Pages)"
106R03503,"Xerox VersaLink C400/C405 Magenta Standard Capacity Toner Cartridge (2,500 Pages)"
106R03529,"Xerox VersaLink C400/C405 Yellow Extra High Capacity Toner Cartridge (8,000 Pages)"
106R03517,Xerox VersaLink C400/C405 Yellow High Capacity Toner Cartridge (4.800 Pages)
106R03501,"Xerox VersaLink C400/C405 Yellow Standard Capacity Toner Cartridge (2,500 Pages)"
106R01368,Xerox Waste Cartridge
106R00683,"Xerox Waste Cartridge (5,000 pages)"
108R00575,"Xerox Waste Cartridge (Up to 27,000 pages)"
008R13326,Xerox Waste Toner Cartridge 15k pages - 008R13326
108R00865,Xerox Waste Toner Cartridge Catridge (20000 pages)
106R02309,Xerox WorkCentre 3315 Standard Capacity Print Cartridge (2300 Pages)
106R02311,Xerox WorkCentre 3315/3325 Print Cartridge (5000 Pages)
106R02313,Xerox WorkCentre 3325 High Capacity Print Cartridge (11000 Pages)
106R02740,Xerox WorkCentre 3655 Extra High Capacity BLACK Toner Cartridge (25900 Pages)
106R02738,Xerox WorkCentre 3655 High Capacity BLACK Toner Cartridge (14400 Pages)
106R02736,Xerox WorkCentre 3655 Standard Capacity BLACK Toner Cartridge (6100 Pages)
106R02747,"Xerox WorkCentre 6655 High Capacity Black Toner Cartridge (12,000 Pages)"
106R02744,"Xerox WorkCentre 6655 High Capacity Cyan Toner Cartridge (7,500 Pages)"
106R02745,"Xerox WorkCentre 6655 High Capacity Magenta Toner Cartridge (7,500 Pages)"
106R02746,"Xerox WorkCentre 6655 High Capacity Yellow Toner Cartridge (7,500 Pages)"
106R00586,Xerox WorkCentre M15 / WC412 Toner Cartridge (6000 PAGES)
106R01273,Xerox Yellow (1K) Toner Cartridge
108R00777,Xerox Yellow Drum Cartridge (30000 pages)
106R01079,"Xerox Yellow High Capacity (18,000 pages*) Toner Cartridge"
106R01509,"Xerox Yellow High Capacity Toner Cartridge (12,000 pages) Phaser 6700"
106R03758,Xerox Yellow High Capacity Toner Cartridge 10.1k pages for VCL7000 - 106R03758
106R03906,Xerox Yellow High Capacity Toner Cartridge 10.1k pages for VLC600/ VLC605 - 106R03906
106R03738,Xerox Yellow High Capacity Toner Cartridge 16.5k pages for VLC70XX - 106R03738
106R04052,Xerox Yellow High Capacity Toner Cartridge 16.5k pages for VLC8000 - 106R04052
106R03922,Xerox Yellow High Capacity Toner Cartridge 16.8k pages for VLC600 - 106R03922
106R03934,Xerox Yellow High Capacity Toner Cartridge 16.8k pages for VLC605 - 106R03934
006R04394,Xerox Yellow High Capacity Toner Cartridge 2.5k pages - 006R04394
106R04080,Xerox Yellow High Capacity Toner Cartridge 26.5k pages for VLC9000 - 106R04080
106R03872,Xerox Yellow High Capacity Toner Cartridge 5.2k pages for VLC500/ VLC505 - 106R03872
106R03742,Xerox Yellow High Capacity Toner Cartridge 9.8k pages for VLC70XX - 106R03742
106R03875,Xerox Yellow High Capacity Toner Cartridge 9k pages for VLC500/ VLC505 - 106R03875
113R00725,"Xerox Yellow High Capacity, Phaser 6180 Series Toner Cartridge"
106R01084,"Xerox Yellow High Capacity, Phaser 6300 (DOES NOT WORK ON PHASER 6350) Toner Cartridge"
106R01146,"Xerox Yellow High Capacity, Phaser 6350 (DOES NOT WORK ON PHASER 6300) Toner Cartridge"
106R01220,"Xerox Yellow High Capacity, Phaser 6360 Toner Cartridge"
108R00973,"Xerox Yellow Imaging Unit (50,000 pages)Phaser 6700"
108R00607,Xerox Yellow Ink (3 Per Box ) 8400
106R01505,"Xerox Yellow Standard (5,000 pages) Phaser 6700 Toner Cartridge"
113R00721,"Xerox Yellow Standard Capacity Print Cartridge, Phaser 6180 Series"
006R04386,Xerox Yellow Standard Capacity Toner Cartridge 1.5k pages - 006R04386
106R04068,Xerox Yellow Standard Capacity Toner Cartridge 12.3k pages for VLC9000 - 106R04068
106R03861,Xerox Yellow Standard Capacity Toner Cartridge 2.4k pages for VLC500/ VLC505 - 106R03861
106R03762,Xerox Yellow Standard Capacity Toner Cartridge 3.3k pages for VCL7000 - 106R03762
106R03898,Xerox Yellow Standard Capacity Toner Cartridge 6k pages for VLC600/ VLC605 - 106R03898
106R04040,Xerox Yellow Standard Capacity Toner Cartridge 7.6k pages for VLC8000 - 106R04040
106R01075,"Xerox Yellow Standard Capacity Toner Cartridge , Phaser 6300/6350"
106R01216,"Xerox Yellow Standard Capacity, Phaser 6360 Toner Cartridge"
106R01152,"Xerox Yellow Standard Toner Cartridge (7,500 pages*)"
106R01162,"Xerox Yellow, high-capacity (Up to 25,000 pages) Toner Cartridge"
106R01333,"Xerox Yellow, Phaser 6125 Toner Cartridge"
106R01280,"Xerox Yellow, Phaser 6130 Toner Cartridge"
CWC-KY-TK5240RPACK,Compatible Kyocera TK-5240 4 Colour Pack
CWC-C-054HC,Compatible Canon 054HC Cyan Hi Capacity Toner Cartridge (3027C002)
HL-L5200DW,Brother HL-L5200DW A4 Mono Laser Printer
MFC-L6900DW,Brother MFC-L6900DW A4 Mono Multifunction Laser Printer
HL-L9310CDW,Brother HL-L9310CDW A4 Colour Laser Printer
MFC-L9570CDW,Brother MFC-L9570CDW A4 Colour Multifunction Laser Printer
CWC-X-101R00474,Compatible Xerox Drum 101R00474 Black 10000 Page Yield
DR2400,Brother DR-2400 Drum Unit
40X9929,Lexmark 40X9929 printer/scanner spare part Belt Multifunctional
CWC-C-057H,Compatible Canon 057H Toner Cartridge - Non MPS (3010C002)
C13T00P140,Epson 104 Black Ink Bottle (65ml) - C13T00P140
C13T00P240,Epson 104 Cyan Ink Bottle /70ml) - C13T00P240
C13T00P340,Epson 104 Magenta Ink Bottle (70ml) - C13T00P340
C13T00P440,Epson 104 Yellow Ink Bottle (70ml) - C13T00P440
C13T00P640,Epson 104 Black & Colour Ink Bottle 4 Pack - C13T00P640
CWC-C-054HM,Compatible Canon 054HM Magenta Hi Capacity Toner Cartridge (3026C002)
CWC-C-054HY,Compatible Canon 054H Yellow Hi Capacity Toner Cartridge (3025C002)
CWC-SH-AR202LT,Compatible Sharp Black Toner Cartridge AR-202LT
C13T06B140,Epson 113 Ecotank Pigment Black Ink 127ml (C13T06B140)
CWC-O-46507508,Compatible Oki 46507508 Black Toner Cartridge
CWC-O-4650750MP,Compatible Oki 4650750 3 Colour Toner Cartridge Pack
C13T06B240,Epson 113 EcoTank Cyan Ink (C13T06B240)
C13T06B340,Epson 113 EcoTank Magenta Ink (C13T06B340)
C13T06BPACK,Epson 113 4 Bottle Colour Ink Multipack
CWC-E-405XLMP,Compatible Epson 405XL High Capacity 4 Colour Multipack (C13T05H64010)
D0135X001,Brother DCPL3550CDW Fuser Unit
CWC-S-CLTMP504S,Compatible Samsung CLT-504S/ELS Multipack
C6035A,HP 24 INCH - 610MM X 45.7m BRIGHT WHITE InkJET PAPER
C6036A,Hp 36 Inch - 914Mm X 45.7M Bright White Inkjet Paper
C43S015354,EPSON ERC9 FABRIC RIBBON M-160 163 164 180 182 183 185
TX141,BROTHER TX141 BLACK ON CLEAR 18MM GLOSS
C13S041079,Epson A2 Photo Ink Jet Paper A2 Photo Quality Ink Jet Paper
C13S041068,Epson A3 Photo Ink Jet Paper A3 Photo Quality Ink Jet Paper
TZE231,Brother Tze231 Black On White 12Mm Gloss 8M
TZE131,BROTHER TZE131 BLACK ON CLEAR 12MM GLOSS
TZE335,BROTHER TZE335 WHITE ON BLACK 12MM GLOSS
TZE111,Brother Tze111 Black On Clear 6Mm Gloss
TZE211,BROTHER TZE211 P-TOUCH TZE LABEL TAPE 6MM GLOSS
TZE315,Brother Tze315 White On Black 6Mm Gloss
TZE121,Brother Tze121 P-Touch Tze Label Tape 9Mm Gloss
TZE221,BROTHER TZE221 BLACK ON WHITE 9MM GLOSS
TZE431,Brother Tze431 Black On Red 12Mm Gloss
TZE631,Brother Tze631 P-Touch Tze Label Tape 12Mm Gloss
TZE731,Brother Tze731 Black On Green 12Mm Gloss
TZE141,Brother Tze141 P-Touch Tze Label Tape 18Mm Gloss
TZE241,BROTHER TZE241 P-TOUCH TZE LABEL TAPE 18MM GLOSS
TZE441,Brother Tze441 Black On Red 18Mm Gloss
TZE641,Brother Tze641 P-Touch Tze Label Tape 18Mm Gloss
TZE251,Brother Tze251 P-Touch Tze Label Tape 24Mm Gloss
TZE751,BROTHER TZE751 BLACK ON GREEN 24MM GLOSS
TZE355,Brother Tze355 White On Black 24Mm Gloss
TZEB51,Brother Tzb51 Black On Orange 24Mm Fluorescent
TZEN231,BROTHER TZEN231 BLACK ON WHITE 12MM NON LAMINATED
MK231BZ,BROTHER MK231BZ BLACK ON WHITE 12MM PLASTIC TAPES
MK221BZ,BROTHER MK221BZ BLACK ON WHITE 9MM PLASTIC TAPES
TZE161,Brother Tze161 Black On Clear 36Mm Gloss
TZE262,Brother Tze262 Red On White 36Mm Gloss
TZE135,Brother Tze135 White On Clear 12Mm Gloss
C13S041334,EPSON A3 SEMIGLOSS PHOTO PAPER EPSON A3 PREMIUM SEMIGLOSS PHOPAPER
PC72RF,BROTHER PC72RF TWIN PACK REFILL
Q1397A,Hp 36 Inch - 914Mm X 45.7M Universal Bond Paper
Q1398A,HP Univ 1067mm Inkjet Bond Pap HP LF BOND 42? X 150FT
Q1406B,Hp 42 Inch - 1067Mm X 45.7M Universal Coated Paper
Q1396A,Hp 24 Inch - 610Mm X 45.7M Universal Bond Paper
TX741,BROTHER 18MM BLACK ON GREEN BROTHER 18MM BLACK ON GREEN
TZES211,Brother Tzes211 Black On White 6Mm Strong Adhesive
TZES231,Brother Tzes231 Black On White 12Mm Strong Adhesive
TZES251,Brother Tzes251 Black On White 24Mm Strong Adhesive
DK11208,BROTHER DK11208 LARGE ADDRESS 38(W)X90(L)MM 400 LABELS
DK11201,BROTHER DK11201 STANDARD 29(W)X90(L)MM 400 LABELS
1686B026,Canon Sg-201 A3 Photo Paper Bj Media 20 Sheets
1686B018,Canon Sg-201 8X10 Photo Paper Bj Media 20 Sheets
2311B018,Canon Pp-201 5X7 Photo Paper Photo Paper 20 Sheets
DK22205,BROTHER DK22205 PAPER 62MM(W) X 30.48(L) METRE
DK11202,BROTHER DK11202 SHIPPING 62(W)X100(L)MM 300 LABELS
DK11204,BROTHER DK11204 MULTI PURPOSE 17(W)X54(L)MM 400 LABELS
2768B013,Canon Pt-101 4X6 Photo Paper Platinum Photo Paper 20 Sheets
BP71GP50,BROTHER BP71GP50 6 X 4 GLOSSY 50 SHEETS
DK22210,BROTHER DK22210 PAPER 29MM(W) X 30.48 (L) METRE
DK22223,BROTHER DK22223 PAPER 50MM(W) X 30.48 (L) METRE
DK11209,BROTHER DK11209 SMALL ADDRESS 62(W)X29(L)MM 800 LABELS
DKN55224,Brother Dkn55224 Paper 54Mm Non Adhesive Thick Paper Roll
TZEFX221,Brother Tzefx221 Black On White 9Mm Flexi Tape
TZE145,Brother Tze145 White On Clear 18Mm Gloss
TZEFX251,Brother Tzefx251 Black On White 24Mm Flexi Tape
TZES261,Brother Tzes261 Black On White 36Mm Strong Adhesive
STE151,BROTHER STE151 STAMP CASSETTE 24MM STAMP TAPE
MK231SBZ,BROTHER MK231SBZ BLACK ON WHITE 12MM PLASTIC TAPES
DK22225,BROTHER DK22225 PAPER 38MM(W) X 30.48 (L) METRE
HG631V5,Brother Hge631V5 Black On Yellow 5 Pack 12Mm High Grade
HGE131V5,BROTHER HG131V5 BLACK ON CLEAR 5 PACK 12MM HIGH GRADE
TZE231S2,BROTHER TZE231S BLACK ON WHITE 12MM GLOSS 4M
3787B003AA,CANON C-EXV34 DRUM Cyan (3787B003AA)
3788B003AA,CANON C-EXV34 DRUM MAGENTA (3788B003AA)
3789B003AA,CANON C-EXV34 DRUM YELLOW (3789B003AA)
4791B002AA,CANON C-EXV38 TONER
BU320CL,BROTHER BU320CL BELT UNIT 8400 8350 8650 9200 8850
5740-086,KODAK ULTRA PREMIUM PAPER PHOTO GLOSS A4 280GSM
5740-088,KODAK ULTRA PREMIUM PAPER PHOTO GLOSS A6 280GSM
5740-513,KODAK PHOTO GLOSS PAPER A4 180GSM
5740-094,KODAK PREMIUM PAPER PHOTO GLOSS A4 240GSM
5740-096,KODAK PREMIUM PAPER PHOTO GLOSS PAPER A6 240GSM
1603C001,Canon Gi-590 Black Ink Bottle G3500 G2500 G1500 G4500
1604C001,Canon Gi-590 Cyan Ink Bottle G3500 G2500 G1500 G4500
1605C001,Canon Gi-590 Magenta Ink Botle G3500 G2500 G1500 G4500
1606C001,Canon Gi-590 Yellow Ink Bottle G3500 G2500 G1500 G4500
C13T00R140,Epson 106 Bright Black Ink Cartridge Ecotank 5000 Pages
C13T00R240,Epson 106 Cyan Ink Cartridge Ecotank 5000 Pages 70Ml
C13T00R340,Epson 106 Magenta Ecotank Ink Bottle
C13T00R440,EPSON 106 YELLOW Ink Cartridge 5000 PAGES 70ML
CZ1005,BROTHER 50MM ROLL CASSETTE VC-500W
2789B002AB,CANON C-EXV28 BLACK Toner Cartridge C-EXV28
2793B002AB,CANON C-EXV28 Cyan Toner Cartridge (2793B002)
TZERN34,BROTHER PTOUCH RIBBON 12MM X 4M GOLD ON NAVY BLUE
TZER234,BROTHER PTOUCH RIBBON 12MM X 4M GOLD ON WHITE
TZERE34,BROTHER PTOUCH RIBBON 12MM X 4M GOLD ON PINK
TZEMQE31,Brother Ptouch Ribbon 12Mm X 4M Black On Pastel Pink
TZEMPSL31,BROTHER PTOUCH RIBBON 12MM X 4M BLACK ON SILVER
5740-097,KODAK PHOTO GLOSS PAPER A6 (4x6) 180GSM (100 PACK)
5740-512,KODAK PHOTO GLOSS PAPER A4 180GSM (20 PACK)
4931C001,CANON 064Y YELLOW Toner Cartridge 064Y MF832CDW (4931C001)
4932C001,CANON 064HY YELLOW Toner Cartridge (4932C001) MF832CDW
4934C001,CANON 064HM MAGENTA Toner Cartridge 064HM MF832CDW (4934C001)
4935C001,CANON 064C Cyan Toner Cartridge 064C MF832CDW
4936C001,Canon 064Hc Cyan Toner Cartridge 064Hc Mf832Cdw
4937C001,Canon 064Bk Black Toner Cartridge 064Bk Mf832Cdw
4938C001,Canon 064Hbk Black Toner Cartridge 064Hbk Mf832Cdw
3763C002AA,Canon C-Exv58 Toner Cartridge Black Canon C-Exv58
3767C002AA,Canon C-Exv58 Toner Cartridge Cyan Canon C-Exv58
3768C002AA,Canon C-Exv58 Toner Cartridge Magenta Canon C-Exv58
3769C002AA,Canon C-Exv58 Toner Cartridge Yellow Canon C-Exv58
LC422BK,BROTHER LC422BK BLACK Ink MFC-J5340DW MFC-J5740DW MFC-J6540DW MFC-J6940DW
LC422C,BROTHER LC422C Cyan Ink MFC-J5340DW MFC-J5740DW MFC-J6540DW MFC-J6940DW
LC422M,BROTHER LC422M MAGENTA Ink MFC-J5340DW MFC-J5740DW MFC-J6540DW MFC-J6940DW
LC422Y,BROTHER LC422Y YELLOW Ink MFC-J5340DW MFC-J5740DW MFC-J6540DW MFC-J6940DW
LC422VAL,BROTHER LC422VAL VALUE PACK MFC-J5340DW MFC-J5740DW MFC-J6540DW MFC-J6940DW
LC422XLBK,BROTHER LC422XLBK BLACK Ink MFC-J5340DW MFC-J5740DW MFC-J6540DW MFC-J6940DW
LC422XLC,BROTHER LC422XL Cyan Ink MFC-J5340DW MFC-J5740DW MFC-J6540DW MFC-J6940DW
LC422XLM,BROTHER LC422XLM MAGENTA Ink MFC-J5340DW MFC-J5740DW MFC-J6540DW MFC-J6940DW
LC422XLY,BROTHER LC422XLY YELLOW Ink MFC-J5340DW MFC-J5740DW MFC-J6540DW MFC-J6940DW
LC422XLVAL,BROTHER LC422XLVAL VALUE PACK MFC-J5340DW MFC-J5740DW MFC-J6540DW MFC-J6940DW
24B7518,Lexmark Xcc2342 Black Toner Cartridge Xcc2342 Xcc2352 Xc4342 Xc4352
24B7515,Lexmark Xcc2342 Cyan Toner Cartridge Xcc2342 Xcc2352 Xc4342 Xc4352
24B7516,Lexmark Xcc2342 Magenta Toner Cartridge Xcc2342 Xcc2352 Xc4342 Xc4352
24B7517,Lexmark Xcc2342 Yellow Toner Cartridge Xcc2342 Xcc2352 Xc4342 Xc4352
24B7514,Lexmark C4342 C4352 Black Lexmark C4342 C4352 Black Toner Cartridge 24B7514
24B7511,Lexmark C4342 C4352 Cyan Toner Cartridge C4342 C4352
24B7512,Lexmark C4342 Magenta Toner Cartridge C4342 C4352
24B7513,Lexmark C4342 Yellow Toner Cartridge C4342 C4352
TN2420TWIN,Brother Black Toner Cartridge Twin Pack Hl-L2310D Hl-L2350Dw Hl-L2370Dn
5091C002,Canon 069Y Yellow Toner Cartridge Lbp673Cdw Mf754Cdw Mf752Cdw
5095C002,Canon 069Hy Yellow Toner Cartridge Lbp673Cdw Mf754Cdw Mf752Cdw
5092C002,Canon 069M Magenta Toner Cartridge Lbp673Cdw Mf754Cdw Mf752Cdw
5096C002,Canon 069Hm Magenta Toner Cartridge Lbp673Cdw Mf754Cdw Mf752Cdw
5093C002,Canon 069C Cyan Toner Cartridge Lbp673Cdw Mf754Cdw Mf752Cdw
5097C002,Canon 069Hc Cyan Toner Cartridge Lbp673Cdw Mf754Cdw Mf752Cdw
5094C002,Canon 069Bk Black Toner Cartridge Lbp673Cdw Mf754Cdw Mf752Cdw
5098C002,Canon 069Hbk Black Toner Cartridge Lbp673Cdw Mf754Cdw Mf752Cdw
C13T09Q14010,Epson Chillie 503 Black Ink Singlepack Ink
C13T09Q24010,Epson Chillie 503 Cyan Ink Singlepack Ink
C13T09Q34010,Epson Chillie 503 Magenta Ink Singlepack Ink
C13T09Q44010,Epson Chillie 503 Yellow Ink Singlepack Ink
C13T09Q64010,EPSON CHILLIE 503 MULTIPACK 4 MULTIPACK Ink
C13T09Q64510,Epson Chillie 503 Mp Easymail Multipack Ink
C13T09R14010,Epson Chillie 503Xl Black Ink Singlepack Ink
C13T09R24010,Epson Chillie 503Xl Cyan Ink Singlepack Ink
C13T09R34010,Epson Chillie 503Xl Magenta Singlepack Ink
C13T09R44010,Epson Chillie 503Xl Yellow Ink Singlepack Ink
C13T09R64010,Epson Chillie 503Xl Multipack Multipack Ink
C13T09R94010,Epson Chillie 503Xl Bk/Std Cmy Multipack Ink
C13T10G14010,Epson Pineapple 604 Black Ink Singlepack Ink
C13T10G34010,Epson Pineapple 604 Magetna Singlepack Ink
C13T10G44010,Epson Pineapple 604 Yellow Ink Singlepack Ink
C13T10G64010,Epson Pineapple 604 Multipack Multipack Ink
C13T10H14010,Epson Pineapple 604Xl Black Singlepack Ink
C13T10H24010,Epson Pineapple 604Xl Cyan Ink Singlepack Ink
C13T10H34010,Epson Pineapple 604Xl Magenta Singlepack Ink
C13T10H44010,Epson Pineapple 604Xl Yellow Singlepack Ink
C13T10H64010,Epson Pineapple 604Xl 4 Ink Multipack Ink
C13T10H64510,Epson Pineapple 604Xl Easymail Multipack Ink
C13T10H94010,Epson Pineapple 604 Bkxl/Std C Multipack Ink
W1420A,HP 142A Black Original LaserJet Toner Cartridge (W1420A)
ADS-1200,"Brother ADS-1200 scanner ADF scanner 600 x 600 DPI A4 Black, White"
ADS-1700W,"Brother ADS-1700W scanner ADF scanner 600 x 600 DPI A4 Black, White"
ADS-2200,"Brother ADS-2200 scanner ADF scanner 600 x 600 DPI A4 Black, White"
ADS-2400N,Brother ADS-2400N scanner ADF scanner 600 x 600 DPI A4 Black
ADS4100ZU1,Brother ADS-4100 Desktop document scanner
ADS4300NZU1,"Brother ADS-4300N ADF scanner 600 x 600 DPI A4 Black, White"
ADS4700WZU1,"Brother ADS-4700W ADF + Sheet-fed scanner 600 x 600 DPI A4 Black, White"
DCP-J1140DWZU1,Brother DCP-J1140DW Inkjet A4 6000 x 1200 DPI 17 ppm Wi-Fi
DCP-J1200W,Brother DCP-J1200W multifunctional Inkjet A4 1200 x 6000 DPI Wi-Fi
DCP-L2510D,Brother DCP-L2510D multifunctional Laser A4 1200 x 1200 DPI 30 ppm
DCP-L3550CDW,Brother DCP-L3550CDW multifunctional LED A4 2400 x 600 DPI 18 ppm Wi-Fi
DS-740D,"Brother DS-740D scanner Sheet-fed scanner 600 x 600 DPI A4 Black, White"
DS-940DW,"Brother DS-940DW scanner Sheet-fed scanner 600 x 600 DPI A4 Black, White"
FAX-2840,"Brother FAX-2840 fax machine Laser 33.6 Kbit/s A4 Black, Grey"
GL-H105,Brother GL-H105 label printer Thermal transfer TZ/TZe ABC
HL-L2310D,Brother HL-L2310D laser printer 2400 x 600 DPI A4
HL-L3210CW,Brother HL-L3210CW laser printer Colour 2400 x 600 DPI A4 Wi-Fi
HL-L3230CDW,Brother HL-L3230CDW laser printer Colour 2400 x 600 DPI A4 Wi-Fi
HL-L3270CDW,Brother HL-L3270CDW laser printer Colour 2400 x 600 DPI A4 Wi-Fi
HL-L6300DW,Brother HL-L6300DW laser printer 1200 x 1200 DPI A4 Wi-Fi
HL-L6400DW,Brother HL-L6400DW laser printer 1200 x 1200 DPI A4 Wi-Fi
HL-L8360CDW,Brother HL-L8360CDW laser printer Colour 2400 x 600 DPI A4 Wi-Fi
HLL-9310CDW,Brother HLL9310CDW Colour 2400 x 600 DPI A4 Wi-Fi
PT-M95,Brother PT-M95 label printer Thermal transfer 203 x 203 DPI QWERTY
PT-P700,Brother PT-P700 label printer 180 x 180 DPI Wired TZe
QL-700,Brother QL-700 label printer Direct thermal 300 x 300 DPI DK
QL-800,Brother QL-800 label printer Direct thermal Colour 300 x 600 DPI Wired DK
LT-6505,Brother LT-6505 tray/feeder Auto document feeder (ADF) 520 sheets
MFC-J4340DW,Brother MFC-J4340DW multifunctional Inkjet A4 4800 x 1200 DPI Wi-Fi
MFC-J4540DWXL,Brother MFC-J4540DWXL multifunctional Inkjet A4 4800 x 1200 DPI Wi-Fi
MFC-J5340DWZU1,Brother MFC-J5340DW Inkjet A3 1200 x 4800 DPI Wi-Fi
MFC-J5740DWZU1,Brother MFC-J5740DW Inkjet A3 1200 x 4800 DPI Wi-Fi
MFC-J6955DWTS1,Brother MFC-J6955DW Inkjet A3 1200 x 4800 DPI Wi-Fi
MFC-J6540DWZU1,Brother MFC-J6540DW Inkjet A4 1200 x 4800 DPI Wi-Fi
MFC-J6957DWTS1,Brother MFC-J6957DW Inkjet A3 1200 x 4800 DPI Wi-Fi
MFC-L2710DW,Brother MFC-L2710DW multifunctional Laser A4 1200 x 1200 DPI 30 ppm Wi-Fi
MFC-L2730DW,Brother MFC-L2730DW multifunctional Laser A4 2400 x 600 DPI 34 ppm Wi-Fi
MFC-L3710CW,Brother MFC-L3710CW multifunctional LED A4 2400 x 600 DPI 19 ppm Wi-Fi
MFC-L3730CDN,Brother MFC-L3730CDN multifunctional LED A4 2400 x 600 DPI 18 ppm
MFC-L5700DN,Brother MFC-L5700DN multifunctional Laser A4 1200 x 1200 DPI 40 ppm
MFC-L8690CDW,Brother MFC-L8690CDW laser printer Colour 2400 x 600 DPI A4 Wi-Fi
PTP710BT,Brother PT-P710BT label printer Thermal transfer 180 x 360 DPI Wired & Wireless
VC-500W,Brother VC-500W label printer ZINK (Zero-Ink) Colour 313 x 313 DPI CZ
CWC-C-PGI550CLI551XLMPx2,2 x Compatible Canon PGI-550/CLI-551 XL Multipack (10 Cartridges)
CWC-C-PGI550CLI551XLMPx3,3 x Compatible Canon PGI-550/CLI-551 XL Multipack (15 Cartridges)
MFCJ5955DW,Brother MFC-J5955DW A4 Colour Inkjet MFP
CWC-C-PGI550CLI551XLMPx4,4 x Compatible Canon PGI-550/CLI-551 XL Multipack (20 Cartridges)
LPMM65550NW,Pantum M6550NW Laser Printer 22ppm MFP
LPMP2500W,Pantum P2500W Laser Printer 22ppm SFP
CWC-T-2309E,Cartridge World Compatible Compatible Toshiba T2309E Copier Toner
LPMM7105DW,Pantum M7105DW Laser Printer 33ppm MFP
CWC-R-8418MP,Compatible Ricoh 4 Colour Toner Cartridge Multipack 8418
LPMP3305DN,Pantum P3305DN Laser Printer 33ppm SFP
88122000,Pantum P2000 M6000 Std Yld Toner Cartridge PA-110
88122001,Pantum P2000 M6000 Hi Yld Toner Cartridge PA-110H
88122500,Pantum P2500 Std Yld Toner Cartridge PA-210
88123010,Pantum P3010 Std Yld Toner Cartridge TL-410
88123011,Pantum P3010 Hi Yld Toner Cartridge TL-410H
88123012,Pantum P3010 Extra Hi Yld Toner Cartridge TL-410X
88123102,Pantum P3500 Extra Hi Yld Toner Cartridge PA-310X
88123101,Pantum P3500 Hi Yld Toner Cartridge PA-310H
88123305,Pantum P3305 Std Yld Toner Cartridge TL-425H
88123306,Pantum P3305 Hi Yld Toner Cartridge TL-425X
88123307,Pantum P3305 Extra Hi Yld Toner Cartridge TL-425U
88125100,Pantum BP5100 Std Yld Toner Cartridge TL-5120
88125111,Pantum BP5100 Hi Yld Toner Cartridge TL-5120H
88125112,Pantum BP5100 Extra Hi Yld Toner Cartridge TL-5120X
88132200,Pantum CM2200FDW Std Yld Black Toner Cartridge CTL-2000K
88132201,Pantum CM2200FDW Std Yld Cyan Toner Cartridge CTL-2000C
88132202,Pantum CM2200FDW Std Yld Magenta Toner Cartridge CTL-2000M
88132203,Pantum CM2200FDW Std Yld Yellow Toner Cartridge CTL-2000Y
88132204,Pantum CM2200FDW Hi Yld Black Toner Cartridge CTL-2000HK
88132205,Pantum CM2200FDW Hi Yld Cyan Toner Cartridge CTL-2000HC
88132206,Pantum CM2200FDW Hi Yld Magenta Toner Cartridge CTL-2000HM
88132207,Pantum CM2200FDW Hi Yld Yellow Toner Cartridge CTL-2000HY
88223010,Pantum P3010 Drum Unit DL-410
88223305,Pantum P3305 Drum Unit DL-425X
88225100,Pantum BP5100 Drum Unit DL-5120
CWC-A4PAPER200REAMS,A4 White Copier Paper 70gsm (200 reams) 40 Boxes
CWC-A4PAPER200REAMS-80GSM,A4 White Copier Paper 80gsm (200 reams) 40 Boxes
CWC-E-T0540,Cartridge World Compatible Epson T0540 Gloss Optimiser T05404010 Inkjet
SU421A,Original Samsung SU421A (CLT-T508) Transfer Belt
006R0435PACK,Original Xerox 006R0435 Black & Colour Toner Cartridge 4 Pack
TMB5050140,Masking Tape 50mm 50m 140mu
TMB2450140,Masking Tape 24mm 50m 140mu
TLNCB486645,Clear Low Noise Tape 48mm 66m 45mu
TLNCB486640,Clear Low Noise Tape 48mm 66m 40mu
TLNCB486635,Clear Low Noise Tape 48mm 66m 35mu
TLNBB486645,Buff Low Noise Tape 48mm 66m 45mu
TLNBB486640,Buff Low Noise Tape 48mm 66m 40mu
TLNBB486635,Buff Low Noise Tape 48mm 66m 35mu
TKR5050145,Kraft Paper Tape Roll (1) 50mm
TKB5050145,Box 36 Kraft Paper Tape 50mm
THB486638,HANDLE WITH CARE Tape 48mm 66m BK/Wh
TFB486638,BOPP Tape FRAGILE 48mm 66m 38mu Red/Wh
TDB503380,Double sided Tape 50mm 33m 80mu
TDB253380,Double sided Tape 25mm 33m 80mu
TDB150580,Double sided Tape 15mm 5m 80mu
TDB123380,Double sided Tape 12mm 33m 80mu
TCB486645,Clear BOPP Tape 48mm 66m 45mu
TCB486635,Clear BOPP Tape 48mm 66m 35mu
TCB256645,Clear BOPP Tape 25mm 66m 45mu
TCB256635,Clear BOPP Tape 25mm 66m 35mu
TCP196635,Clear BOPP Tape 19mm 66m 35mu
TCB123335,Clear BOPP Tape 12mm 33m 35mu
TCB196635,Clear BOPP Tape 12mm 66m 35mu
TBB486645,Buff BOPP Tape 48mm 66m 45mu
TBB486635,Buff BOPP Tape 48mm 66m 35mu
TBB4815045,Buff BOPP Tape 48mm 150m 45mu
TBB4815035,Buff BOPP Tape 48mm 150m 35mu
TBB4813235,Buff BOPP Tape 48mm 132m 35mu
STORTRAME,Storage tray - Anthracite - 160x54x43mm
NPN0023,Style Double-Sided Year and Holiday Wall (Pack 20)
SF40060020,Stretch Film 400mm 600m 20mu
SF40030017,Stretch Film 400mm 300m 17mu
SFB10015017,Wrap Stretch Film 100mm 150m 17mu
SF10015017,Handy Wrap Stretch Film 100mm 150m 17mu
SB100140,Self Seal HDPE Bags 100x140mm 100mu
RHWIBK3A5,RHINO A5 Tw H/Back N/Bk 160 Pg 8mm Ruled
RHWIBK3A4,RHINO A4 Tw H/Back N/Bk 160 Pg 8mm Ruled
RHSS1605A5,RHINO A5+ Spiral N/Bk 160 Pg 8mm Ruled&M
RHSS1405A4,RHINO A4+ Spiral N/Bk 140 Pg 8mm Ruled&M
RHSNO26010,RHINO 8x5 Shorthand N/Bk 260Pg 8mm Ruled
RHSNO16010,RHINO 8x5 Shorthand N/Bk 160Pg 8mm Ruled
RHREF160A410,RHINO A4 Refill Pad 160 Pg 8mm Ruled&Mgn
RHDPS5010,RHINO A3 Desk Pad; 50Lf S5
RHCB192A5,RHINO A5 Casebound N/Bk 192 Pg 8mm Ruled
RHCB192A4,RHINO A4 Casebound N/Bk 192 Pg 8mm Ruled
PENTRAYACR17,Pen Tray Artverum Clear -117 x 177mm
PENPOTSM,Pen pot S -Anthracite - 75x94x51 mm
PAPCOPA4R,Paper A4 White Ream of 500 Unmarked
PAPCOPA3,Paper A3 White Ream of 500 Unmarked
NEMAGSIL108,Neod mag cylinder silver 8x10mm 8 pcs
MU050,Meet up Stand black 523x464cm
MU020,Agile whiteboard Meet up white 90x180cm
MGB9006009SW,Mag Glass Board 900x600x9mm - S White
MGB9006009BK,Mag Glass Board 900x600x9mm - Black
MGB6004009SW,Mag Glass Board 600x400x9mm - S White
MGB6004009PB,Mag Glass Board 600x400x9mm - P Blue
MGB6004009BK,Mag Glass Board 600x400x9mm - Black
MGB6004009BE,Mag Glass Board 600x400x9mm - Berry
MGB4504509SW,Mag Glass Board 450x450x9mm - S White
MGB4504509BL,Mag Glass Board 450x450x9mm - Blue
MGB4504509BK,Mag Glass Board 450x450x9mm - Black
MGB4504509BE,Mag Glass Board 450x450x9mm - Berry
MGB12009009SW,Mag Glass Board 1200x900x9mm - S White
MEMPADA48010,RHINO A4 Memo Pad 160 Pg 8mm Ruled
MBE1306026BK,Magnetic Board Eraser 130x60x26mm - Bk
LCMCHIWH,Liquid Chalk Marker Wh 1-5mm chisel tip
LCMCHIBK,Liquid Chalk Marker Bk 1-5mm chisel tip
LCMBULWH,Liquid Chalk Marker Wh 1-2mm bullet tip
LCMBULBK,Liquid Chalk Marker Bk 1-2mm bullet tip
GL812,Pen pot M grey 12x94cm plastic
GL802,Pen pot M anthracite 12x94cm plastic
GL546,Magn glassb Artv super-white 91x46cm
GL520,Magn glassb Artv matt white 150x100cm
GL246,Magn glassb Artv World-Map 130x55cm
GL299,Magn glassb Artv Red Wall matt 130x55cm
GL298,Magn glassb Artv Botanic 130x55cm
GL297,Magn glassb Artv Turq Wall matt 130x55cm
GL276,Magn glassb Artv Hap Hour matt 90x120cm
GL249,Magn glassb Artv Slate 130x55cm
GL248,Magn glassb Artv Concrete 130x55cm
GL247,Glass Whiteboard Wood Design 130x55cm
GL242,Glass Whiteboard Artv Red 130x55cm
GL241,Glass whiteboard Artv white 130x55cm
GL240,Glass whiteboard Artv black 130x55cm
GL221,Glass whiteboard Artv grey 150x100cm
GL220,Glass whiteboard Artv white 150x100cm
GL213,Glass whiteboard Artv grey 120x90cm
GL212,Glass whiteboard Artv red 120x90cm
GL211,Glass whiteboard Artv white 120x90cm
GL210,Glass whiteboard Artv black 120x90cm
GL203,Glass whiteboard Artv grey 100x100cm
GL202,Glass whiteboard Artv red 100x100cm
GL201,Glass whiteboard Artv white 100x100cm
GL200,Glass whiteboard Artv black 100x100cm
GL189,Delta microfibre cloth 40x40cm blue
GL183,Chalk Mark 50 blu/red 2 pcs.
GL182,Chalk Mark 50 pink/gre/yell 3 pcs.
GL171,Chalk marker 150 white 1 pcs.
EXARBA420AS,Exacompta Iderama PP Semi Transparent Fl
EXAPASDIVA410,Exacompta Forever 170 GSM Recycled Paste
EXAMEXA46AS,Exacompta Iderama PP Multipart Expanding
EXAIND20PTAZ,Exacompta Mylar Printed 160 GSM Indices
EXAFBA411AS,Exacompta Linicolor Filing Box PP 40mm S
EXADISPBKA4BLK,Exacompta A4 Display Book Opaque PP Weld
EXADISPBKA420AS,Exacompta A4 Display Book A4 Pack of 20
EXACLIPBRDA410,Exacompta Iderama PP Clipboards A4 Pack
DL1807100030,DL Envelopes Window Self Seal White
DL1807100020,DL Envelopes Plain Self Seal White
CONCEPNOTE75,Conceptum A5 Lined 194p Ntbk Black/Green
CANPAPYLA4,Canon Yellow Label A4 White Paper 80GSM
C5MAGCU106,C5 Silver Cube Magnets - 10x10x10mm (6)
C5190750030,C5 Envelopes Window Self Seal White
C5190750020,C5 Envelopes Plain Self Seal White
C4190725030,C4 Envelopes Window Self Seal White
C4190725020,C4 Envelopes Plain Self Seal White
BA210,Wooden magnets round beige 4 pcs.
BA011,Glassb Mark black/turq/mag/or 4 pcs.
BA010,Glassb Mark black/blue/red/gre 4 pcs.
B1500,Mag Glass Board 1500x1000x9mm - S White
B1400,Magn glassb Be!Board white 120x90cm
A4MPL65,Alpa-Cartridge Labels 65ps 38.1x21.2mm
A4MPL24,Alpa-Cartridge Labels 24ps 64x33.9mm
A4MPL21,Alpa-Cartridge Labels 21ps 63.5x38mm
A4MPL18,Alpa-Cartridge Labels 18ps 63.5x46.5mm
A4MPL16,Alpa-Cartridge Labels 16ps 99.1 x 34mm
A4MPL14,Alpa-Cartridge Labels 14ps 99.1x38.1mm
A4MPL12,Alpa-Cartridge Labels 12ps 72x63.5mm
A4MPL10,Alpa-Cartridge Labels 10ps 99.1x57mm
A4MPL08,Alpa-Cartridge Labels 8ps 99.1x67.7mm
A4MPL06,Alpa-Cartridge Labels 6ps 99.1x93.1mm
A4MPL04,Alpa-Cartridge Labels 4ps 139x99mm
A4MPL02,Alpa-Cartridge Labels 2ps 199.6x143.5mm
A4MPL01,Alpa-Cartridge Labels 1ps 199.6x289mm
A4CDL2,Alpa-Cartridge CD Labels 2ps 117mm
00WTAC170,White Tack 70g (1)
00STAP266,Metal Half Strip Staples 26/6 Box of 500
00SCIS6BK,"6"" Scissors with Black Handle (12)"
00RUL1220,"30cm (12"") Ruler Clear (20)"
00RNY767612,Repositionable Notes 76x76mm Yellow
00RNY7612712,Repositionable Notes 76x127mm Yellow
00PPA430100,Punched Pockets A4 30 micron (PK100)
00PMCTBL10,Permanent Marker Chisel Tip Blue (10)
00PMCTBK10,Permanent Marker Chisel Tip Black (10)
00PMBTBL10,Permanent Marker Bullet Tip Blue (10)
00PMBTBK10,Permanent Marker Bullet Tip Black
00LPA4250100,Laminating Pouch A4 250 micron
00LPA4150100,Laminating Pouch A4 150 micron
00LPA3250100,Laminating Pouch A3 250 micron
00LPA3150100,Laminating Pouch A3 150 micron
00HPMED21,Medium 2 Hole Punch Black
00HIPY10,Highlighter Pens Yellow
00HIPP10,Highlighter SQ Pink (10)
00HIPO10,Highlighter SQ Orange (10)
00HIPMUL4,Highlighter Pens Assorted Wallet
00HIPMUL10,Highlighter SQ Asstd Wallet (10)
00HIPG10,Highlighter Pens Green
00HIPENMUL4,Highlighter Pen Asst Wallet (4)
00HIPEN10Y,Highlighter Pen Yellow (10)
00HIPEN10P,Highlighter Pen Pink (10
00HIPEN10O,Highlighter Pen Orange (10)
00HIPEN10G,Highlighter Pen Green (10)
00HIPEN10B,Highlighter Pen Blue (10)
00HIPB10,Highlighter SQ Blue (10)
00GPENRE10,Gel Pen Red (10)
00GPENBL10,Gel Pen Blue (10)
00GPENBK10,Gel Pen Black (10)
00GLUESM12,Glue Stick Small (12) - 10g
00GLUEME9,Glue Stick Medium (9) - 20g
00GLUELA8,Glue Stick Large (8) - 40g
00FLPENRE10,Fineliner Pen 0.4mm Red
00FLPENBL10,Fineliner Pen 0.4mm Blue
00FLPENBK10,Fineliner Pen 0.4mm Black
00FCMMUL4,Flipchart Marker Assorted Wallet (4)
00ERASER20,Eraser (20)
00DCTMRE10,Drywipe Chisel Tip Marker Red (10)
00DCTMGR10,Drywipe Chisel Tip Marker Green (10)
00DCTMBL10,Drywipe Chisel Tip Marker Blue (10)
00DCTMBK10,Drywipe Chisel Tip Marker Black (10)
00DBTMRE10,Drywipe Bullet Tip Marker Red (10)
00DBTMMUL4,Drywipe Bullet Tip Marker Asst Wallet
00DBTMGR10,Drywipe Bullet Tip Marker Green (10)
00DBTMBL10,Drywipe Bullet Tip Marker Blue
00DBTMBK10,Drywipe Bullet Tip Marker Black
00CORFLU20,20ml Correction Fluid White
00BPMRE50,Ballpoint Pen Medium Red (50)
00BPMPU50,Ballpoint Pen Medium Purple (50)
00BPMGR50,Ballpoint Pen Medium Green (50)
00BPMBL50,Ballpoint Pen Medium Blue
00BPMBK50,Ballpoint Pen Medium Black
WF2930DWF,Epson WorkForce WF-2930DWF Multifunction A4 Colour Wireless Inkjet Printer
DK-22251,Brother DK-22251 Red/Black on White 62mm x 15.24m Self Adhesive Continuous Paper Tape
LC427XLBK,Brother LC427XLBK High Capacity Black Ink Cartridge
LC427XLC,Brother LC427XLC High Capacity Cyan Ink Cartridge
LC427XM,Brother LC427XLM High Capacity Magenta Ink Cartridge
LC427XLY,Brother LC427XLY High Capacity Yellow Ink Cartridge
LC427XLPACK,Brother LC427XL 4 Colour High Capacity Ink Cartridge Multipack
LC427BK,Brother LC427BK Black Ink Cartridge
LC427C,Brother LC427C Cyan Ink Cartridge
LC427M,Brother LC427M Magenta Ink Cartridge
LC427Y,Brother LC427Y Yellow Ink Cartridge
LC427PACK,Brother LC427 4 Colour Ink Cartridge Multipack
4469C008AA,PIXMA G1520 A4 Colour Inkjet Printer
3109C028,Canon PIXMA TS705 A4 Colour Inkjet Printer
4463C008,PIXMA TS3450 A4 Colour MFP Inkjet
24B5588,Genuine Lexmark 24B5588 Toner Cartridge Magenta
CWC-R-84209BKPACK,Compatible Ricoh 4 Colour Toner Cartridge Multipack (84209 X4)
CWC-R-84209COLPACK,Compatible Ricoh 3 Colour Toner Cartridge Multipack (84209 X3)
CWC-C-PG545XLBKTWIN,Compatible Canon PG-545XL Black Twin Pack (8286B001)
CWC-C-PG540XLBKTWIN,Compatible Canon PG-540XL Twin Pack Black Ink Cartridges (5222B005)
CWC-H-302XLBKTWIN,Compatible HP 302XL High Yield Black Inkjet Cartridge (F6U68AE) Twin Pack
CWC-H-304XLBKTWIN,Compatible HP 304XL Black (N9K08AE) Ink Cartridge Twin Pack
CWC-H-303XLBKTWIN,Compatible HP 303XL Black Twin Pack Ink Cartridges (T6N04AE)
CWC-E-603XLMPBK,"Compatible Epson C13T03A64010 (603XL) 2 x BK,C,M,Y Multipack"
CWC-H-305XLBKTWIN,Compatible HP305XL Black Ink Cartridge Double Pack (3YM62AE)
CWC-C-PG560XLTWIN,Compatible Canon PG-560XL Black Ink Cartridge Twin Pack (3712C001)
CWC-H-125APACK,"Compatible HP 125A Toner Cartridge 4 Colour Pack (CB540A, CB541A, CB542A, CB543A)"
HL1210W,Brother HL-1210W A4 Mono Laser Printer
006r04356,Xerox Original Toner Cartridge 006R04356 - 3000 Pages
WT8500,Kyocera Mita WT8500 (1902ND0UN0) Waste Toner Cartridge Bottle
CWC-H-W1143A,Compatible with HP W1143A (143A) Toner Cartridge Reload Kit
MFC-J4540DW,Brother MFC-J4540DW multifunctional Inkjet A4 4800 x 1200 DPI Wi-Fi
CWC-C-CLI581XXLMP,Ink Cartridges - Compatible Replacements for Canon CLI-581XXL Multipack
CWC-D-593-10335,Compatible for DELL 593-10335 Toner Cartridge Original Black
WF-3820DWF,Epson WorkForce PRO WF-3820DWF A4 Colour Inkjet Multifunction
6ZA94AE,HP 305XL High Yield Original Black & Tri Colour Ink Cartridge Multipack (6ZA94AE)
F6U678AE,"Original HP 302XL High Capacity Black & Tri Colour Ink Cartridge Multipack (F6U67AE, F6U68AE)"
N9K078AE,"Original HP 304XL High Capacity Black & Tri-Colour Ink Cartridge Multipack (N9K07AE, N9K08AE)"
CWC-S-CLT4072MP,"Compatible Samsung CLT-4072S/ELS Bk, C, M, Y Toner Cartridge Pack"
CH301XLMP,"Original HP 301XL Black & Tri Colour Ink Cartridge Pack (CH563EE, CH564EE)"
006R0438MP,Xerox 006R0438 4 Colour Toner Cartridge Multipack
5224B001,Canon PG-540L Original Black Ink Cartridge (5224B001) 11ml
ADAGI080X693,REY Adagio A4 80gsm Canary Yellow (Ream 500 Sheets)
CWC-KY-TK5270PACK,"Compatible Kyocera TK5270 4 Colour Toner Cartridge Multipack (BK, C, M, Y)"
CWC-C-CL546XLTWIN,Compatible Canon CL-546XL Tri-Colour Twin Pack (8288B004)
CWC-C-CL541XLTWIN,Compatible Canon CL-541XL Tri-Colour Twin Pack (5226B005)
CWC-H-302XLCOLTWIN,Compatible HP 302XL High Yield Tri-colour Inkjet Cartridge Twin Pack (F6U67AE)
CWC-H-304XLCOLTWIN,Compatible HP 304XL (N9K07AE) Colour Ink Cartridge Twin Pack
CWC-H-303XLCTWIN,Compatible HP 303XL Colour Ink Cartridge Twin Pack (T6N03AE)
CWC-E-603XLCOLMPX2,"Compatible Epson C13T03A64010 (603XL) C,M,Y Multipack x 2"
CWC-H-305XLCTWIN,Compatible HP 305XL Tri-Colour Ink Cartridge Twin Pack (3YM63AE)
CWC-C-CL561XLTWIN,Compatible Canon CL-561XL (3730C001) Colour Ink Cartridge Twin Pack
CWC-E-604XLBK,Compatible Epson C13T10H14010 (604XL) Ink Cartridge Black
CWC-E-604XLC,Compatible Epson C13T10H24010 (604XL) Cyan Ink Cartridge
CWC-E-604XLM,Compatible Epson C13T10H34010 (604XL) Magenta Ink Cartridge
CWC-E-604XLY,Compatible Epson C13T10H44010 (604XL) Yellow Ink Cartridge
CWC-E-604XLBKTWIN,Compatible Epson C13T10H14010 (604XL) Black Ink Cartridge Twin Pack
CWC-E-604XLMP,"Compatible Epson 604XL BK, C, M, Y Multipack Ink Cartridges"
CWC-E-604XLBKX2MP,"Compatible Epson 604XL Multipack Ink Cartridges (BK x 2, C, M, Y)"
WF2960DWF,Epson Workforce WF-2960DWF A4 Inkjet Multifunction
DCP1610W,Brother DCP-1610W A4 Mono Laser Multifunction
WF2010W,Epson Workforce WF-2010W A4 Colour Inkjet Printer
TS705A,Canon PIXMA TS705a A4 Colour Inkjet Printer
CWC-H-415XMP,"Compatible HP 415X Toner Cartridge Pack (W2030X, W2031X, W2033X, W2032X)"
XP2200,Epson Expression Home XP-2200 A4 Multifunction Inkjet Printer
CWC-B-LC422XLBK,Compatible Brother LC422XLBK BLACK Ink Cartridge
CWC-B-LC422XLC,Compatible Brother LC422XL Cyan Ink Cartridge
CWC-B-LC422XLM,Compatible Brother LC422XLM MAGENTA Ink Cartridge
CWC-B-LC422XLY,Compatible Brother LC422XLY YELLOW Ink Cartridge
CWC-B-LC422XLVAL,Compatible Brother LC422XLVAL Ink Cartridge Value Pack
CWC-H-62XLBKTWIN,Compatible HP 62XL High Yield Black Inkjet Cartridge Twin Pack (C2P05AE)
CWC-H-62XLCOLTWIN,Compatible HP 62XL High Yield Tri-Colour Inkjet Cartridge Twin Pack (C2P07AE)
CWC-H-62XLBKMP,"Compatible HP 62XL 2 x Black/Colour Multipack (C2P05AE, C2P07AE)"
C13T11C140,"Epson Ink Cartridge Black (C13T11C140, T11C1) WF-C 5390DW WF-C 5890DWF"
C13T11C240,"Epson Ink Cartridge Cyan (C13T11C240, T11C2) WF-C5390DW WF-C5890DWF"
C13T11C340,"Epson Ink Cartridge Magenta (C13T11C340, T11C3) WF-C5390DW WF-C5890DWF"
C13T11C440,"Epson Ink Cartridge Yellow (C13T11C440, T11C4) WF-C5390DW WF-C5890DWF"
C13T11CMP,Epson Ink Cartridge Black (C13T11C) 4 Colour Ink Cartridge Multipack for WF-C5390DW WF-C5890DWF
C13T366100,Epson C13T366100 Ink waste box for Epson XP 15000/6000/8000
CWC-H-W1120A,"Compatible HP W1120A (120A) Imaging Drum Unit 16,000 pages"
006r04357,Xerox Original Toner Cartridge 006R04357 Cyan - 2000 Pages
006r04358,Xerox Original Toner Cartridge 006R04358 Magenta - 2000 Pages
006r04359,Xerox Original Toner Cartridge 006R04359 Yellow - 2000 Pages
440640PACK,OKI 440640 (BK/C/M/Y) Original Black & Colour Drum Unit Multipack
CWC-E-503XLBK,Compatible Epson 503XL Black Ink Cartridge (C13T09R14010)
CWC-E-503XLC,Compatible Epson 503XL Cyan Ink Cartridge (C13T09R24010)
CWC-E-503XLM,Compatible Epson 503XL Magenta Ink Cartridge (C13T09R34010)
CWC-E-503XLY,Compatible Epson 503XL Yellow Ink Cartridge (C13T09R44010)
CWC-E-503XLMP,Compatible Epson 503XL Multipack BK/C/M/Y (C13T09R6401)
CWC-E-503XLBKX2,Compatible Epson 503XL Multipack BK x 2 /C/M/Y (C13T09R64)
CWC-R-408285,Compatible Ricoh 408285 SP3710 Black Toner
CWC-K-TK5270BK,Compatible Kyocera TK5270 Black Toner Cartridge (1T02TV0NL0)
CWC-K-TK5270C,Compatible Kyocera TK5270 Cyan Toner Cartridge (1T02TVCNL0)
CWC-K-TK5270M,Compatible Kyocera TK5270 Magenta Toner Cartridge (1T02TVBNL0)
CWC-K-TK5270Y,Compatible Kyocera TK5270 Yellow Toner Cartridge (1T02TVANL0)
CWC-B-TN421BKCMY,"Compatible Brother TN-421 Multipack 4 Toner Cartridges (BK,C,M,Y)"
CWC-X-106R034MP,"Compatible Xerox 106R034 4 Colour Multipack Toner Cartridges (106R03480,106R03477,106R03479,106R03478)"
CWC-X-006R04364,Compatible Xerox 006R04364 Black Colour Laser Toner Cartridge 8000 Page Yield
CWC-X-006R04365,Compatible Xerox 006R04365 Cyan Colour Laser Toner Cartridge 5500 Page Yield
CWC-X-006R04366,Compatible Xerox 006R04366 Magenta Colour Laser Toner Cartridge 5500 Page Yield
CWC-X-006R04367,Compatible Xerox 006R04367 Yellow Colour Laser Toner Cartridge 5500 Page Yield
CWC-X-006R0436PM,"Compatible Xerox 006R0436 4 Pack of Colour Laser Toners (006R04364 ,006R04365, 00R04366, 006R04367)"
302RV93010,Original KYOCERA DK-1150 Printer Drum (302RV93010)
C400V_DN,Xerox VersaLink C400 A4 35 / 35ppm Duplex Printer Sold PS3 PCL5e/6 2 Trays 700 Sheets
C405V_DN,Xerox VersaLink C405 A4 35 / 35ppm Duplex Copy/Print/Scan/Fax Sold PS3 PCL5e/6 2 Trays 700 Sheets
C600V_DN,Xerox VersaLink C600 A4 55ppm Duplex Printer Sold PS3 PCL5e/6 2 Trays 700 Sheets
C600V_N,Xerox VersaLink C600 A4 55ppm Printer Sold PS3 PCL5e/6 2 Trays 700 Sheets
C7000V_N,Xerox VersaLink C7000 A3 35/35 ppm Printer Adobe PS3 PCL5e/6 2 Trays Total 620 sheets
C8000V_DT,Xerox VersaLink VL C8000 A3 45/45 ppm Duplex Printer Adobe PS3 PCL5e/6 3 Trays Total 1140 sheets
C505v_S,Xerox VersaLink C505 A4 45ppm Duplex Copy/Print/Scan Sold PS3 PCL5e/6 2 Trays 700 Sheets (DOES NOT SUPPORT FINISHER)
C505v_X,Xerox VersaLink C505 A4 45ppm Duplex Copy/Print/Scan/Fax Sold PS3 PCL5e/6 2 Trays 700 Sheets (DOES NOT SUPPORT FINISHER)
C605v_X,Xerox VersaLink C605 A4 55pm Duplex Copy/Print/Scan/Fax Sold PS3 PCL5e/6 2 Trays 700 Sheets (DOES NOT SUPPORT FINISHER/MAILBOX)
C9000v_DT,Xerox VersaLink C9000 A3 55/55 ppm Duplex Prin
C8000WV_DT,Xerox VersaLink C8000Wv SRA3 Color Printer Fea
4529B010,Canon PGI-525 Twin Pack Ink Cartridge 2 pc(s) Original Photo black (4529B010)
TK3400,Kyocera TK-3400 Toner Cartridge Black 1T0C0Y0NL0
EXV49MP,"Canon C-EXV49 4 Colour Toner Cartridge Pack (8524B002, 8525B002, 8526B002, 8527B002)"
CWC-C-EXV49BK,Compatible Canon EXV49BK Black Standard Capacity Toner Cartridge 36k pages - 8524B002
CWC-C-EXV49C,Compatible Canon EXV49C Cyan Standard Capacity Toner Cartridge 19k pages - 8525B002
CWC-C-EXV49M,Compatible Canon EXV49M Magenta Standard Capacity Toner Cartridge 19k pages - 8526B002
CWC-C-EXV49Y,Compatible Canon EXV49Y Yellow Standard Capacity Toner Cartridge 19k pages - 8527B002
CWC-C-EXV49MP,"Compatible Canon C-EXV49 4 Colour Toner Cartridge Pack (8524B002, 8525B002, 8526B002, 8527B002)"
CWC-H-W2410A,Compatible HP 216A Black Standard Capacity Toner Cartridge 1.05K pages for HP Color LaserJet Pro MFP M182/M183 series - W2410A
CWC-H-W2411A,Compatible HP 216A Cyan Standard Capacity Toner Cartridge 850 pages for HP Color LaserJet Pro MFP M182/M183 series - W2411A
CWC-H-W2413A,Compatible HP 216A Magenta Standard Capacity Toner Cartridge 850 pages for HP Color LaserJet Pro MFP M182/M183 series - W2413A
CWC-H-W2412A,Compatible HP 216A Yellow Standard Capacity Toner Cartridge 850 pages for HP Color LaserJet Pro MFP M182/M183 series - W2412A
CWC-H-W2410MP,"Compatible HP 216A Standard Capacity Toner Cartridge 4 Colour Pack for LaserJet Pro MFP M182/M183 series (W2410A, W2411A, W2412A, W2413A)"
CWC-X-106R03584,Compatible Xerox B400 Extra Hi Cap 106R03584 Toner
CWC-X-106R03580,Compatible Xerox B400 (106R03580) Black Toner Cartridge
CWC-H-C1823D,"Compatible HP 23 Cyan, Magenta, Yellow Ink Cartridge (C1823D)"
78348AN X2,Discovery Paper A4 70gsm White (Box of 10 Reams)
CWC-KM-TN324K,Compatible Konica Minolta TN324K Black A8DA150 Toner
CWC-KM-TN324C,Compatible Konica Minolta TN324C Cyan A8DA450 Toner
CWC-KM-TN324M,Compatible Konica Minolta TN324M Magenta A8DA350 Toner
CWC-KM-TN324Y,Compatible Konica Minolta TN324Y Yellow A8DA250 Toner
CWC-KM-TN324KCMY,"Compatible Konica Minolta TN324 4 Colour Cartridge Multipack (A8DA150, A8DA450, A8DA250, A8DA350) Toner"
CWC-H-W1420A,Compatible HP 142A Black Toner Cartridge (W1420A)
CWC-H-131AMP,"Compatible HP 131A Laser Cartridge Multipack (CF210A, CF211A, CF212A, CF213A)"
C230V_DNIUK,Xerox C230 A4 Colour Laser Printer
C235V_DNIUK,Xerox C235 A4 Colour Multifunction Laser Printer
WF7310DTW,Epson WorkForce WF-7310DTW A3+ Colour Inkjet Printer
CWC-X-106R03757,Compatible Xerox Black High Capacity Toner Cartridge 10.7k pages for VCL7000 (106R03757)
CWC-X-106R03761,Compatible Xerox Black Standard Capacity Toner Cartridge 5.3k pages for VCL7000 (106R03761)
CWC-X-106R03760,Compatible Xerox Cyan High Capacity Toner Cartridge 10.1k pages for VCL7000 (106R03760)
CWC-X-106R03764,Compatible Xerox Cyan Standard Capacity Toner Cartridge 3.3k pages for VCL7000 (106R03764)
CWC-X-106R03759,Compatible Xerox Magenta High Capacity Toner Cartridge 10.1k pages for VCL7000 (106R03759)
CWC-X-106R03763,Compatible Xerox Magenta Standard Capacity Toner Cartridge 3.3k pages for VCL7000 (106R03763)
CWC-X-106R03758,Compatible Xerox Yellow High Capacity Toner Cartridge 10.1k pages for VCL7000 (106R03758)
CWC-X-106R03762,Compatible Xerox Yellow Standard Capacity Toner Cartridge 3.3k pages for VCL7000 (106R03762)
CWC-KY-TK3400,Compatible Kyocera TK-3400 Black Toner Cartridge (1T0C0Y0NL0)
CWC-H-W1350A,Compatible HP 135A Black Toner Cartridge (W1350A)
CWC-H-W1350X,Compatible HP 135X Black Toner Cartridge (W1350X)
CWC-H-C3903A,Compatible HP 03A Toner Cartridge (C3903A)
MFCJ6940DW,Brother MFC-J6940DW Professional A3 Inkjet Wireless Multifunction
CWC-B-LC426BK,Compatible Brother Black Standard Capacity Ink Cartridge 3k pages - LC426BK
CWC-B-LC426C,Compatible Brother Cyan Standard Capacity Ink Cartridge 1.5k pages - LC426C
CWC-B-LC426M,Compatible Brother Magenta Standard Capacity Ink Cartridge 1.5k pages - LC426M
CWC-B-LC426Y,Compatible Brother Yellow Standard Capacity Ink Cartridge 1.5k pages - LC426Y
CWC-B-LC426PACK,Compatible Brother Black Cyan Magenta Yellow Standard Capacity Ink Cartridge 3k & 3 x 1.5k pages - LC426VAL
00FULLSTABK1,Full Strip Metal Stapler - Black (1)
00HALFSTABK1,Half Strip Metal Stapler - Black (1)
00HIPMUL6,Highlighter Assorted Wallet (6)
00PPA450100,Punched Pockets A4 50 micron Glass Clear Green Strip (Pk 100)
00ST0025,A4 25mm 2 Ring Binder - Black (10)
00ST0026,A4 25mm 2 Ring Binder - Blue (10)
00ST0027,A4 25mm 2 Ring Binder - Green (10)
00ST0028,A4 25mm 2 Ring Binder - Red (10)
00ST0070,A4 70mm Lever Arch File - Cloud (10)
00ST0071,A4 70mm Lever Arch File - Black (10)
00ST0072,A4 70mm Lever Arch File - Blue (10)
00ST0073,A4 70mm Lever Arch File - Green (10)
00ST0074,A4 70mm Lever Arch File - Red (10)
00ST0075,A4 70mm Lever Arch File - Yellow (10)
00ST1200,FC Box File - Black (10)
00ST1201,FC Box File - Cloud (10)
00ST1800,Square Cut Folder Pack of 100 - Blue
00ST1801,Square Cut Folder Pack of 100 - Green
00ST1802,Square Cut Folder Pack of 100 - Red
00ST1803,Square Cut Folder Pack of 100 - Yellow
00ST1804,A4 Polypropylene Cut Flush Folder Pack of 100 - Blue
00ST2200,Half Flap Document Wallet Pack of 50 - Blue
00ST2201,Half Flap Document Wallet Pack of 50 - Buff
00ST2202,Half Flap Document Wallet Pack of 50 - Green
00ST2203,Half Flap Document Wallet Pack of 50 - Pink
00ST2204,Half Flap Document Wallet Pack of 50 - Yellow
00ST2205,Half Flap Document Wallet Pack of 50 - Red
00ST2206,Half Flap Document Wallet Pack of 50 - Assorted
00ST2207,Full Flap Document Wallet Pack of 50 - Blue
00ST2208,Full Flap Document Wallet Pack of 50 - Green
00ST2209,Full Flap Document Wallet Pack of 50 - Red
00ST2210,Full Flap Document Wallet Pack of 50 - Yellow
00ST4500,Subject Divider A4 5 Part Pastel
00ST4501,Subject Divider A4 10 Part Pastel
00ST4502,Subject Divider A4 12 Part Pastel
00ST4504,Subject Divider A4 20 Part Pastel
00ST4505,Subject Divider A4 20 Part A-Z Pastel
00ST4506,Index Polypropylene A4 A-Z White
00ST4507,Index Polypropylene A4 1-5 White
00ST4508,Index Polypropylene A4 1-10 White
00ST4511,Index Polypropylene A4 1-20 White
00ST4512,Index Polypropylene A4 1-31 White
00ST4514,Index White Clear Tabs 1-10
00ST4517,Index White Clear Tabs 1-20
00ST4518,Index White Clear Tabs A-Z 20 Part
00ST4519,Index White Multicolour Tabs 1-5
00ST4520,Index White Multicolour Tabs 1-10
00ST4521,Index White Multicolour Tabs 1-12
00ST4522,Index White Multicolour Tabs 1-20
00ST4523,Index White Multicolour Tabs 1-31
00ST4524,Index White Multicolour Tabs A-Z
00ST4525,Index White Multicolour Tabs 10 Part
00ST9000,Midway Correction Roller (Pk 10)
CWC-KY-TK130,Compatible Kyocera TK130 also for Olivetti D Copia 283 Toner
BU300CL,"Brother BU-300CL Transfer Belt (50,000 pages)"
CWC-SATPAP240GSM4X6_50,Premium Photo Paper Satin 240GSM (4x6) 50 Sheets
CWC-UGL230GSMA4X20,Premium Photo Paper Ultra Gloss 230GSM A4 X20
CWC-UGL180GSMA4X20,Premium Photo Paper Ultra Gloss 180GSM A4 X20
CWC-UGL180GSM5X,Premium Photo Paper Ultra Gloss 180GSM (5X7) X50
CWC-SAT240GSMA4X20,Premium Photo Paper Satin 240gsm A4 x20
CWC-MAT180GSMA4X20,Premium Photo Paper Double Sided Matte 180gsm A4 x20
HP415X-MP,"Original HP 4 Colour HP 415AX Toner Cartridge Pack (W2030X, W2031X, W2033X, W2032X)"
A63W01H,Konica Minolta A63W01H (TNP35)
HP62XLMP,Original HP 62XL High Capacity Black & Tri-Colour Ink Cartridge Multipack
ET14000,Epson EcoTank ET-14000 A3 Colour Inkjet Printer
XP6100,Epson Exp Premium XP-6100 A4 Colour Inkjet Multifunction
ETM1120,Epson EcoTank ET-M1120 A4 Mono Inkjet Printer
WF110W,Epson Workforce WF-110W Portable Inkjet A4 Printer
ET15000,Epson EcoTank ET-15000 A3 Colour Inkjet Multifunction
WF7840DTWF,Epson WorkForce PRO WF-7840DTWF A3 Colour Inkjet Multifunction
WF7830DTWF,Epson WorkForce WF-7830DTWF A3 Colour Inkjet Multifunction
WF4830DTWF,Epson WorkForce PRO WF-4830DTWF A4 Colour Inkjet Multifunction
WF4820DWF,Epson WorkForce PRO WF-4820DWF A4 Colour Inkjet Multifunction
ET5150,Epson EcoTank ET-5150 A4 Colour Inkjet Multifunction
ET16150,Epson EcoTank ET-16150 A3 Colour Inkjet Printer
ETM2120,Epson EcoTank ET-M2120 A4 Mono Inkjet Multifunction
ET3850,Epson EcoTank ET-3850 A4 Colour Inkjet Multifunction
ET4850,Epson EcoTank ET-4850 A4 Colour Inkjet Multifunction
ET2814,Epson Ecotank ET-2814 A4 Inkjet Multifunction
ET2851,Epson Ecotank ET-2851 A4 Inkjet Multifunction
ET4856,Epson Ecotank ET-4856 A4 Inkjet Multifunction
ET5170,Epson Ecotank ET-5170 A4 Inkjet Multifunction
ET16650,Epson Ecotank ET-16650 A3+ Inkjet Multifunction
XP4200,Epson Expression Home XP-4200 A4 Multifunction
WF2950DWF,Epson Workforce WF-2950DWF A4 Inkjet Multifunction
DCPJ1200WU1AG,*A Grade Brother DCP-J1200W multifunctional Inkjet A4 1200 x 6000 DPI Wi-Fi
DCPL2510DU1AG,*A Grade Brother DCP-L2510D multifunctional Laser A4 1200 x 1200 DPI 30 ppm
HLL3210CWU1AG,*A Grade Brother HL-L3210CW laser printer Colour 2400 x 600 DPI A4 Wi-Fi
HLL3230CDWU1AG,Refurbished A Grade Brother HL-L3230CDW laser printer Colour 2400 x 600 DPI A4 Wi-Fi
HLL9310CDWU1AG,A Grade Refurbished Brother HLL9310CDW Colour 2400 x 600 DPI A4 Wi-Fi
MFCL2710DWU1AG,Refurbished A Grade Brother MFC-L2710DW multifunctional Laser A4 1200 x 1200 DPI 30 ppm Wi-Fi
MFCL3710CWU1AG,Refurbished A Grade Brother MFC-L3710CW multifunctional LED A4 2400 x 600 DPI 19 ppm Wi-Fi
MFCL8690CDWU1AG,Refurbished Brother MFC-L8690CDW laser printer Colour 2400 x 600 DPI A4 Wi-Fi
MFCJ6940DWU1AG,Refurbished A Grade Brother MFC-J6940DW Professional A3 Inkjet Wireless Multifunction
054HMP,"Canon 054H 4 Colour Toner Cartridge Pack (3025C002, 3026C002, 3027C002, 3028C002)"
CWC-H-991XLBK,Compatible HP 991X High Capacity Black Ink Cartridge (M0K02AE)
CWC-H-991XLC,Compatible HP 991X High Capacity Cyan Ink Cartridge (M0J90AE)
CWC-H-991XLM,Compatible HP 991X High Capacity Magenta Ink Cartridge (M0J98AE)
CWC-H-991XLY,Compatible HP 991X High Capacity Yellow Ink Cartridge (M0J94AE)
CWC-H-991XLMP,Compatible HP 991X High Capacity Ink Cartridge Multipack
TRISPECWHE80A$,"Eco Friendly Spectra 80gsm Wheat Straw Based, Box of A4 Copier Paper"
CWC-L-52D0Z00,Compatible Lexmark 52D0Z00 imaging unit Black 100000 pages
DCP1612WU1AG,Brother DCP-1612W A Grade - Refurbished Machine
CWC-S-MX-36GTBA,Compatible Sharp Black Toner Cartridge 24k pages - MX36GTBA
CWC-S-MX-36GTCA,Compatible Sharp Cyan Toner Cartridge 15k pages - MX36GTCA
CWC-S-MX-36GTMA,Compatible Sharp Magenta Toner Cartridge 15k pages - MX36GTMA
CWC-S-MX-36GTYA,Compatible Sharp Yellow Toner Cartridge 15k pages - MX36GTYA
CWC-S-MX-36MPACK,Compatible Sharp MX-36 4 Colour Multipack
TN248BK,Brother TN248BK Standard Yield Black Toner Cartridge
TN248C,Brother TN248C Standard Yield Cyan Toner Cartridge
TN248M,Brother TN248M Standard Yield Magenta Toner Cartridge
TN248Y,Brother TN248Y Standard Yield Yellow Toner Cartridge
TN248XLBK,Brother TN248XLBK High Yield Black Toner Cartridge
TN248XLC,Brother TN248XLC High Yield Cyan Toner Cartridge
TN248XLM,Brother TN248XLM High Yield Magenta Toner Cartridge
TN248XLY,Brother TN248XLY High Yield Yellow Toner Cartridge
TN248VAL,Brother TN248VAL Standard Yield Value Pack
C12C890191,Epson Ink Maintenance Tank 80k pages - C12C890191
TN2510XL,Brother TN2510XL High Yield Black Toner Cartridge
TN2510,Brother TN2510 Standard Yield Black Toner Cartridge
CWC-X-106R03944,Compatible Xerox Black High Capacity Toner Cartridge - 106R03944
CWC-KY-TK570BK,Compatible Kyocera TK570BK Black Toner Cartridge (4607336)
4192C008,Canon PFI-300 10 Ink Cartridge Multipack (4192C008)
CWC-C-EXV29MP,Compatible Canon C-EXV29 4 Toner Cartridge Multipack
W1490A,HP 149A Black Toner Cartridge (W1490A)
W1490X,HP 149X Black Toner Cartridge (W1490X)
008R13325,Xerox C310/C315 Toner Cartridge waste box (008R13325)
CWC-H-W1490X,Compatible HP 149X High Capacity Black Toner Cartridge (W1490X)
CWC-C-054HBK,Compatible Canon 054HC Black Hi Capacity Toner Cartridge (3028C002)
C12C934591,Epson Maintenance Tank - C12C934591
CWC-K-TK8525BK,Compatible Kyocera TK-8525BK Black Toner
CWC-K-TK8525C,Compatible Kyocera TK-8525C Cyan Toner
CWC-K-TK8525M,Compatible Kyocera TK-8525M Magenta Toner
CWC-K-TK8525Y,Compatible Kyocera TK-8525Y Yellow Toner
CWC-K-TK8525BKCMY,Compatible Kyocera TK-8525BKCMY 4 Pack Toner Cartridge s
CWC-B-LC424BK,Compatible Brother LC424BK Black Ink Cartridge
CWC-B-LC424C,Compatible Brother LC424C Cyan Ink Cartridge
CWC-B-LC424M,Compatible Brother LC424M Magenta Ink Cartridge
CWC-B-LC424VAL,Compatible Brother LC424 4 Colour Ink Multipack
CWC-B-LC424Y,Compatible Brother LC424Y Yellow Ink Cartridge
CWC-E-407XLBK,Compatible Epson 407XL High Capacity Black Ink Cartridge (C13T07U140)
CWC-E-407XLC,Compatible Epson 407XL High Capacity Cyan Ink Cartridge (C13T07U120)
CWC-E-407XLM,Compatible Epson 407XL High Capacity Magenta Ink Cartridge (C13T07U340)
CWC-E-407XLY,Compatible Epson 407XL High Capacity Yellow Ink Cartridge (C13T07U440)
CWC-E-407XLMP,"Compatible Epson 407XL High Capacity 4 Ink Cartridge Multipack (C13T07U140, T07U240,T07340,T07U440)"
HLL2400DWEAGRADE,Brother HL-L2400DWE A Grade - Refurbished Machine
0972C008,Canon MAXIFY iB4150 A4 Colour Inkjet Printer
CWC-A4PAPER300REAMS,A4 White Copier Paper 70gsm (300 reams) 60 Boxes
WF-2910DWF,Epson WorkForce WF-2910DWF A4 Colour Inkjet Multifunction Printer
CWC-B-TN2510XL,Compatible Brother TN2510XL High Yield Black Toner Cartridge
CHPCC120X417,HP Color Choice FSC Paper A3 120gsm White (Ream 250)
CHPCC120X419,HP Color Choice FSC Paper A4 120gsm White (Ream 500)
DCPL3520CDWEAGRADE,Brother DCP-L3520CDWE A Grade - Refurbished Machine
MFCL5710DW,Brother MFC-L5710DW A4 Mono Laser Multifunction
TN3600XXL,Brother TN3600XXL Super Yield Black Toner Cartridge
TN3600XL,Brother TN3600XL High Yield Black Toner Cartridge
TN3600,Brother TN3600 Black Toner Cartridge
CWC-R-841853,Compatible Ricoh 841853 MPC6003BK Black Toner
CWC-R-841856,Compatible Ricoh 841856 MPC6003C Cyan Toner
CWC-R-841855,Compatible Ricoh 841855 MPC6003M Magenta Toner
CWC-R-841854,Compatible Ricoh 841854 MPC6003Y Yellow Toner
CWC-R-84185MP,"Compatible Ricoh 4 Colour Multipack (841853, 841856, 841855, 841854)"
5437C001,Canon PG575XL High Capacity Black Ink Cartridge 15ml (5437C001)
5441C001,Canon CL576XL High Capacity Tri-Colour Ink Cartridge 12.6ml (5441C001)
575XL576XLMP,Canon PG575XL-CL576XL High Capacity Black & Tri-Colour Ink Cartridge Multipack
CWC-L-E250A11E,Compatible Lexmark E250A11E Black Toner Cartridge E250D
CWC-X-006R0435PACK,Compatible Xerox 006R0435 Black & Colour Toner Cartridge 4 Pack
CWC-X-006r04356,Compatible Xerox Toner Cartridge 006R04356 - 3000 Pages
CWC-X-006r04357,Compatible Xerox Toner Cartridge 006R04357 Cyan - 2000 Pages
CWC-X-006r04358,Compatible Xerox Toner Cartridge 006R04358 Magenta - 2000 Pages
CWC-X-006r04359,Compatible Xerox Toner Cartridge 006R04359 Yellow - 2000 Pages
DCPL3520CDW,Brother DCP-L3520CDW A4 Colour Wireless LED Multifunction
T-FC339E-K,Toshiba FC339EK Toner Cartridge Black 15800 Pages (6B000001413)
CWC-R-407340,Compatible Ricoh 407340 Toner Cartridge Black
7KW56A,HP Color LaserJet Pro MFP M183fw Wi-Fi
TN2000(B),Brother Black Toner Cartridge 2.5k pages - TN2000 (B Grade)
TN321Y(B),Brother TN-321Y Toner Cartridge Original Yellow (B Grade)
Q3972A(B),HP 123A Original Yellow (B Grade)
TN3030(B),Brother Black Toner Cartridge 3.5k pages - TN3030 (B Grade)
TN326C(B),Brother TN-326C Toner Cartridge Original Cyan (B Grade)
CF226X(B),HP 26X Original Black Toner Cartridge (CF226X) (B Grade)
Q6000A(B),HP 124A Original Black Toner Cartridge (B Grade)
TN3060(B),Brother Black Toner Cartridge 6.7k pages - TN3060 (B Grade)
TN326M(B),Brother TN-326M Toner Cartridge Original Magenta (B Grade)
Q6001A(B),HP 124A Original Cyan Toner Cartridge (B Grade)
C4129X(B),HP 29X Original Black Toner Cartridge (B Grade)
TN230C(B),Brother Cyan Toner Cartridge (B Grade)
TN326Y(B),Brother TN-326Y Toner Cartridge Original Yellow (B Grade)
Q6003A(B),HP 124A Original Magenta Toner Cartridge (B Grade)
CC530A(B),HP 304A Original Black Toner Cartridge (B Grade)
DR-130CL(B),Brother DR130CL Original 17000 pages (B Grade)
TN3280(B),Brother TN-3280 Toner Cartridge Original Black (B Grade)
Q6002A(B),HP 124A Original Yellow Toner Cartridge (B Grade)
CC531A(B),HP 304A Original Cyan Toner Cartridge (B Grade)
TN328C(B),Brother TN-328C Toner Cartridge Original Cyan (B Grade)
DR-3000(B),Brother DR-3000 drum unit Printer Drum Original (B Grade)
CB543A(B),HP 125A Original Magenta Toner Cartridge (B Grade)
CF372AM(B),"HP 304A Original Cyan,Magenta,Yellow (B Grade)"
TN328Y(B),Brother TN-328Y Toner Cartridge Original yellow (B Grade)
DR-3300(B),Brother DR-3300 Printer Drum Original (B Grade)
CB542A(B),HP 125A Original Yellow Toner Cartridge (B Grade)
CC533A(B),HP 304A Original Magenta Toner Cartridge (B Grade)
TN6300(B),Brother TN6300 Original Black (B Grade)
DR-6000(B),Brother DR6000 Printer Drum Original (B Grade)
CE310A(B),HP 126A Original Black Toner Cartridge (B Grade)
CC532A(B),HP 304A Original yellow Toner Cartridge (B Grade)
9629A002(B),Canon C-EXV11 Original Black Toner Cartridge (B Grade)
DR-300(B),Brother Drum for Laser Printer Original 8000 pages (B Grade)
CE311A(B),HP 126A Original Cyan Toner Cartridge (B Grade)
CF370AM(B),"HP 305A Original Cyan, Magenta, Yellow Multipack of Toner Cartridges (B Grade)"
1659B006(B),Canon C-EXV26 Original Cyan (B Grade)
DR-2000(B),Brother Drum Unit DR2000 (B Grade)
CE313A(B),HP 126A Original Magenta Toner Cartridge (B Grade)
CE742A(B),HP 307A Original Yellow Toner Cartridge (B Grade)
CE505XD(B),HP 05X Original Black 2 pc(s) (B Grade)
TN130BK(B),Brother TN130BK Original Black (B Grade)
CE312A(B),HP 126A Original Yellow Toner Cartridge (B Grade)
Q2670A(B),HP 308A Original Black Toner Cartridge (B Grade)
Q2610A(B),HP 10A Original Black Toner Cartridge (B Grade)
TN2110(B),Brother TN-2110 Toner Cartridge Original Black (B Grade)
Q2612A(B),HP 12A Original Black Toner Cartridge (B Grade)
Q6511A(B),HP 11A Original Black Toner Cartridge (B Grade)
Q2671A(B),HP 309A Original Cyan Toner Cartridge (B Grade)
TN230BK(B),Brother TN-230BK Toner Cartridge Original Black (B Grade)
C7115A(B),HP 15A Original Black Toner Cartridge (B Grade)
Q6511X(B),HP 11X Original Black (B Grade)
Q2673A(B),HP 309A Original Magenta Toner Cartridge (B Grade)
TN241M(B),Brother TN-241M Toner Cartridge Original Magenta (B Grade)
C7115X(B),HP 15X Original Black Toner Cartridge (B Grade)
Q2681A(B),HP 311A Original Cyan Toner Cartridge (B Grade)
Q3961A(B),HP 122A Original Cyan Toner Cartridge (B Grade)
TN3130(B),Brother TN3130 Original Black (B Grade)
CF403X(B),HP 201X Original Magenta Toner Cartridge (B Grade)
Q2683A(B),HP 311A Original Magenta Toner Cartridge (B Grade)
Q3963A(B),HP 122A Original Magenta Toner Cartridge (B Grade)
TN321M(B),Brother TN-321M Toner Cartridge Original Magenta (B Grade)
Q2624A(B),HP 24A Original Black Toner Cartridge (B Grade)
Q2682A(B),HP 311A Original Yellow Toner Cartridge (B Grade)
CF382A(B),HP 312A Original Yellow Toner Cartridge (B Grade)
Q7561A(B),HP 314A Original Cyan Toner Cartridge (B Grade)
Q7562A(B),HP 314A Original Yellow Toner Cartridge (B Grade)
CB403A(B),HP 624A Original Magenta Toner Cartridge (B Grade)
CE250A(B),HP 504A Original Black Toner Cartridge (B Grade)
CE265A(B),HP 648A Toner Cartridge collector 36000 pages (B Grade)
CB436A(B),HP 36A Original Black Toner Cartridge (B Grade)
CB402A(B),HP 624A Original Yellow Toner Cartridge (B Grade)
CE251A(B),HP 504A Original Cyan Toner Cartridge (B Grade)
CC364A(B),HP 64A Original Black Toner Cartridge (B Grade)
CF237Y(B),HP 37Y Original Black (B Grade)
Q5950A(B),HP 643A Original Black Toner Cartridge (B Grade)
CE253A(B),HP 504A Original Magenta Toner Cartridge (B Grade)
CC364X(B),HP 64X Original Black Toner Cartridge (B Grade)
Q5951A(B),HP 643A Original Cyan Toner Cartridge (B Grade)
CF413X(B),HP 410X Original Magenta Toner Cartridge (B Grade)
CE252A(B),HP 504A Original Yellow Toner Cartridge (B Grade)
CE341A(B),HP 651A Original Cyan Toner Cartridge (B Grade)
Q5953A(B),HP 643A Original Magenta Toner Cartridge (B Grade)
CF412X(B),HP 410X Original Yellow Toner Cartridge (B Grade)
CE250XD(B),HP 504X Original Black 2 pc(s) (B Grade)
CF323A(B),HP 653A Original Magenta Toner Cartridge (B Grade)
Q5952A(B),HP 643A Original Yellow Toner Cartridge (B Grade)
Q5942A(B),HP 42A Original Black Toner Cartridge (B Grade)
CE250X(B),HP 504X Original Black Toner Cartridge (B Grade)
CF332A(B),HP 654A Original Yellow Toner Cartridge (B Grade)
Q6462A(B),HP 644A Original Yellow Toner Cartridge (B Grade)
Q5942XD(B),HP 42X Original Black 2 pc(s) (B Grade)
CE402A(B),HP 507A Original Yellow Toner Cartridge (CE402A) (B Grade)
CF280A(B),HP 80A Original Black Toner Cartridge (B Grade)
Q5942X(B),HP 42X Original Black Toner Cartridge (B Grade)
C9730A(B),HP 645A Original Black Toner Cartridge (B Grade)
CE400X(B),HP 507X Original Black Toner Cartridge (CE400X) (B Grade)
CF280XD(B),HP 80X Original Black 2 pc(s) (B Grade)
C9731A(B),HP 645A Original Cyan Toner Cartridge (B Grade)
C8543X(B),HP 43X Original Black Toner Cartridge (B Grade)
CF362X(B),HP 508X Original Yellow Toner Cartridge (CF362X) (B Grade)
CF280X(B),HP 80X Original Black Toner Cartridge (B Grade)
Q5949A(B),HP 49A Original Black Toner Cartridge (B Grade)
C9733A(B),HP 645A Original Magenta Toner Cartridge (B Grade)
Q7551A(B),HP 51A Original Black Toner Cartridge (B Grade)
CF281X(B),HP 81X Original Black Toner Cartridge (CF281X) (B Grade)
Q5949X(B),HP 49X Original Black Toner Cartridge (B Grade)
Q7551X(B),HP 51X Original Black Toner Cartridge (B Grade)
C9732A(B),HP 645A Original Yellow Toner Cartridge (B Grade)
CB380A(B),HP 823A Original Black Toner Cartridge (B Grade)
Q6471A(B),HP 502A Original Cyan Toner Cartridge (B Grade)
Q7553A(B),HP 53A Original Black Toner Cartridge (B Grade)
CF031A(B),HP 646A Original Cyan Toner Cartridge (B Grade)
CB381A(B),HP 824A Original Cyan Toner Cartridge (B Grade)
Q6473A(B),HP 502A Original magenta Toner Cartridge (B Grade)
Q7553XD(B),HP 53X Original Black 2 pc(s) (B Grade)
CE260A(B),HP 647A Original Black Toner Cartridge (B Grade)
CB383A(B),HP 824A Original Magenta Toner Cartridge (B Grade)
Q6472A(B),HP 502A Original Yellow Toner Cartridge (B Grade)
CE261A(B),HP 648A Original Cyan Toner Cartridge (B Grade)
Q7553X(B),HP 53X Original Black Toner Cartridge (B Grade)
CB382A(B),HP 824A Original Yellow Toner Cartridge (B Grade)
Q7581A(B),HP 503A Original Cyan Toner Cartridge (B Grade)
CE263A(B),HP 648A Original Magenta Toner Cartridge (B Grade)
CB400A(B),HP 624A Original Black Toner Cartridge (B Grade)
CF365A(B),HP 828A printer drum (B Grade)
CE262A(B),HP 648A Original Yellow Toner Cartridge (B Grade)
CB401A(B),HP 624A Original Cyan Toner Cartridge (B Grade)
CF287X(B),HP 87X Original Black High Capacity Toner Cartridge (CF287X) (B Grade)
A0DK252(B),Konica Minolta A0DK252 Original yellow Toner Cartridge (B Grade)
CE390A(B),HP 90A Original Black Toner Cartridge (B Grade)
12A5845(B),Lexmark 12A5845 Original Black Toner Cartridge (B Grade)
1710589-004(B),Konica Minolta Black for MagiColor 2400 Original Toner Cartridge (B Grade)
CE390XD(B),HP 90X Original Black 2 pc(s) (B Grade)
12A6865(B),Lexmark 12A6865 Original Black Toner Cartridge (B Grade)
TN210K(B),Konica Minolta TN-210K Original Black (B Grade)
C4092A(B),HP 92A Original Black Toner Cartridge (B Grade)
12A7462(B),Lexmark 12A7462 Toner Cartridge Original Black (B Grade)
TN210M(B),Konica Minolta TN-210M Original Magenta (B Grade)
C8550A(B),HP C8550A Toner Cartridge Original Black (B Grade)
52D2000(B),Lexmark 522 Original Black (B Grade)
C780H1MG(B),"Lexmark C780, C782 Magenta High Yield Return Program Original Toner Cartridge (B Grade)"
1T02MJ0NLC(B),Kyocera TK1130 Black Toner Cartridge 3k pages - 1T02MJ0NLC (B Grade)
C8551A(B),HP C8551A Toner Cartridge Original Cyan (B Grade)
62D2X00(B),Lexmark 622X Original Black Toner Cartridge (B Grade)
C780H1KG(B),Lexmark C780H1KG Original Black Toner Cartridge (B Grade)
1T02MT0NL0(B),KYOCERA TK-3110 Original Black (B Grade)
C8552A(B),HP C8552A Toner Cartridge Original Yellow (B Grade)
64016HE(B),Lexmark 64016HE Original Black Toner Cartridge (B Grade)
C780H1YG(B),Lexmark C780H1YG Original Yellow Toner Cartridge (B Grade)
1T02LV0NL0(B),KYOCERA TK-3130 Original Black (B Grade)
C8553A(B),HP C8553A Toner Cartridge Original Magenta (B Grade)
70C0H10(B),Lexmark 70C0H10 Toner Cartridge Original Black (B Grade)
C792A1KG(B),Lexmark C792A1KG Original Black Toner Cartridge (B Grade)
1T02LX0NLC(B),KYOCERA TK-350 Toner Cartridge (B Grade)
CE254A(B),HP CE254A Toner Cartridge collector 36000 pages (B Grade)
80C2HC0(B),Lexmark 802HC Original Cyan (B Grade)
C792X1CG(B),Lexmark C792X1CG Original Cyan Toner Cartridge (B Grade)
1T02F3CEU0(B),KYOCERA TK-510C Original Cyan (B Grade)
CE260X(B),HP CE260X Original Black Toner Cartridge (B Grade)
80C2HM0(B),Lexmark 802HM Original Magenta (B Grade)
C792X1KG(B),Lexmark C792X1KG Original Black Toner Cartridge (B Grade)
1T02NT0NL0(B),Kyocera TK5160K Black Toner Cartridge 16k pages - 1T02NT0NL0 (B Grade)
CF331A(B),HP CF331A Original Cyan Toner Cartridge (B Grade)
80C2HY0(B),Lexmark 802HY Original Yellow (B Grade)
C792X1MG(B),Lexmark C792X1MG Original Magenta Toner Cartridge (B Grade)
1T02R7BNL0(B),Kyocera TK5240M Magenta Toner Cartridge 3k pages - 1T02R7BNL0 (B Grade)
CLP-Y660A(B),Samsung CLP-Y660A Original Yellow Toner Cartridges (B Grade)
C5240KH(B),Lexmark C5240KH Toner Cartridge Original Black (B Grade)
C792X1YG(B),Lexmark C792X1YG Original Yellow Toner Cartridge (B Grade)
1T02TVCNL0(B),Kyocera TK5270C Cyan Toner Cartridge 8k pages - 1T02TVCNL0 (B Grade)
C5240MH(B),Lexmark C5240MH Toner Cartridge Original magenta (B Grade)
CB459A(B),HP Color LaserJet CB459A Roller Kit 150000 pages (B Grade)
C7700CS(B),Lexmark Cyan Return Program Print Cartridge for C770/C772 Original (B Grade)
1T02TVANL0(B),Kyocera TK5270Y Yellow Toner Cartridge 8k pages - 1T02TVANL0 (B Grade)
C9704A(B),HP Color LaserJet Imaging Drum C9704A printer drum (B Grade)
C5240YH(B),"Lexmark C5240YH Toner Cartridge Original Cyan,Yellow (B Grade)"
E250X22G(B),"Lexmark E250, E35X, E450 30K Photoconductor Kit imaging unit Black 30000 pages (B Grade)"
1T02LKBNL0(B),Kyocera TK8305M Magenta Toner Cartridge 15k pages - 1T02LKBNL0 (B Grade)
C540A1CG(B),"Lexmark C54x, X54x Cyan Return Programme Toner Cartridge (1K) Original (B Grade)"
Q7842A(B),HP Q7842A printer kit (B Grade)
E250A11E(B),Lexmark E250A11E Toner Cartridge Original Black (B Grade)
1T02MV0NL0(B),Kyocera TK8315K Black Toner Cartridge 12k pages - 1T02MV0NL0 (B Grade)
C734A1MG(B),Lexmark C734A1MG Original Magenta Toner Cartridge (B Grade)
W1143A(B),"HP W1143A 143A Black Toner Cartridge (Yield: 2,500 Pages x 2) (B Grade)"
C500H2KG(B),Lexmark 0C500H2KG Original Black (B Grade)
64416XE(B),Lexmark T64x Extra High Yield Return Programme Cartridge Original Black (B Grade)
C780H1CG(B),"Lexmark C780, C782 Cyan High Yield Return Program Original Toner Cartridge (B Grade)"
1710517-008(B),Konica Minolta 1710517-008 Original Cyan Toner Cartridge (B Grade)
64016SE(B),Lexmark T64x Return Programme Cartridge Original Black Toner Cartridge (B Grade)
X264H11G(B),Lexmark X264H11G Toner Cartridge Original Black (B Grade)
X560H2MG(B),Lexmark X560H2MG Magenta Laser Original Toner Cartridge (B Grade)
X792X1YG(B),Lexmark X792X1YG Toner Cartridge Original yellow (B Grade)
X792X1MG(B),Lexmark X792X1MG Toner Cartridge Original magenta (B Grade)
43459433(B),OKI 43459433 Toner Cartridge Original Yellow (B Grade)
46490606(B),OKI 46490606 Toner Cartridge Original Magenta (B Grade)
X945X2MG(B),Lexmark X945X2MG Toner Cartridge Original magenta (B Grade)
43459434(B),OKI 43459434 Toner Cartridge Original Magenta (B Grade)
41963007(B),OKI C7100/C7300/C7500 CYAAN Original Cyan Toner Cartridge (B Grade)
41515210(B),OKI 41515210 Original Magenta Toner Cartridge (B Grade)
43487711(B),OKI 43487711 Original Cyan Toner Cartridge (B Grade)
44318606(B),OKI Magenta Original Toner Cartridge (B Grade)
41963608(B),OKI 41963608 Original Black Toner Cartridge (B Grade)
43502002(B),OKI 43502002 Original Black Toner Cartridge (B Grade)
43459371(B),OKI Toner Cartridge f/ C3520MFP & C3530MFP Original Cyan (B Grade)
CLP-500D5C(B),Samsung CLP-500D5C Original Cyan Toner Cartridge (B Grade)
42102802(B),OKI 42102802 Printer Drum Original (B Grade)
43502302(B),OKI 43502302 Original Black Toner Cartridge (B Grade)
41515209(B),OKI Yellow for C9200/C9400 Original Toner Cartridge (B Grade)
CLP-500D5M(B),Samsung CLP-500D5M Original Magenta Toner Cartridge (B Grade)
43837129(B),OKI 43837129 Original Yellow Toner Cartridge (B Grade)
42804506(B),OKI 42804506 Toner Cartridge Original Magenta (B Grade)
43870021(B),OKI Yellow image drum for C5850/5950 Original 20000 pages (B Grade)
CLP-C660A(B),Samsung CLP-C660A Toner Cartridge Original Cyan (B Grade)
43865723(B),OKI 43865723 Original Cyan Toner Cartridge (B Grade)
42804540(B),OKI 42804540 Toner Cartridge Original Black (B Grade)
44318605(B),OKI Yellow Original Toner Cartridge (B Grade)
CLP-C660B(B),Samsung CLP-C660B Original Cyan Toner Cartridge (B Grade)
43872305(B),OKI 43872305 Original Yellow Toner Cartridge (B Grade)
42804547(B),OKI 42804547 Toner Cartridge Original Cyan (B Grade)
F6T81AE(B),Original HP 973X Cyan Ink Cartridge (F6T81AE) (B Grade)
CLP-K600A(B),Samsung CLP-K600A Original Black Toner Cartridge (B Grade)
43913807(B),OKI 43913807 Original Cyan Toner Cartridge (B Grade)
42918913(B),OKI 42918913 Original Yellow Toner Cartridge (B Grade)
F6T83AE(B),Original HP 973X Yellow Ink Cartridge (F6T83AE) (B Grade)
CLP-K660A(B),Samsung CLP-K660A Toner Cartridge Original Black (B Grade)
42918914(B),OKI 42918914 Original Magenta Toner Cartridge (B Grade)
43979102(B),OKI 43979102 Original Black Toner Cartridge (B Grade)
841197(B),Ricoh 841197 Original Cyan Toner Cartridge (B Grade)
CLP-M600A(B),Samsung CLP-M600A Original Magenta Toner Cartridge (B Grade)
43979202(B),OKI 43979202 Original Black Toner Cartridge (B Grade)
841198(B),Ricoh 841198 Original Magenta Toner Cartridge (B Grade)
42918915(B),OKI 42918915 Original Cyan Toner Cartridge (B Grade)
CLP-M660A(B),Samsung CLP-M660A Toner Cartridge Original Magenta (B Grade)
407645(B),Ricoh C220E Cyan Standard Capacity Toner Cartridge 2k pages for SP C220N - 406097 (B Grade)
44059107(B),OKI 44059107 Original Cyan Toner Cartridge (B Grade)
43034806(B),OKI 43034806 Toner Cartridge Original magenta (B Grade)
CLP-M660B(B),Samsung CLP-M660B Original Magenta Toner Cartridge (B Grade)
841506(B),Ricoh MPC2051 Magenta Original Toner Cartridge (B Grade)
44064010(B),OKI 44064010 Printer Drum Original (B Grade)
43034807(B),OKI 43034807 Toner Cartridge Original Cyan (B Grade)
CLP-Y600A(B),Samsung CLP-Y600A Toner Cartridge Original Yellow (B Grade)
44250723(B),OKI 44250723 Original Cyan Toner Cartridge (B Grade)
406053(B),Ricoh SPC220E Cyan Original Toner Cartridge (B Grade)
43324421(B),OKI 43324421 Original yellow Toner Cartridge (B Grade)
CLT-R607C(B),Samsung CLT-R607C Printer Drum Original (B Grade)
44844507(B),OKI 44844507 Original Cyan Toner Cartridge (B Grade)
885324(B),Ricoh Toner Cartridge Cyan Type M2 Original (B Grade)
CLT-R607K(B),Samsung CLT-R607K Printer Drum Original (B Grade)
43324423(B),OKI 43324423 Original Cyan Toner Cartridge (B Grade)
44917602(B),OKI 44917602 Original Black Toner Cartridge (B Grade)
885322(B),Ricoh Toner Cartridge Type M2 Yellow Original (B Grade)
CLT-R607Y(B),Samsung CLT-R607Y Printer Drum Original (B Grade)
43324424(B),OKI 43324424 Original Black Toner Cartridge (B Grade)
CLT-W606(B),Samsung CLT-W606 Toner Cartridge Original (B Grade)
CLX-C8385A(B),Samsung CLX-C8385A Toner Cartridge Original Cyan (B Grade)
MX-31GTYA(B),Sharp Yellow Toner Cartridge 15k pages - MX31GTYA (B Grade)
ML-D3050A(B),Samsung ML-D3050A Original Black Toner Cartridge (B Grade)
ML-D4550B(B),Samsung ML-D4550B Original Black Toner Cartridge (B Grade)
106R01503(B),"Xerox Cyan Standard (5,000 pages) Phaser 6700 Toner Cartridge (B Grade)"
MX51GTYA(B),Sharp Yellow Toner Cartridge 18k pages - MX51GTYA (B Grade)
MLT-D2082L(B),Samsung MLT-D2082L Original Black Toner Cartridge (B Grade)
108R00670(B),Xerox Genuine Solid Ink 8500/8550 Magenta (3 sticks) (B Grade)
108R00645(B),Xerox 108R00645 Printer Drum Original 35000 pages (B Grade)
MLT-D2082S(B),Samsung MLT-D2082S Toner Cartridge Original Black (B Grade)
108R00723(B),"Xerox Genuine Solid Ink 8560MFP/8560 Cyan (3,400 Pages) (B Grade)"
108R00646(B),Xerox 108R00646 printer roller Printer transfer roller 35000 pages (B Grade)
MLT-K606S(B),Samsung MLT-K606S Toner Cartridge Original Black (B Grade)
108R00748(B),"Xerox Genuine Solid Ink, Phaser 8860/8860MFP Yellow (6 Sticks) (B Grade)"
106R03480(B),Xerox PHASER 6510 / WORKCENTRE 6515 Black High Capacity Toner Cartridge (5500 Pages) (B Grade)
108R00697(B),Xerox 108R00697 (B Grade)
SCX-4216D3(B),Samsung SCX-4216D3 Original Black Toner Cartridge (B Grade)
106R03479(B),"Xerox PHASER 6510 / WORKCENTRE 6515 Yellow High Capacity Toner Cartridge (2,400 Pages) (B Grade)"
106R01439(B),Xerox High Capacity Black (19800 pages) Toner Cartridge (B Grade)
108R00975(B),Xerox 108R00975 Waste Toner Cartridge container Laser/LED printer (B Grade)
SCX-4720D3(B),Samsung SCX-4720D3 Toner Cartridge Original Black (B Grade)
106R02232(B),"Xerox Phaser 6600/WorkCentre 6605 High Capacity Black (8,000 Pages) Toner Cartridge (B Grade)"
106R01436(B),Xerox High Capacity Cyan (17800 pages) Toner Cartridge (B Grade)
108R00982(B),Xerox 108R00982 Toner Cartridge collector 20000 pages (B Grade)
SCX-4720D5(B),Samsung SCX-4720D5 Original Black Toner Cartridge (B Grade)
106R02231(B),"Xerox Phaser 6600/WorkCentre 6605 High Capacity Yellow (6,000 Pages) Toner Cartridge (B Grade)"
108R00776(B),Xerox Magenta Drum Cartridge (30000 pages) (B Grade)
108R00830(B),Xerox 108R830 Ink stick 4 pc(s) Magenta 37000 pages (B Grade)
SCX-D4725A(B),Samsung SCX-D4725A Toner Cartridge Original Black (B Grade)
106R01566(B),"Xerox Phaser 7800 Printer, High Capacity Cyan (17,200 Pages) Toner Cartridge (B Grade)"
106R03739(B),Xerox Magenta High Capacity Toner Cartridge 16.5k pages for VLC70XX - 106R03739 (B Grade)
006R01457(B),Xerox 6R1457 Original black (B Grade)
113R00724(B),"Xerox Magenta High Capacity, Phaser 6180 Series Toner Cartridge (B Grade)"
MX51GTBA(B),Sharp Black Toner Cartridge 40k pages - MX51GTBA (B Grade)
106R01568(B),"Xerox Phaser 7800 Printer, High Capacity Yellow (17,200 Pages) Toner Cartridge (B Grade)"
006R01458(B),Xerox 6R1458 Original Yellow (B Grade)
106R01083(B),"Xerox Magenta High Capacity, Phaser 6300 (DOES NOT WORK ON PHASER 6350) Toner Cartridge (B Grade)"
MX-31GTCA(B),Sharp Cyan Toner Cartridge 15k pages - MX31GTCA (B Grade)
106R01433(B),Xerox Standard Capacity Cyan Toner Cartridge (9600 pages) (B Grade)
106R03737(B),Xerox Black High Capacity Toner Cartridge 23.6k pages for VLC70XX - 106R03737 (B Grade)
106R01078(B),"Xerox Magenta High-Capacity (18,000 pages*) Toner Cartridge (B Grade)"
MX-31GTMA(B),Sharp Magenta Toner Cartridge 15k pages - MX31GTMA (B Grade)
113R00780(B),Xerox Standard Capacity Drum Kit 109k pages - 113R00780 (B Grade)
108R00608(B),Xerox Black Ink (6 Per Box) 8400 (B Grade)
106R01435(B),Xerox Standard Capacity Yellow Toner Cartridge (9600 pages) (B Grade)
MX51GTMA(B),Sharp Magenta Toner Cartridge 18k pages - MX51GTMA (B Grade)
106R01151(B),Xerox Magenta Standard Toner Cartridge (9000 pages*) (B Grade)
108R00955(B),"Xerox ColorQube 8870 Ink, magenta (6 sticks 17300 pages) (B Grade)"
106R03529(B),"Xerox VersaLink C400/C405 Yellow Extra High Capacity Toner Cartridge (8,000 Pages) (B Grade)"
MX-27GTCA(B),Sharp MX-27GTCA Toner Cartridge Original Cyan (B Grade)
106R02305(B),Xerox Phaser 3320 Standard Capacity Print Cartridge (5000 Pages) (B Grade)
106R00653(B),"Xerox Cyan (22,000 Pages*) Toner Cartridge (B Grade)"
106R02313(B),Xerox WorkCentre 3325 High Capacity Print Cartridge (11000 Pages) (B Grade)
MX-27GTMA(B),Sharp MX-27GTMA Toner Cartridge Original Magenta (B Grade)
108R00775(B),Xerox Cyan Drum Cartridge (30000 pages) (B Grade)
106R01274(B),Xerox Phaser 6110 & 6110MFP Black (2K) Toner Cartridge (B Grade)
106R02744(B),"Xerox WorkCentre 6655 High Capacity Cyan Toner Cartridge (7,500 Pages) (B Grade)"
106R03740(B),Xerox Cyan High Capacity Toner Cartridge 16.5k pages for VLC70XX - 106R03740 (B Grade)
MX-27GTYA(B),Sharp MX-27GTYA Toner Cartridge Original Yellow (B Grade)
106R01597(B),"Xerox Phaser 6500/WorkCentre 6505, High Capacity Black (3,000 Pages) Toner Cartridge (B Grade)"
108R00777(B),Xerox Yellow Drum Cartridge (30000 pages) (B Grade)
106R01594(B),"Xerox Phaser 6500/WorkCentre 6505, High Capacity Cyan (2,500 Pages) Toner Cartridge (B Grade)"
MX-27GTBA(B),"Sharp Toner Cartridge Black MX-2700 N, MX-2300 N Original (B Grade)"
106R01079(B),"Xerox Yellow High Capacity (18,000 pages*) Toner Cartridge (B Grade)"
106R03738(B),Xerox Yellow High Capacity Toner Cartridge 16.5k pages for VLC70XX - 106R03738 (B Grade)
106R03742(B),Xerox Yellow High Capacity Toner Cartridge 9.8k pages for VLC70XX - 106R03742 (B Grade)
106R01505(B),"Xerox Yellow Standard (5,000 pages) Phaser 6700 Toner Cartridge (B Grade)"
106R01162(B),"Xerox Yellow, high-capacity (Up to 25,000 pages) Toner Cartridge (B Grade)"
24B5588(B),Genuine Lexmark 24B5588 Toner Cartridge Magenta (B Grade)
CWC-C-067HMP,Compatible Canon 067H High Capacity 4 Colour Toner Cartridge Multipack
CWC-C-067HBK,Compatible Canon 067H High Capacity Black Toner Cartridge (5106C002)
CWC-C-067HC,Compatible Canon 067H High Capacity Cyan Toner Cartridge (5105C002)
CWC-C-067HM,Compatible Canon 067H High Capacity Magenta Toner Cartridge (5104C002)
CWC-C-067HY,Compatible Canon 067H High Capacity Yellow Toner Cartridge (5103C002)
5106C002,Canon 067H High Capacity Black Toner Cartridge (5106C002)
5105C002,Canon 067H High Capacity Cyan Toner Cartridge (5105C002)
5104C002,Canon 067H High Capacity Magenta Toner Cartridge (5104C002)
5103C002,Canon 067H High Capacity Yellow Toner Cartridge (5103C002)
067HMP,Canon 067H High Capacity 4 Colour Toner Cartridge Multipack
HLL5210DW,Brother HL-L5210DW Mono A4 Laser Printer
HLL6410DN,Brother HL-L6410DN Mono A4 Laser Printer
200MICROCUT,Fellowes Automax 200M Micro Cut Shredder
4025601,Fellowes Performance+ Shredder Lubricant Sheets x10
CWC-B-TN3600XL,Compatible Brother TN3600XL High Yield Black Toner Cartridge
641S00797(B),Xerox WorkCentre Genuine Fuser Cartridge 008R13088 641S00797 (B Grade)
03200BK11045,"Zebra Wax/resin 3200 4.33"" x 110mm printer ribbon"
CWC-O-47095704,Compatible OKI Black Toner Cartridge 5K pages (47095704)
CWC-H-W1390A,Compatible HP W1390A Black Toner Cartridge 139A
CWC-H-W1390X,Compatible HP W1390X Black Toner Cartridge 139X
W1390A,HP W1390A Black Toner Cartridge 139A
W1390X,HP W1390X Black Toner Cartridge 139X
CWC-B-TN2510,Compatible Brother TN2510 Black Toner Cartridge
TFC415ECMYK,Original Toshiba TFC415E CMYK Multipack Toner Cartridges (6AJ00000175/ 6AJ00000172/ 6AJ00000178/ 6AJ00000182)
24B6015,Lexmark 24B6015 Toner-kit black for Lexmark M 5155
HLL2445DW,Brother HL-L2445DW Mono A4 Laser Printer
HLL9470CDN,Brother HL-L9470CDN Professional Workgroup A4 Colour Laser Printer
HL1110,Brother HL-1110 Compact Mono A4 Laser Printer
CWC-B-DR2510,Compatible Brother DR2510 Black Mono Drum
TN421MP,Brother TN-421 4 Colour Toner Cartridge Pack
TN423MP,Brother TN-423 High Capacity 4 Colour Toner Cartridge Pack
CWC-E-T9661,Compatible Epson T9661 Extra High Yield Black Ink Cartridge
CWC-C-PG575XL,Compatible Canon PG575XL High Capacity Black Ink Cartridge 15ml (5437C001)
CWC-C-CL576XL,Compatible Canon CL576XL High Capacity Tri-Colour Ink Cartridge 12.6ml (5441C001)
CWC-C-PG575XLCL576XL,Compatible Canon PG575XL-CL576XL High Capacity Black & Tri-Colour Ink Cartridge Multipack
CWC-E-T9651,Compatible Epson T9651 High Yield Black Ink Cartridge
CWC-B-TN248BK,Compatible Brother TN248BK Standard Yield Black Toner Cartridge
CWC-B-TN248C,Compatible Brother TN248C Standard Yield Cyan Toner Cartridge
CWC-B-TN248M,Compatible Brother TN248M Standard Yield Magenta Toner Cartridge
CWC-B-TN248Y,Compatible Brother TN248Y Standard Yield Yellow Toner Cartridge
CWC-B-TN248XLBK,Compatible Brother TN248XLBK High Yield Black Toner Cartridge
CWC-B-TN248XLC,Compatible Brother TN248XLC High Yield Cyan Toner Cartridge
CWC-B-TN248XLM,Compatible Brother TN248XLM High Yield Magenta Toner Cartridge
CWC-B-TN248XLY,Compatible Brother TN248XLY High Yield Yellow Toner Cartridge
CWC-B-TN248VAL,Compatible Brother TN248VAL Standard Yield Value Pack
CWC-B-TN248VALXL,Compatible Brother TN248VAL High Capacity XL Value Pack
PF-04,Canon 3630B001/PF-04 Printhead
842382,Ricoh IM C300 Black Original Toner Cartridge (842382)
842383,Ricoh IM C300 Cyan Original Toner Cartridge (842383)
5225B013,Canon 5225B013/PG-540+CL-541 Cartridge multipack + Photopaper 50 sheet
4K0U6NE,HP 924 Black Standard Ink Cartridge 500 Pages - 4K0U6NE
CWC-B-TN2420TP,Compatible Brother TN-2420 Black Toner Cartridge Twin Pack (TN2420)
CWC-B-TN2420DR2400,"Compatible Brother TN-2420 Black Toner Cartridge and Drum Unit Pack (TN2420,DR2400)"
CWC-L-13400HC,Remanufactured Lexmark 13400HC Black
CWC-X-108R01121C,Remanufactured Xerox 108R01121 Cyan Printer Drum (C400/C405)
CWC-B-TN3600,Compatible Brother TN3600 Black Toner Cartridge
CWC-B-TN3600XXL,Compatible Brother TN3600XXL Extra High Yield Black Toner Cartridge
4K0U3NE,HP 924 Cyan Ink Cartridge (4K0U3NE)
4K0U4NE,HP 924 Magenta Ink Cartridge (4K0U4NE)
4K0U5NE,HP 924 Yellow Ink Cartridge (4K0U5NE)
6C3Z1NE,HP 924 CYMK ORIGINAL Ink Cartridge 4 PACK
4K0U7NE,HP 924E EvoMore Ink Cartridge Cyan (4K0U7NE)
4K0U8NE,HP 924E EvoMore Ink Cartridge Magenta (4K0U8NE)
4K0U9NE,HP 924E EvoMore Ink Cartridge Yellow (4K0U9NE)
4K0V0NE,HP 924E EvoMore Ink Cartridge Black (4K0V0NE)
HP924EMP,HP 924E EvoMore Ink Cartridge 4 Colour Pack
HP117AMP,"HP 117A 4 Colour Toner Cartridge Multipack (W2070A,W2071A,W2072A,W2073A)"
055HMP,Canon 055H 4 Colour High Capacity Toner Cartridge Multipack
CWC-C-055HBK,Compatible Canon 055HBK Black High Capacity Toner Cartridge 7.6k pages - 3020C002
CWC-C-055HC,Compatible Canon 055HC Cyan High Capacity Toner Cartridge 5.9k pages - 3019C002
CWC-C-055HM,Compatible Canon 055HM Magenta High Capacity Toner Cartridge 5.9k pages - 3018C002
CWC-C-055HY,Compatible Canon 055HY Yellow High Capacity Toner Cartridge 5.9k pages - 3017C002
CWC-C-055HMP,Compatible Canon 055H 4 Colour High Capacity Toner Cartridge Multipack
SU799A(B),Samsung MLTD111L Black Toner Cartridge - SU799A (B Grade)
W2200X,HP 220X Black High Capacity Toner Cartridge 7.5K (W2200X)
W2201X,HP 220X Cyan High Capacity Toner Cartridge 5.5K (W2201X)
W2203X,HP 220X Magenta High Capacity Toner Cartridge 5.5K (W2203X)
W2202X,HP 220X Yellow High Capacity Toner Cartridge 5.5K (W2202X)
HP220XMP,"HP 220X 4 Colour High Capacity Toner Cartridge Multipack (W2200X, W2201X, W2202X, W2203X)"
W2200A,HP 220A Black Toner Cartridge 2K (W2200A)
W2201A,HP 220A Cyan Toner Cartridge 1.8K (W2201A)
W2203A,HP 220A Magenta Toner Cartridge 1.8K (W2203A)
W2202A,HP 220A Yellow Toner Cartridge 1.8K (W2202A)
HP220AMP,"HP 220A 4 Colour Toner Cartridge Multipack (W2200A, W2201A, W2202A, W2203A)"
CWC-H-W2200X,Compatible HP 220X Black High Capacity Toner Cartridge 7.5K (W2200X)
CWC-H-W2201X,Compatible HP 220X Cyan High Capacity Toner Cartridge 5.5K (W2201X)
CWC-H-W2203X,Compatible HP 220X Magenta High Capacity Toner Cartridge 5.5K (W2203X)
CWC-H-W2202X,Compatible HP 220X Yellow High Capacity Toner Cartridge 5.5K (W2202X)
CWC-H-HP220XMP,"Compatible HP 220X 4 Colour High Capacity Toner Cartridge Multipack (W2200X, W2201X, W2202X, W2203X)"
F901-PI,Handheld 3-in-1 Dual Use Fan With Power Bank Charger (USB)
F901-PU,Handheld 3-in-1 Dual Use Fan With Power Bank Charger (USB)
F901-WH,Handheld 3-in-1 Dual Use Fan With Power Bank Charger (USB)
CWC-H-W2200A,Compatible HP 220A Black Toner Cartridge (W2200A)
CWC-H-W2201A,Compatible HP 220A Cyan Toner Cartridge (W2201A)
CWC-H-W2203A,Compatible HP 220A Magenta Toner Cartridge (W2203A)
CWC-H-W2202A,Compatible HP 220A Yellow Toner Cartridge (W2202A)
CWC-H-HP220AMP,"Compatible HP 220A 4 Colour Toner Cartridge Multipack (W2200A, W2201A, W2202A, W2203A)"
CWC-KY-TK8115MP,Compatible Kyocera TK-8115 4 Colour Toner Cartridge Multipack
CWC-B-LC421XLBK,Compatible Brother High Yield Black Ink Cartridge 500 pages - LC421XLBK
CWC-B-LC421XLC,Compatible Brother High Yield Cyan Ink Cartridge 500 pages - LC421XLC
CWC-B-LC421XLM,Compatible Brother High Yield Magenta Ink Cartridge 500 pages - LC421XLM
CWC-B-LC421XLY,Compatible Brother High Yield Yellow Ink Cartridge 500 pages - LC421XLY
CWC-B-LC421XLVAL,Compatible Brother Value Pack Black Cyan Magenta Yellow Standard Capacity Ink Cartridge 500 pages - LC421XLVAL
92298X,Original HP 98X Cartridge Black (92298X)
MPHLY-BL,Premium Long Crossbody Adjustable Mobile Phone Lanyard
MPHLY-DA,Premium Long Crossbody Adjustable Mobile Phone Lanyard
MPHLY-LI,Premium Long Crossbody Adjustable Mobile Phone Lanyard
MPHLY-KH,Premium Long Crossbody Adjustable Mobile Phone Lanyard
MPHLY-AR,Premium Long Crossbody Adjustable Mobile Phone Lanyard
MPHLY-OR,Premium Long Crossbody Adjustable Mobile Phone Lanyard
MPHLY-PU,Premium Long Crossbody Adjustable Mobile Phone Lanyard
MPHLY-BL-1,Premium Long Crossbody Adjustable Mobile Phone Lanyard
MPHLY-RO,Premium Long Crossbody Adjustable Mobile Phone Lanyard
MPHLY-TI,Premium Long Crossbody Adjustable Mobile Phone Lanyard
HBPEN30-PI,Pack of 30 HB Pencils
HBPEN30-GR,Pack of 30 HB Pencils
HBPEN30-BL,Pack of 30 HB Pencils
HBPEN30-PU,Pack of 30 HB Pencils
HBPEN30-YE,Pack of 30 HB Pencils
USBFAN1,Portable Fan Mini Hand Held Fan with USB Rechargeable Battery 5 Speed
HBPEN10,Pack of 10 HB Macaron Pencils
CLKFAN,Flexible USB LED Display Desktop & Laptop Clock Fan
MBAR42,42cm Monitor Light Bar
MBAR50,50cm Monitor Light Bar
LED1,Rechargeable Magnetic Night Light With Dual Color Temperature Light
CATHP,Cat Paw Highlighter Pens (4 Colour Pack)
HPEN12,12 Pack Fluorescent Highlighter Pens
GELGLT12,Gel Outline Marker Pens Glitter 12 Pack
GELGLT8,Gel Outline Marker Pens Glitter 8 Pack
GELGLT24,Gel Outline Marker Pens Glitter 24 Pack
GELGLT36,Gel Outline Marker Pens Glitter & Metallic 36 Pack
OUTM24,24 Pcs Outline Marker Pack
OUTM12,12 Pcs Outline Marker Pack
OUTM36,36 Pcs Outline Marker Pack
5646C002,Canon (071H) Original Toner Cartridge high-capacity (5646C002)
CWC-KM-A33K350,Compatible Konica Minolta TN-321M Magenta Toner Cartridge (A33K350)
CWC-KM-A33K150,Compatible Konica Minolta TN-321K Black Toner Cartridge (A33K150)
CWC-KM-A33K450,Compatible Konica Minolta TN-321C Cyan Toner Cartridge (A33K450)
CWC-KM-A33K250,Compatible Konica Minolta TN-321Y Yellow Toner Cartridge (A33K250)
CWC-KM-TN321MP,"Compatible Konica Minolta TN-321 4 Colour Toner Cartridge Pack (A33K1510, A33K450, A33K350, A33K250)"
CWC-KM-TN321CP,"Compatible Konica Minolta TN-321 C,M,Y 3 Colour Toner Cartridge Pack (A33K450, A33K350, A33K250)"
DCPL2627DWEAGRADE,Brother DCP-L2627DWE A Grade - Refurbished Machine
MFCJ4335DWU1AG,Brother MFC-J4335DW A Grade - Refurbished Machine
MFCJ4340CDWAGRADE,Brother MFC-J4340DW multifunctional Inkjet A4 A Grade - Refurbished Machine
MFCJ5340DWEAGRADE,Brother MFC-J5340DW Inkjet A3 A Grade - Refurbished Machine
MFCJ6540DWAGRADE,Brother MFC-J6540DW A4 Inkjet Printer A Grade - Refurbished Machine
MFCL2827DWU1AG,Brother MFC-L2827DW Mono Laser Printer A Grade - Refurbished Machine
24B6890,Lexmark 24B6890 Extra High Capacity Black Toner Cartridge
CWC-B-DR3600,Compatible Brother Imaging Drum Unit - DR3600
6948B002(B),B Grade Canon EXV45Y Yellow Standard Capacity Toner Cartridge 52k pages - 6948B002
CWC-X-106R03528,Compatible Xerox 106R03528 Extra High Capacity Black Toner Cartridge
CWC-B-DK22205,Compatible DK22205 PAPER 62MM(W) X 30M(L) Continuous Label Roll
NAVEXPA4,Navigator Expression Paper 90gsm A4 (Box 5 Reams)
CHP110,HP Office Paper A4 printing paper A4 (Box of 5 Reams)
458628MP,"Original Oki 4 Colour Toner Cartridge Pack (45862837, 45862838, 45862839, 45862840)"
CWC-O-45862837,Compatible Oki 45862837 Yellow Toner Cartridge
CWC-O-45862838,Compatible Oki 45862838 Magenta Toner Cartridge
CWC-O-45862839,Compatible Oki 45862839 Cyan Toner Cartridge
CWC-O-45862840,Compatible Oki 45862840 Toner Cartridge Original Black
CWC-O-458628MP,"Compatible Oki 4 Colour Toner Cartridge Pack (45862837, 45862838, 45862839, 45862840)"
CWC-X-006R01746,Compatible Xerox 006R01746 Black Toner Cartridge
CWC-X-006R01747,Compatible Xerox 006R01747 Cyan Toner Cartridge
CWC-X-006R01748,Compatible Xerox 006R01748 Magenta Toner Cartridge
CWC-X-006R01749,Compatible Xerox 006R01749 Yellow Toner Cartridge
CWC-X-006R01746MP,"Compatible Xerox 006R01746 4 Colour Toner Cartridge Pack (006R01747, 006R01748, 006R01749)"
006R01746,Original Xerox 006R01746 Black Toner Cartridge
006R01747,Original Xerox 006R01747 Cyan Toner Cartridge
006R01748,Original Xerox 006R01748 Magenta Toner Cartridge
006R01749,Original Xerox 006R01749 Yellow Toner Cartridge
006R01746MP,"Original Xerox 006R01746MP 4 Colour Toner Cartridge Pack(006R01746, 006R01747, 006R01748, 006R01749)"
BPGT70YA,Sharp BP-GT70YA Toner-kit yellow (24K pages)
MXC-35TMP,Sharp MXC357 4 Colour Toner Multipack (MX-35T)
6AG00009135,Toshiba 6AG00009135/T-FC330UK Toner black (18.4K pages)
A9E8250,Konica Minolta TN514Y Yellow Toner Cartridge 26k pages for Bizhub C458/C558/C658 - A9E8250
4S6W5NE,HP 937 Black Standard Ink Cartridge (4S6W5NE)
4S6W2NE,HP 937 Cyan Standard Ink Cartridge (4S6W2NE)
4S6W3NE,HP 937 Magenta Standard Ink Cartridge (4S6W3NE)
4S6W4NE,HP 937 Yellow Standard Ink Cartridge (4S6W4NE)
6C400NE,HP 937 4 Colour Standard Ink Multipack (6C400NE)
CWC-C-069MP,Compatible Canon 069 4 Colour Toner Cartridge Multipack
CWC-C-069HMP,Compatible Canon 069H 4 Colour High Yield Toner Cartridge Multipack
CWC-C-069Y,Compatible Canon 069Y Yellow Toner Cartridge (5091C002)
CWC-C-069HY,Compatible Canon 069HY Yellow High Yield Toner Cartridge (5095C002)
CWC-C-069M,Compatible Canon 069M Magenta Toner Cartridge (5092C002)
CWC-C-069HM,Compatible Canon 069HM Magenta High Yield Toner Cartridge (5096C002)
CWC-C-069C,Compatible Canon 069C Cyan Toner Cartridge (5093C002)
CWC-C-069HC,Compatible Canon 069HC Cyan High Yield Toner Cartridge (5097C002)
CWC-C-069B,Compatible Canon 069Bk Black Toner Cartridge (5094C002)
CWC-C-069HBK,Compatible Canon 069HBK Black High Yield Toner Cartridge (5098C002)
CWC-KM-TNP80K,Compatible Konica Minolta Bizhub C3320i Black TNP80K Toner (AAJW152)
CWC-KM-TNP80C,Compatible Konica Minolta Bizhub C3320i Cyan TNP80C Toner (AAJW452)
CWC-KM-TNP80M,Compatible Konica Minolta Bizhub C3320i Magenta TNP80M Toner (AAJW352)
CWC-KM-TNP80Y,Compatible Konica Minolta Bizhub C3320i Yellow TNP80Y Toner (AAJW252)
CWC-KM-TNP80MP,Compatible Konica Minolta Bizhub C3320i 4 Colour Toner Multipack (TNP-80)
56F0Z00,Lexmark 56F0Z00 Black Return Program Imaging Unit
CWC-X-006R01697,Compatible Xerox 006R01697 Black Laser Toner
CWC-X-006R01698,Compatible Xerox 006R01698 Cyan Laser Toner
CWC-X-006R01699,Compatible Xerox 006R01699 Magenta Laser Toner
CWC-X-006R01700,Compatible Xerox 006R01700 Yellow Laser Toner
CWC-X-006R01697MP,"Compatible Xerox 4 Toner Colour Multipack (006R01697, 006R01698, 006R01699, 006R01700)"
006R01697,Genuine Xerox 006R01697 Black Laser Toner
006R01698,Genuine Xerox 006R01698 Cyan Laser Toner
006R01699,Genuine Xerox 006R01699 Magenta Laser Toner
006R01700,Genuine Xerox 006R01700 Yellow Laser Toner
006R01697MP,"Genuine Xerox 4 Toner Colour Multipack (006R01697, 006R01698, 006R01699, 006R01700)"
BPGT70MA,Sharp BP-GT70MA Toner-kit Magenta (24K pages)
DCPL8410CDWZU1,Brother DCPL8410CDW A4 Colour Laser Multifunction Printer
DCPL3560CDWZU1,Brother DCP-L3560CDW A4 Colour Wireless LED Multifunction
HLL3240CDWZU1,Brother HL-L3240CDW Colour LED A4 Laser Printer
DCPL2620DWZU1,Brother DCP-L2620DW 3 in 1 A4 Mono Laser Multifunction
DCPL2627DWXLZU1,Brother DCP-L2627DWXL 3-in-1 Mono Laser Multifunction Printer
DCPL5510DWQK1,Brother DCP-L5510DW Multifunction Mono Laser Printer
BP-GT70BA,"Sharp BP-GT70BA Black Toner (40,000 pages)"
CWC-X-106R02777,Compatible Xerox 106R02777 High Capacity Black Toner Cartridge
CWC-X-106R02775,Compatible Xerox 106R02775 Black Toner Cartridge
W2000A,HP 658A Black Toner Cartridge (W2000A)
W2001A,HP 658A Cyan Toner Cartridge (W2001A)
W2003A,HP 658A Magenta Toner Cartridge (W2003A)
W2002A,HP 658A Yellow Toner Cartridge (W2002A)
W2000MP,"HP 658A 4 Toner Cartridge Multipack (W2000A,W2001A,W2002A,W2003A)"
C242XK0(B),Lexmark Black Toner Cartridge 6K pages - LEC242XK0 (B Grade)
CWC-E-C13T03R640,Compatible Epson 102 Black Cyan Magenta Yellow Ink Cartridge 1 x 127ml + 3 x 70ml Eco Tank - C13T03R640
CWC-E-C13T03R240,Compatible Epson 102 EcoTank Cyan Ink bottle (C13T03R240)
CWC-E-C13T03R340,Compatible Epson 102 EcoTank Magenta Ink bottle (C13T03R340)
CWC-E-C13T03R140,Compatible Epson 102 EcoTank Pigment Black Ink bottle (C13T03R140)
CWC-E-C13T03R440,Compatible Epson 102 EcoTank Yellow Ink bottle (C13T03R440)
SU916A,Samsung MLTD203U Black Toner Cartridge 15K pages - SU916A
A9E8350,Konica Minolta TN514M Magenta Toner Cartridge 26k pages for Bizhub C458/C558/C658 - A9E8350
CC5PACK-WH,Self Adhesive Cable Clips (5 Pack)
CC5PACK-BL,Self Adhesive Cable Clips (5 Pack)
CC5PACK-GR,Self Adhesive Cable Clips (5 Pack)
MFCJ1010DWZU1,Brother MFC-J1010DW A4 Colour Inkjet Multifunction Printer
CWC-H-957XL,Compatible HP 957XL Black Ink Cartridge (L0R40AE)
CWC-H-967XL,Compatible HP 967XL Black Ink Cartridge (3JA31AE)
CWC-H-917XL,Compatible 917XL Black Extra High Yield Ink Cartridge 39ml (3YL85AE)
WF2110W,Epson WorkForce WF-2110W A4 Colour Inkjet Printer
TN2510XXL,Brother TN2510XXL Super High Yield Black Toner Cartridge
ADS4500WZU1,Brother ADS-4500W Wireless and Network Desktop Document Scanner
ADS4900WZU1,Brother ADS-4900W High Performance Wireless Desktop Document Scanner
CWC-H-Q2612X,Compatible HP 12X Black High Capacity Toner Cartridge (Q2612X)
4.96E+12,Canon Sg-201 A3+ Photo Paper Bj Media 20 Sheets
C11CK66401,Epson Expression Home XP-3200 Inkjet Multifunction Printer
DR-3100(B),Brother DR3100 Original 25000 pages (B Grade)
DR-3200(B),Brother DR-3200 Printer Drum Original 25000 pages (B Grade)
C4127X(B),HP 27X Original Black Toner Cartridge (B Grade)
CE390X(B),HP 90X Original Black Toner Cartridge (B Grade) CE390X
50F2X0E(B),Lexmark 502X R Original Extra High Yield Black Toner Cartridge (B Grade)
5224B00P,Canon PG-540L & CL541XL Printhead Cartridge multi pack
MCCOL-PGE180050A,ColorWay Glossy A4 180gsm Photo Paper 50 Sheets
MCCOL-PGE1801004,ColorWay Glossy 6x4 180gsm Photo Paper 100 Sheets
MCCOL-PGE180100A,ColorWay Glossy 180gsm A4 Photo Paper 100 Sheets
MCCOL-PGE200020A,ColorWay Glossy A4 200gsm Photo Paper 20 Sheets
MCCOL-PGE200050A,ColorWay Glossy A4 200gsm Photo Paper 50 Sheets
MCCOL-PGE2301004,ColorWay Glossy A6 230gsm Photo Paper 100 Sheets
MCCOL-PGE230100A,ColorWay Glossy A4 230gsm Photo Paper 100 Sheets
MCCOL-PM190020A4,ColorWay Matte A4 190gms Photo Paper 20 Sheets
MCCOL-PM1900504R,ColorWay Matte 6x4 190gms Photo Paper 50 Sheets
CWC-C-EXV33BK,Compatible Canon C-EXV 33 Black Toner Cartridge (2785B002)
CWC-SH-MX51GTYA,Compatible Sharp Yellow Toner Cartridge 18k pages - MX51GTYA
CWC-SH-MX51GTMA,Compatible Sharp Magenta Toner Cartridge 18k pages - MX51GTMA
CWC-SH-MX51GTCA,Compatible Sharp Cyan Toner Cartridge 18k pages - MX51GTCA
CWC-SH-MX51GTBA,Compatible Sharp Black Toner Cartridge 40k pages - MX51GTBA
CWC-X-008R13061,Compatible Xerox Standard Capacity Waste Toner Cartridge 008R13061
CWC-X-008R08101,Compatible Xerox 008R08101 Toner waste box
CWC-SH-MX61GTMP,Compatible Sharp 4 Colour Toner Cartridge Pack - MX61GT
MX61GTMP,Sharp 4 Colour Toner Cartridge Pack - MX61GT
6AG00009139,Toshiba 6Ag00009139/T-FC330UK Toner Magenta
CWC-X-006R04400,Compatible Xerox 006R04400 Black Toner Cartridge 3k pages
CWC-O-47095703,Compatible OKI Cyan Toner Cartridge 5K pages (47095703)
CWC-O-47095702,Compatible OKI Magenta Toner Cartridge 5K pages (47095702)
CWC-O-47095701,Compatible OKI Yellow Toner Cartridge 5K pages (47095701)
CWC-O-4709570MP,"Compatible OKI 4 Colour Toner Cartridge Multipack (47095704,3,2,1)"
842311,"Ricoh 842311 Black Toner Cartridge (16,500 Pages)"
842314,"Ricoh 842314 Cyan Toner Cartridge (10,500 Pages)"
842313,"Ricoh 842313 Magenta Toner Cartridge (10,500 Pages)"
842312,"Ricoh 842312 Yellow Toner Cartridge (10,500 Pages)"
84231MP,"Ricoh 4 Colour Toner Cartridge Multipack (842311,84314,842313,842312)"
CWC-R-842311,"Compatible Ricoh 842311 Black Toner Cartridge (16,500 Pages)"
CWC-R-842314,"Compatible Ricoh 842314 Cyan Toner Cartridge (10,500 Pages)"
CWC-R-842313,"Compatible Ricoh 842313 Magenta Toner Cartridge (10,500 Pages)"
CWC-R-842312,"Compatible Ricoh 842312 Yellow Toner Cartridge (10,500 Pages)"
CWC-R-84231MP,"Compatible Ricoh 4 Colour Toner Cartridge Multipack (842311,84314,842313,842312)"
MFCL3740CDW,Brother MFC-L3740CDW A4 Colour Wireless LED Multifunction Printer
6AJ00000285,Toshiba 2515 3515 4515 5015 Cyan Toner 6AJ00000172 T-FC415EC
6AJ00000296,Toshiba T-2323E Toner 6AJ00000218
6B000001346,Toshiba 332S Toner Black 6B000000452 T4030E 6B000001090
6AJ00000193,Toshiba S257 307 457 Toner 6AJ00000115 6AJ00000193 T5070E
6AJ00000216,Toshiba Toner 25K 6AJ00000088 T2450E
6A000001810,Toshiba 287 Toner Black 6A000001783 TFC34EK
6B000000851,Toshiba T408ER 408S Toner Black 6B000000851
6B000000749,Toshiba 305 Toner Black 6B000000749 TFC305PKR
6AJ00000293,Toshiba 3505 4505 5005 Toner Yellow 6AJ00000147 6AJ00000211 T-FC505EY
6AJ00000235,Toshiba 2525/3025/3525/4525/5525 Toner Cyan 6AJ00000235
6AJ00000270,Toshiba 2510 Toner Magenta 6AJ00000165
6AG00004479,Toshiba TBFC30E Waste Toner Bottle Compatible 6AG00004479
6AG00007690,Toshiba 2505 2515 3005 3015 3505 4505 5005 5015 Waste Toner Bottle 6AG00007695 TB-FC505E
6AK00000458,Toshiba Toner Black TFC556EK 6AK00000354 6AK00000425
6A000001811,Toshiba 287 Toner Magenta 6A00001533 6A000001769 TFC34EM
6LH16946200,Toshiba 5520/6520/6530 Drum ODFC55
6AJ00000284,Toshiba 2050 Toner Yellow 6AJ00000095 6AJ00000207 T-FC30EY
6B000000627,Toshiba 470 Drum 60K 6B000000627
6AK00000459,Toshiba Toner Magenta TFC556EM 6AK00000358 6AK00000426
6LJ83358000,Toshiba Drum OD2505 6LJ83358000
6B000001435,Toshiba FC339 Toner Waste Toner Bottle 30K Pages 6B000001435
6AK00000446,Toshiba 6526AC 6527AC 7527AC Toner Magenta 6AK00000446
6AJ00000271,Toshiba 2510 Toner Yellow 6AJ00000168
6AJ00000287,Toshiba 2515 3515 4515 5015 Black Toner 6AJ00000175 T-FC415EK
6B000001180,Toshiba 409P 409S OD-409W Drum 6B000001180
6AJ00000237,Toshiba 2525/3025/3525/4525/5525 Toner Magenta 6AJ00000237
6AJ00000256,Toshiba Toner 6AJ00000086 6AJ00000192 T4590
6AK00000467,Toshiba 5516 6516 7516AC Toner Black T616BK 6AK00000372
6AG00009263,Toshiba 330AC/400AC Wtb 6AG00009263
6B000000619,Toshiba 520P/525 Toner Black 6B000000619
6B000000751,Toshiba 305 Toner Magenta 6B000000751 TFC305PMR
6LJ70402000,Toshiba 2050 51 2550 51 ODFC30N Drum 6LJ70402200 6LJ70402000
6AJ00000249,Toshiba T-2822E Toner 6AJ00000221
6AK00000447,Toshiba 6526AC 6527AC 7527AC Toner Yellow 6AK00000447
6AK00000449,Toshiba Toner 6AK00000423 T5508E
6A000001812,Toshiba 287 Toner Yellow 6A000001525 6A000001770 TFC34EY
6LK41951000,Toshiba CLNR Drum Unit H370 LKR 6LK41951000
6AJ00000255,Toshiba 225/305/4530 Toner 6AJ00000055 6AJ00000255
6AK00000461,Toshiba Toner Yellow TFC556EY 6AK00000362 6AK00000427
6B000000952,Toshiba 338Cs Cp Imaging Unit Col Od-Fc338Kc-R 6B000000952
6AG00005084,Toshiba Toner Black 6AJ00000156 6AG00005084 6AJ00000187
6LL33301000,Toshiba EStudio 2528a Drum Black 6LL33301000
6B000000982,Toshiba TFC389EYR Toner Yellow 6B000000982
6AG00009256,Toshiba ESTUDIO 330AC Drum Unit Magenta 6AG00009256
6AJ00000228,Toshiba ESTUDIO 2525A/3028A/3528A Toner Black 6AJ00000228
6AJ00000301,Toshiba 2555 3055 4055 Toner Cyan 6AJ00000113 6AJ00000227
6B000000747,Toshiba 305 Toner Cyan 6B000000747 TFC305PCR
44574305,Toshiba Drum Black 01314501 44574305
6AK00000443,Toshiba 6529A/7529A/9029A Toner Black 6AK00000443
6AJ00000259,Toshiba 2500 Toner Cyan 6AJ00000119 6AJ00000195
6AJ00000257,Toshiba 2518A 3018A 4518A Toner Black T5018E 6AJ00000171
6AJ00000288,Toshiba 2515 3515 4515 5015 Magenta Toner 6AJ00000178 T-FC415EM
6AG00007695,Toshiba TBFC505E TBFC50E 2505 3005 5005 Waste Toner Bottle Compatible 6AG00007695
6B000000920,Toshiba 388CS CP Toner Cyan T-FC338EC 6B000000920
6AG00002332,Toshiba TBFC55 5520 6520 6530 6506 WTB 6AG00002332 Compat
6AK00000468,Toshiba 5516 6516 7516AC Toner Magenta T616M 6AK00000375
6AK00000128,Toshiba 555/655/755 Toner Black 6AK00000128
6LK49184300,Toshiba EPU376YN 6LK49184300
6AK00000466,Toshiba 5516 6516 7516AC Toner Cyan T616C 6AK00000369
6B000001431,Toshiba FC339 Imaging Unit Black 6B000001431
ODFC26S,Toshiba E-STUDIO 264CS Drum UNIT OD-FC26S
6B000000569,Toshiba 222CS Toner Yellow 6B000000569 TFC26SY6K
6AK00000451,Toshiba T6518E Toner Black 6AK00000378
6B000000947,Toshiba T528E Toner Cart 6B000000947
6B000001475,Toshiba 479P Toner Black 6B000001475
6AG00010171,Toshiba 330Ac 400Ac Toner Cyan T-Fc330E 6Ag00009130
6LK41951300,Toshiba 2000AC/2010AC/2510AC Drum Unit Yellow 6LK41951300
6AJ00000178,Toshiba 2515/3515/4515/5015 Toner Magenta Compatible 6AJ00000178
6AG00009253,Toshiba ESTUDIO 330AC Drum Unit Black 6AG00009253
6AJ00000247,Toshiba 2006 2506 2007 2507 Toner 6AG00005086 6AJ00000188
6AJ00000172,Toshiba 2515/3515/4515/5015 Toner Cyan Compatible 6AJ00000172
6B000000753,Toshiba 305 Toner Yellow 6B000000753 TFC305PYR
6AJ00000260,Toshiba 2500 Toner Black 6AJ00000123 6AJ00000196
6AJ00000182,Toshiba 2515/3515/4515/5015 Toner Yellow Compatible 6AJ00000182
6LH58311200,Toshiba 225 305 455 Drum 6LH58311200 OD4530
6AJ00000298,Toshiba 2555 3055 4055 Toner Black 6AJ00000114 6AJ00000224
6AJ00000209,Toshiba 3505/4505/5005 Toner Black Compatible 6AJ00000209
6AJ00000289,Toshiba 2515 3515 4515 5015 Yellow Toner 6AJ00000182 T-FC415EY
6B000000922,Toshiba T FC338EK R Toner Black 6B000000922
6AJ00000210,Toshiba 3505/4505/5005 Toner Magenta Compatible 6AJ00000210
6AK00000469,Toshiba 5516 6516 7516AC Toner Yellow T616Y 6AK00000379
6LK49015000,Toshiba Mono Drum E-studio5005 Series 6LK49015000
6AJ00000211,Toshiba 3505/4505/5005 Toner Yellow Compatible 6AJ00000211
6B000001433,Toshiba FC339 Imaging Unit CMYK 6B000001433
6AJ00000232,Toshiba ESTUDIO 2020AC/2520AC Toner Black 6AJ00000232
6AJ00000208,Toshiba 3505/4505/5005 Toner Cyan Compatible 6AJ00000208
6AG00009237,Toshiba ESTUDIO 330AC Drum Unit Cyan 6AG00009237
6B000001014,Toshiba E-STUDIO 389CS WTB TB-FC389 6B000001014
6AJ00000175,Toshiba 2515/3515/4515/5015 Toner Black Compatible 6AJ00000175
6AG00010174,Toshiba 330Ac 400Ac Toner Yellow T-Fc330Ey 6Ag00009143
6LK41951100,Toshiba 2000AC/2010AC/2510AC Drum Unit Cyan 6LK41951100
6B000001474,Toshiba Toner Black Cartridge 31K Yield 6B000001474
6B000000850,Toshiba OD478PR Drum 6B000000850
6AJ00000248,Toshiba 2802AM AF Toner T2802 6AJ00000158 6AG00006405
6AJ00000203,Toshiba 2050 Toner Cyan 6AG00004447 6AJ00000203 T-FC30EC
6AJ00000261,Toshiba 2500 Magenta 6AJ00000127 TFC200EM 6AJ00000197
6AK00000452,Toshiba Toner Black 6AK00000078 T7200E
6B000000924,Toshiba T FC338EM R Toner Magenta 6B000000924
6AK00000183,Toshiba 5540 5640 Toner Magenta 6AK00000183 TFC65EM
6AJ00000300,Toshiba 2555 3055 4055 Toner Magenta 6AJ00000112 6AJ00000226
6AJ00000290,Toshiba 3505 4505 5005 Toner Cyan 6AJ00000135 6AJ00000208
6AJ00000238,Toshiba 2525/3025/3525/4525/5525 Toner Yellow
6B000001417,Toshiba FC339EY Toner Yellow 8800 Pages 6B000001417
6AJ00000234,Toshiba ESTUDIO 2020AC/2520AC Toner Yellow 6AJ00000234
6AG00009260,Toshiba ESTUDIO 330AC Drum Unit Yellow 6AG00009260
6B000000976,Toshiba TFC389ECR Toner Cyan 6B000000976
6B000000857,Toshiba T-478SE-R Toner Cartridge 6B000000857
6LK41951200,Toshiba 2000AC/2010AC/2510AC Drum Unit Magenta 6LK41951200
6LJ70598000,Toshiba 2555 3055 3555 Drum CYMK 6LJ70598000 ODFC50
6B000000927,Toshiba T FC338EY R Toner Yellow 6B000000927
6AG00004477,Toshiba Toner Bag 6AG00004479 TBFC30E
6AJ00000262,Toshiba 2500 Toner Yellow 6AJ00000198 6AJ00000131
6AJ00000282,Toshiba Toner Black 6AG00004450 6AJ00000205 T-FC30EK
6AJ00000251,Toshiba 4508A Toner 6AJ00000151 6AJ00000190 T3008E
6B000000744,Toshiba Colour IU (40K) 305CP 305CS 6B000000744
6AJ00000299,Toshiba 2555 3055 4055 Toner Yellow 6AJ00000111 6AJ00000225
6AJ00000291,Toshiba 3505 4505 5005 Toner Black 6AJ00000139 6AJ00000209 T-FC505EK
6AJ00000233,Toshiba ESTUDIO 2020AC/2520AC Toner Magenta 6AJ00000233
6B000001426,Toshiba FC339EC Toner Cyan 8800 Pages 6B000001426
6AG00009839,Toshiba 2525/3025/3525/4525/5525 Waste Toner Bottle 6AG00009839
6B000000936,Toshiba 528P Imaging Unit Black 6B000000936
TFC389EKR,Toshiba TFC389EKR Toner Black 6B000000978
6B000000855,Toshiba 478P Toner Black T478PER 6B000000855
6AK00000444,Toshiba 6526AC 6527AC 7527AC Toner Cyan 6AK00000444
6LK40607000,Toshiba OD-FC556 5508A 6508A 7508A 8508A 6LK40607000
6AJ00000295,Toshiba 2809A Toner 6AG00007240 6AJ00000155 6AJ00000215
6AJ00000268,Toshiba 2510 Toner Cyan 6AJ00000159
6AJ00000292,Toshiba 3505 4505 5005 Toner Magenta 6AJ00000143 6AJ00000210 T-FC505EM
6AJ00000231,Toshiba ESTUDIO 2020AC/2520AC Toner Cyan 6AJ00000231
6B000000945,Toshiba TB-FC338 Toner Bottle 6B000000945
6AJ00000236,Toshiba 2525/3025/3525/4525/5525 Toner Black 6AJ00000236
6AJ00000283,Toshiba 2050 Toner Magenta 6AJ00000097 6AJ00000206 T-FC30EM
6AK00000457,Toshiba Toner Cyan TFC556EC 6AK00000350 6AK00000424
6B000001422,Toshiba FC339EM Toner Magenta 8800 Pages 6B000001422
6AK00000445,Toshiba 6526AC 6527AC 7527AC Toner Black 6AK00000445
6B000000745,Toshiba 385P/385S Toner Black Remanufactured 6B000000745
6AJ00000269,Toshiba 2510 Toner Black 6AJ00000162
6B000001169,Toshiba E-Studio 409P/409S Toner Black 6B000001169
6B000000980,Toshiba TFC389EMR Toner Magenta 6B000000980
BK-NA-W168EU,Wireless 3 in 1 Charging Station
CWC-E-34XLMP,Compatible Epson 34XL Ink Cartridge 4 Colour Pack
4412C001,Canon Gi-56 Pgbk Black Ink Gx-6050 G7050
4430C001,Canon Gi-56 C Cyan Ink Bottle Gx-6050 G7050
4431C001,Canon Gi-56 M Magenta Ink Gx-6050 G7050
4432C001,Canon Gi-56 Y Yellow Ink Gx-6050 G7050
CWC-C-GI56BK,Compatible Canon Gi-56 Pgbk Black Ink Gx-6050 G7050
CWC-C-GI56C,Compatible Canon Gi-56 C Cyan Ink Bottle Gx-6050 G7050
CWC-C-GI56M,Compatible Canon Gi-56 M Magenta Ink Gx-6050 G7050
CWC-C-GI56Y,Compatible Canon Gi-56 Y Yellow Ink Gx-6050 G7050
CWC-C-GI56MP,Compatible Canon Gi-56 4 Ink Bottle Multipack Gx-6050 G7050
DR3600,Original Brother DR-3600 Drum Unit
TN3610XL,Brother TN-3610XL Ultra High-Capacity Toner Cartridge - 25K Pages
CWC-H-W1490A,Compatible HP 149A Black Toner Cartridge (W1490A)
CWC-E-XP2200BUNDLE,Epson Expression Home XP-2200 Printer & 3 Sets Compatible Epson 604XL 4 Colour Multipack Ink Cartridges
C11CJ67427,Epson EcoTank ET-2862 Colour Multifunction Wi-Fi Ink Tank Printer
008R08101,Xerox 008R08101 Toner waste box
6A000001809,Toshiba 287 Toner Cyan 6A000001782 TFC34EC
56F2H00,Lexmark High Capacity Black Ink Cartridge 15k pages - 56F2H00
58D0Z00,Lexmark Drum Unit 150K pages - 58D0Z00
67862VC,ValueX Reporters NBk 200x127mm 160p Sgl
18428HA,ValueX White Tack 70g
70414SC,ValueX Record Card 152x102mmRld WT PK100
25619CP,ValX Centrefeed Roll 2 Ply 150m Blue PK6
69731AF,ValueX Flam Non-Inv Sprayduster 400ml
67869VC,ValueX Reporters Notebook 260p Single
18834HA,ValueX White Box Ball Pen Med Black PK50
85128PG,ValueX Index Mylar A-Z A4
84974PG,ValueX Ringbinder POB A4 BK
87711TC,ValueX Anti-bac Virucidal Wipes PK100
85023PG,ValueX Divider 10 Part A4 Card
84736PG,ValueX LAF A4 70mm POB Cloud
32729TT,PostIt Index Flags 25mm Sign Here 50 Tab
41829HP,ValueX Sticky Notes 76x127mm Yellow PK12
36033FE,ValueX Laminating Pouch A4 2x75mu PK100
18981HA,ValueX Ruler Clear 30cm Single
18106HA,ValueX Highlighter Chisel Assorted PK 6
15124SM,ValueX Multipurp lbls 199.6x289.1mm100Lb
18225HA,ValueX Correction Tape 5mmx8m PK1
85016PG,ValueX Divider 5 Part A4 Card
67918VC,ValueX A5 Casebound Notebook 192p Single
18995HA,ValueX 150mm Plastic Ruler Single
78404CP,ValueX Antibacterial Soap 250ML Pump Top
79822SP,ValueX Hand 500ml Sanitiser
11624RY,ValueX Clear Easy Tear Tape 24x66m PK6
29478RA,ValueX 26/6mm Staples PK5000
48791TW,Eraser MONO zero round tip Refil
15040TC,ValueX Nitrile Gloves Medium Blue PK100
69245TC,Purely Smile Centrefeed Roll 2Ply BL PK6
13024PK,Pukka Jotta Wire A5 Notebook PK3
18386HA,ValueX Scissors Black Handle 152MM
68821BC,Tipp-Ex Pocket Mouse 10m PK10
68814BC,TippEx Mini Pocket Mouse 6m PK10
84652PG,ValueX LAF 70mm PP A4 BL
84715PG,ValueX LAF A4 70mm POB RD
67876VC,ValueX A4 Twinwire Notebook 100p PK5
18379HA,ValueX Scissors Black Handle 203MM
68632BC,Bic Cristal Ballpen Med BK PK50
85299CP,Radnor Still Water 500ml PK24
18001HA,ValueX Permanent Marker Bullet BlackPK10
45520CP,TATE & LYLE SUGAR WHITE 1KG
67932VC,ValueX A4 Notebook TW H/back 160p Single
85068CP,ValueX Airfreshener Wild Berry 300ml
77865CP,ValueX Water Cup 7oz Clear PK100
15065NT,Nescafe Gold Blend Granules 750g
15198NT,2KG Granulated Sugar Paper Bag
42820TG,ValueX Stud Wallet A4 Plus Blue Single
15138SM,ValueX Multipurp lbls 63.5x38.1mm 2100Lb
24109EA,ValueX Antibac/Virucidal Wipes PK72
18946HA,ValueX Glue Stick PVA 40G Single
85131CP,AntiBac Hndwsh Aloe 500ml Pump Top
84694PG,ValueX LAF A4 70mm POB BL
67939VC,ValueX A5 TW Hardback Book 160p Single
48777TW,Eraser MONO zero round tip 23mm
57621SX,ValueX Thermal Roll 57x40x12mm18M PK20
68625BC,Bic Cristal Ballpen Med BL PK50
67911VC,ValueX A4 Casebound Notebook 192p Single
18274HA,ValueX Hardboard Clipboard A4
15058NT,Nescafe Original Granules 750g
11687RY,ValueX Buff Tape 48mmx66m PK6
71005WH,ValueX Foldback Clip 19mm Black PK10
33419PF,ValueX Punch Pockets A4 38mic OP PK100
33426PF,ValueX Punch Pockets MdWt A4 Clr PK100
15117SM,ValueX Multipurp lbls 199.6x143.5mm200Lb
18519HA,ValueX A4 Plus Popper Wallets PK5
67890VC,ValueX A4 Refill Pad Headbound 160p Sgl
84729PG,ValueX LAF FS 70mm POB Cloud
15355SM,ValueX Address Labels 89x36mm RL250
33524PF,ValueX PchPkt A4 GlassClr 50mu GN PK100
41801HP,ValueX Sticky Notes 38x51mm Yellow PK12
28659PV,Pavo Lam Pouch 2x75 Mic A4 BX100
15047TC,ValueX Nitrile Gloves Large Blue PK100
85030PG,ValueX Divider 12 Part A4 Card
84708PG,ValueX LAF A4 70mm POB BK
18547HA,ValueX Sidegrip Correction Roller
18253HA,ValueX PVC Clipboard A4 Black
15275NT,Nescafe Gold Blend 500g
42004HP,ValX PopUp Flags25mm SignHere 50 Tabs YW
17980HA,ValueX Ball Pen Med 0.7mm Black PK50
12066DF,ValueX Metal Riser Rods 115mm PK4
28788AC,Rexel Staples No56 6mm PK5000
78215CP,ValueX Hygiene Roll Blue 40m
84988PG,ValueX Ringbinder PP 2OR A4 BL
41815HP,ValueX Sticky Notes 76x76mm Yellow PK12
68961BC,BIC Cristal Fun Purple PK20
85061CP,ValX AntiBac Soap 250ml PK2 Pump Top
84743PG,ValueX Box File Foolscap Cloud
75583NR,Sharpie Fine Perm Marker BK PK12
18974HA,ValueX Ruler 30cm Shatter Resist Single
12241DF,ValueX Letter Tray Black
MAGICWHITE,Magic Whiteboard 25 Sheet Roll
85002PG,ValueX Ringbinder PP 2OR A4 BK
84666PG,ValueX LAF 70mm PP A4 BK
18323HA,ValueX Staple Extractor Black
CWC-B-TN2420XL,Compatible Brother TN-2420XL Extra High Capacity Black Toner Cartridge (TN2420)
TN249BK,Brother TN-249 Black Ultra High Yield Toner Cartridge (TN249BK)
CWC-B-TN249BK,Compatible Brother TN249 Black Toner Cartridge Ultra High Yield
CWC-B-TN249C,Compatible Brother TN249 Cyan Toner Cartridge Ultra High Yield
CWC-B-TN249M,Compatible Brother TN249 Magenta Toner Cartridge Ultra High Yield
CWC-B-TN249Y,Compatible Brother TN249 Yellow Toner Cartridge Ultra High Yield
CWC-B-TN249MP,Compatible Brother TN249 4 Colour Toner Cartridge Pack Ultra High Yield
CWC-H-CF400A,Compatible HP 201A Black LaserJet Toner Cartridge (CF400A)
HLL8260CDW,Brother HL-L8260CDW A4 Colour Laser Printer
HLL9430CDN,Brother HL-L9430CDN Professional Workgroup A4 Colour Laser Printer
CWC-B-LC427XLY,Compatible Brother LC427XLY High Capacity Yellow Ink Cartridge
CWC-B-LC427XLBK,Compatible Brother LC427XLBK High Capacity Black Ink Cartridge
CWC-B-LC427XLPACK,Compatible Brother LC427XL 4 Colour High Capacity Ink Cartridge Multipack
CWC-B-LC427XLC,Compatible Brother LC427XLC High Capacity Cyan Ink Cartridge
CWC-B-LC427BK,Compatible Brother LC427BK Black Ink Cartridge
CWC-B-LC427XM,Compatible Brother LC427XLM High Capacity Magenta Ink Cartridge
CWC-B-LC427C,Compatible Brother LC427C Cyan Ink Cartridge
CWC-B-LC427M,Compatible Brother LC427M Magenta Ink Cartridge
CWC-B-LC427Y,Compatible Brother LC427Y Yellow Ink Cartridge
CWC-B-LC427PACK,Compatible Brother LC427 4 Colour Ink Cartridge Multipack
C11CK61401,Epson Expression Home XP-5200 A4 Multifunction Inkjet Printer
CWC-X-108R01417,Compatible Xerox 108R01417 Printer Drum
CWC-X-108R01418,Compatible Xerox 108R01418 Printer Drum
CWC-X-108R01419,Compatible Xerox 108R01419 Printer Drum
CWC-X-108R01420,Compatible Xerox 108R01420 Printer Drum
CWC-X-108R014SET,Compatible Xerox 108R014 Printer Drum 4 Pack
CWC-KY-TK8345BK,Compatible Kyocera TK-8345 Black Toner Cartridge (1T02L70NL0)
CWC-KY-TK8345C,Compatible Kyocera TK-8345 Cyan Toner Cartridge (1T02L7CNL0)
CWC-KY-TK8345M,Compatible Kyocera TK-8345 Magenta Toner Cartridge (1T02L7BNL1)
CWC-KY-TK8345Y,Compatible Kyocera TK-8345 Yellow Toner Cartridge (1T02L7ANL1)
DR248CL,Brother DR248CL 4 Colour Drum Unit Multipack
CWC-B-DR248CL,Compatible Brother DR248CL 4 Colour Drum Unit Multipack
CWC-B-DR248BK,Compatible Brother DR248 Black Drum Unit
CWC-B-DR248C,Compatible Brother DR248 Cyan Drum Unit
CWC-B-DR248M,Compatible Brother DR248CL Magenta Drum Unit
CWC-B-DR248Y,Compatible Brother DR248CL Yellow Drum Unit
CWC-E-111,Compatible Epson 111 Black Ink Bottle 140ml (C13T03M140)
W2012XMP,"Genuine HP LaserJet 659X 4 ColourToner Cartridge Multipack (W2010X,W2011X,W2013X,W2012X)"
CWC-H-W2010X,Compatible HP LaserJet 659X Black Toner Cartridge (W2010X)
CWC-H-W2011X,Compatible HP LaserJet 659X Cyan Toner Cartridge (W2011X)
CWC-H-W2013X,Compatible HP LaserJet 659X Magenta Toner Cartridge (W2013X)
CWC-H-W2012X,Compatible HP LaserJet 659X Yellow Toner Cartridge (W2012X)
CWC-H-W2012XMP,"Compatible HP LaserJet 659X 4 ColourToner Cartridge Multipack (W2010X,W2011X,W2013X,W2012X)"
CWC-H-W2010A,Compatible HP LaserJet 659A Black Toner Cartridge (W2010A)
CWC-H-W2011A,Compatible HP LaserJet 659A Cyan Toner Cartridge (W2011A)
CWC-H-W2013A,Compatible HP LaserJet 659A Magenta Toner Cartridge (W2013A)
CWC-H-W2012A,Compatible HP LaserJet 659A Yellow Toner Cartridge (W2012A)
CWC-H-W2012AMP,"Compatible HP LaserJet 659A 4 ColourToner Cartridge Multipack (W2010A,W2011A,W2013A,W2012A)"
C11CJ20401,Epson EcoTank ET-8500 A4 Colour Multifunction Inkjet Printer
CWC-B-LC1280XLC,Compatible Brother LC-1280XLC Cyan Inkjet Cartridge Extra High Capacity
CWC-X-006R04378,Compatible Xerox Black Extra High Capacity Toner Cartridge 20k pages (006R04378)
842255,Ricoh 842255 Black Toner Cartridge (31K pages)
CWC-R-842255,Compatible Ricoh 842255 Black Toner Cartridge (31K pages)
9182B010,"Canon PGI-1500XL C/M/Y/BK Original Black,Cyan,Magenta,Yellow Multipack"
CWC-B-TN2510XLTP,Compatible Brother TN2510XL High Yield Black Toner Cartridge Twin Pack
CWC-B-TN2320XL,Compatible Brother TN-2320XL Black Toner Cartridge Extra High Capacity
CWC-H-924EC,Compatible HP 924E Ink Cartridge Cyan (4K0U7NE)
CWC-H-924EM,Compatible HP 924E Ink Cartridge Magenta (4K0U8NE)
CWC-H-924EY,Compatible HP 924E Ink Cartridge Yellow (4K0U9NE)
CWC-H-924EBK,Compatible HP 924E Ink Cartridge Black (4K0V0NE)
CWC-H-924EMP,Compatible HP 924E 4 Colour Ink Cartridge Multipack
4S6W6NE,HP 4S6W6NE No 937e Cyan Ink 1.65K
4S6W7NE,HP 937e EvoMore Magenta Ink Cartridge (4S6W7NE)
4S6W8NE,HP 937e EvoMore Yellow Ink Cartridge (4S6W8NE)
4S6W9NE,HP 937e EvoMore Black Ink Cartridge (4S6W9NE)
CWC-H-937EC,Compatible HP 937e Cyan Ink Cartridge (4S6W6NE)
CWC-H-937EM,Compatible HP 937e Magenta Ink Cartridge (4S6W7NE)
CWC-H-937EY,Compatible HP 937e Yellow Ink Cartridge (4S6W8NE)
CWC-H-937EBK,Compatible HP 937e Black Ink Cartridge (4S6W9NE)
CWC-H-937EMP,"Compatible HP 937E 4 Colour Ink Cartridge Multipack (4S6W9NE,4S6W6NE,4S6W7NE,4S6W8NE)"
BP-GT70CA,"Sharp BP-GT70CA Cyan Toner (24,000 pages)"
CWC-C-047BK,Compatible Canon 047BK Black Toner Cartridge ( 2164C002)
5227B001,"Canon CL-541 Colour Original Cyan,Magenta,Yellow (5227B001)"
5226B001,"Canon CL-541 XL Original Cyan, Magenta, Yellow Tri-Colour Ink Cartridge (5226B001)"
0386C008,Canon CLI571 Black Cyan Magenta Yellow Standard Capacity Ink Cartridge 4 x 7ml Multipack - 0386C008
5225B001,Canon PG-540 Original Black (5225B001)
8287B008,Canon PG-545/CL-546 Multipack Original BKCMY (8287B008)
3713C001,Canon PG560 Black Standard Capacity Ink Cartridge 8ml - 3713C001
3713C008,Canon Pg-560/Cl-561 Multi Pack (3713C008)
3712C008,Canon PG-560XL / CL-561XL Value Pack (3712C008)
5224B012,Canon PG-540L/CL541XL Printhead Cartridge multi pack (5224B012)
5224B015,Canon PG-540L/CL-541XL High Capacity 3 Ink Cartridge Multipack (5224B015)
40X9136,Lexmark 40X9136 Maintenance Kit 220v
CWC-X-VCL7000MP,Compatible Xerox 4 Colour Standard Capacity Toner Cartridge Multipack VCL7000
DCPT580DWZU1,Brother DCP-T580DW 3-in-1 A4 Ink Tank Printer
DCPT780DWZU1,Brother DCP-T780DW 3-in-1 A4 Ink Tank Printer
HLL1240WZU1,Brother HL-L1240W Compact A4 Mono Laser Printer